
--- batch start 2026-05-18T22:56:29.647Z ---
Batch: info + guide | pipeline: reader-generate (plan→execute) | 导读 role=info_edition_v1 | 引导 role=role_356f0ffb | 导读描述规则 0 字 | books EXO…EXO | skip existing | local only
[gen] 出埃及记 1章 · 讲解版 …
[ok] 出埃及记 1章 · 讲解版 (17s, 1981字)
[gen] 出埃及记 1章 · 发现版 …
[ok] 出埃及记 1章 · 发现版 (15s, 1942字)
[gen] 出埃及记 2章 · 讲解版 …
[check-fail] 出埃及记 2章 · 讲解版: 缺少模块标题「今日默想」。; 缺少模块标题「经文回应」。
[ok] 出埃及记 2章 · 讲解版 (18s, 2107字)
[gen] 出埃及记 2章 · 发现版 …
[ok] 出埃及记 2章 · 发现版 (15s, 2067字)
[gen] 出埃及记 3章 · 讲解版 …
[ok] 出埃及记 3章 · 讲解版 (15s, 1886字)
[gen] 出埃及记 3章 · 发现版 …
[check-fail] 出埃及记 3章 · 发现版: 缺少模块「一句话总结」。
[ok] 出埃及记 3章 · 发现版 (15s, 2159字)
[gen] 出埃及记 4章 · 讲解版 …
[check-fail] 出埃及记 4章 · 讲解版: 缺少模块标题「今日默想」。; 缺少模块标题「经文回应」。
[ok] 出埃及记 4章 · 讲解版 (16s, 2042字)
[gen] 出埃及记 4章 · 发现版 …
[ok] 出埃及记 4章 · 发现版 (12s, 1631字)
[gen] 出埃及记 5章 · 讲解版 …
[ok] 出埃及记 5章 · 讲解版 (17s, 1933字)
[gen] 出埃及记 5章 · 发现版 …
[ok] 出埃及记 5章 · 发现版 (15s, 2014字)
[gen] 出埃及记 6章 · 讲解版 …
[check-fail] 出埃及记 6章 · 讲解版: 缺少模块标题「经文回应」。
[ok] 出埃及记 6章 · 讲解版 (17s, 2163字)
[gen] 出埃及记 6章 · 发现版 …
[ok] 出埃及记 6章 · 发现版 (13s, 1783字)
[gen] 出埃及记 7章 · 讲解版 …
[ok] 出埃及记 7章 · 讲解版 (13s, 1801字)
[gen] 出埃及记 7章 · 发现版 …
[check-fail] 出埃及记 7章 · 发现版: 缺少模块「一句话总结」。
[ok] 出埃及记 7章 · 发现版 (17s, 2128字)
[gen] 出埃及记 8章 · 讲解版 …
[ok] 出埃及记 8章 · 讲解版 (19s, 2051字)
[gen] 出埃及记 8章 · 发现版 …
[ok] 出埃及记 8章 · 发现版 (17s, 2098字)
[gen] 出埃及记 9章 · 讲解版 …
[ok] 出埃及记 9章 · 讲解版 (15s, 1746字)
[gen] 出埃及记 9章 · 发现版 …
[check-fail] 出埃及记 9章 · 发现版: 缺少模块「一句话总结」。
[ok] 出埃及记 9章 · 发现版 (17s, 2064字)
[gen] 出埃及记 10章 · 讲解版 …
[check-fail] 出埃及记 10章 · 讲解版: 缺少模块标题「经文回应」。
[ok] 出埃及记 10章 · 讲解版 (18s, 2188字)
[gen] 出埃及记 10章 · 发现版 …
[ok] 出埃及记 10章 · 发现版 (15s, 2083字)
[gen] 出埃及记 11章 · 讲解版 …
[ok] 出埃及记 11章 · 讲解版 (16s, 1925字)
[gen] 出埃及记 11章 · 发现版 …
[ok] 出埃及记 11章 · 发现版 (15s, 1964字)
[gen] 出埃及记 12章 · 讲解版 …
[ok] 出埃及记 12章 · 讲解版 (16s, 1906字)
[gen] 出埃及记 12章 · 发现版 …
[ok] 出埃及记 12章 · 发现版 (18s, 2098字)
[gen] 出埃及记 13章 · 讲解版 …
[ok] 出埃及记 13章 · 讲解版 (14s, 1629字)
[gen] 出埃及记 13章 · 发现版 …
[ok] 出埃及记 13章 · 发现版 (13s, 1743字)
[gen] 出埃及记 14章 · 讲解版 …
[check-fail] 出埃及记 14章 · 讲解版: 缺少模块标题「今日默想」。; 缺少模块标题「经文回应」。
[ok] 出埃及记 14章 · 讲解版 (17s, 2133字)
[gen] 出埃及记 14章 · 发现版 …
[ok] 出埃及记 14章 · 发现版 (13s, 1969字)
[gen] 出埃及记 15章 · 讲解版 …
[ok] 出埃及记 15章 · 讲解版 (16s, 1828字)
[gen] 出埃及记 15章 · 发现版 …
[check-fail] 出埃及记 15章 · 发现版: 缺少模块「一句话总结」。
[ok] 出埃及记 15章 · 发现版 (16s, 2155字)
[gen] 出埃及记 16章 · 讲解版 …
[check-fail] 出埃及记 16章 · 讲解版: 缺少模块标题「经文回应」。
[ok] 出埃及记 16章 · 讲解版 (19s, 2127字)
[gen] 出埃及记 16章 · 发现版 …
[check-fail] 出埃及记 16章 · 发现版: 缺少模块「经文祷告」。; 缺少模块「一句话总结」。
[ok] 出埃及记 16章 · 发现版 (16s, 2183字)
[gen] 出埃及记 17章 · 讲解版 …
[check-fail] 出埃及记 17章 · 讲解版: 缺少模块标题「经文回应」。
[ok] 出埃及记 17章 · 讲解版 (17s, 2034字)
[gen] 出埃及记 17章 · 发现版 …
[check-fail] 出埃及记 17章 · 发现版: 缺少模块「一句话总结」。
[ok] 出埃及记 17章 · 发现版 (14s, 2110字)
[gen] 出埃及记 18章 · 讲解版 …
[ok] 出埃及记 18章 · 讲解版 (16s, 1932字)
[gen] 出埃及记 18章 · 发现版 …
[ok] 出埃及记 18章 · 发现版 (14s, 2139字)
[gen] 出埃及记 19章 · 讲解版 …
[ok] 出埃及记 19章 · 讲解版 (15s, 1928字)
[gen] 出埃及记 19章 · 发现版 …
[check-fail] 出埃及记 19章 · 发现版: 缺少模块「一句话总结」。
[ok] 出埃及记 19章 · 发现版 (16s, 2169字)
[gen] 出埃及记 20章 · 讲解版 …
[ok] 出埃及记 20章 · 讲解版 (17s, 2149字)
[gen] 出埃及记 20章 · 发现版 …
[ok] 出埃及记 20章 · 发现版 (15s, 2005字)
[gen] 出埃及记 21章 · 讲解版 …
[check-fail] 出埃及记 21章 · 讲解版: 缺少模块标题「经文回应」。
[ok] 出埃及记 21章 · 讲解版 (19s, 2179字)
[gen] 出埃及记 21章 · 发现版 …
[ok] 出埃及记 21章 · 发现版 (15s, 2179字)
[gen] 出埃及记 22章 · 讲解版 …
[ok] 出埃及记 22章 · 讲解版 (15s, 1871字)
[gen] 出埃及记 22章 · 发现版 …
[ok] 出埃及记 22章 · 发现版 (15s, 2180字)
[gen] 出埃及记 23章 · 讲解版 …
[check-fail] 出埃及记 23章 · 讲解版: 缺少模块标题「经文回应」。
[ok] 出埃及记 23章 · 讲解版 (17s, 2147字)
[gen] 出埃及记 23章 · 发现版 …
[check-fail] 出埃及记 23章 · 发现版: 缺少模块「经文祷告」。; 缺少模块「一句话总结」。
[ok] 出埃及记 23章 · 发现版 (15s, 2106字)
[gen] 出埃及记 24章 · 讲解版 …
[ok] 出埃及记 24章 · 讲解版 (14s, 1901字)
[gen] 出埃及记 24章 · 发现版 …
[ok] 出埃及记 24章 · 发现版 (15s, 1931字)
[gen] 出埃及记 25章 · 讲解版 …
[ok] 出埃及记 25章 · 讲解版 (14s, 1939字)
[gen] 出埃及记 25章 · 发现版 …
[check-fail] 出埃及记 25章 · 发现版: 缺少模块「一句话总结」。
[ok] 出埃及记 25章 · 发现版 (16s, 2150字)
[gen] 出埃及记 26章 · 讲解版 …
[ok] 出埃及记 26章 · 讲解版 (14s, 1800字)
[gen] 出埃及记 26章 · 发现版 …
[ok] 出埃及记 26章 · 发现版 (15s, 2045字)
[gen] 出埃及记 27章 · 讲解版 …
[ok] 出埃及记 27章 · 讲解版 (16s, 2034字)
[gen] 出埃及记 27章 · 发现版 …
[ok] 出埃及记 27章 · 发现版 (13s, 1751字)
[gen] 出埃及记 28章 · 讲解版 …
[check-fail] 出埃及记 28章 · 讲解版: 缺少模块标题「经文回应」。
[ok] 出埃及记 28章 · 讲解版 (16s, 2156字)
[gen] 出埃及记 28章 · 发现版 …
[check-fail] 出埃及记 28章 · 发现版: 缺少模块「一句话总结」。
[ok] 出埃及记 28章 · 发现版 (16s, 2130字)
[gen] 出埃及记 29章 · 讲解版 …
[ok] 出埃及记 29章 · 讲解版 (16s, 2195字)
[gen] 出埃及记 29章 · 发现版 …
[check-fail] 出埃及记 29章 · 发现版: 缺少模块「经文祷告」。; 缺少模块「一句话总结」。
[ok] 出埃及记 29章 · 发现版 (15s, 2098字)
[gen] 出埃及记 30章 · 讲解版 …
[check-fail] 出埃及记 30章 · 讲解版: 缺少模块标题「今日默想」。; 缺少模块标题「经文回应」。
[ok] 出埃及记 30章 · 讲解版 (17s, 2025字)
[gen] 出埃及记 30章 · 发现版 …
[check-fail] 出埃及记 30章 · 发现版: 缺少模块「经文祷告」。; 缺少模块「一句话总结」。
[ok] 出埃及记 30章 · 发现版 (14s, 2115字)
[gen] 出埃及记 31章 · 讲解版 …
[ok] 出埃及记 31章 · 讲解版 (15s, 1995字)
[gen] 出埃及记 31章 · 发现版 …
[ok] 出埃及记 31章 · 发现版 (14s, 1957字)
[gen] 出埃及记 32章 · 讲解版 …
[check-fail] 出埃及记 32章 · 讲解版: 缺少模块标题「经文回应」。
[ok] 出埃及记 32章 · 讲解版 (17s, 2151字)
[gen] 出埃及记 32章 · 发现版 …
[check-fail] 出埃及记 32章 · 发现版: 缺少模块「一句话总结」。
[ok] 出埃及记 32章 · 发现版 (14s, 2135字)
[gen] 出埃及记 33章 · 讲解版 …
[ok] 出埃及记 33章 · 讲解版 (15s, 2069字)
[gen] 出埃及记 33章 · 发现版 …
[check-fail] 出埃及记 33章 · 发现版: 缺少模块「经文祷告」。; 缺少模块「一句话总结」。
[ok] 出埃及记 33章 · 发现版 (15s, 2140字)
[gen] 出埃及记 34章 · 讲解版 …
[ok] 出埃及记 34章 · 讲解版 (15s, 1877字)
[gen] 出埃及记 34章 · 发现版 …
[ok] 出埃及记 34章 · 发现版 (13s, 1988字)
[gen] 出埃及记 35章 · 讲解版 …
[ok] 出埃及记 35章 · 讲解版 (15s, 1975字)
[gen] 出埃及记 35章 · 发现版 …
[check-fail] 出埃及记 35章 · 发现版: 缺少模块「经文祷告」。; 缺少模块「一句话总结」。
[ok] 出埃及记 35章 · 发现版 (17s, 2217字)
[gen] 出埃及记 36章 · 讲解版 …
[ok] 出埃及记 36章 · 讲解版 (17s, 2008字)
[gen] 出埃及记 36章 · 发现版 …
[ok] 出埃及记 36章 · 发现版 (14s, 1994字)
[gen] 出埃及记 37章 · 讲解版 …
[ok] 出埃及记 37章 · 讲解版 (16s, 1983字)
[gen] 出埃及记 37章 · 发现版 …
[ok] 出埃及记 37章 · 发现版 (16s, 2133字)
[gen] 出埃及记 38章 · 讲解版 …
[ok] 出埃及记 38章 · 讲解版 (17s, 2019字)
[gen] 出埃及记 38章 · 发现版 …
[ok] 出埃及记 38章 · 发现版 (15s, 2164字)
[gen] 出埃及记 39章 · 讲解版 …
[ok] 出埃及记 39章 · 讲解版 (15s, 1901字)
[gen] 出埃及记 39章 · 发现版 …
[ok] 出埃及记 39章 · 发现版 (14s, 2004字)
[gen] 出埃及记 40章 · 讲解版 …
[ok] 出埃及记 40章 · 讲解版 (13s, 1675字)
[gen] 出埃及记 40章 · 发现版 …
[ok] 出埃及记 40章 · 发现版 (14s, 1948字)

Done. ok=173 skipped=4 failed=0 (8%)
Tip: push all to Render: INFO_EDITION_REMOTE_SCP_TARGET='…' npm run info-edition:push-remote

--- batch start 2026-05-19T04:06:31.401Z ---
Batch: info + guide | pipeline: reader-generate (plan→execute) | 导读 role=info_edition_v1 | 引导 role=role_356f0ffb | 导读描述规则 0 字 | books LEV…LEV | skip existing | local only
[gen] 利未记 1章 · 讲解版 …
[ok] 利未记 1章 · 讲解版 (22s, 1588字)
[gen] 利未记 1章 · 发现版 …
[ok] 利未记 1章 · 发现版 (26s, 1874字)
[gen] 利未记 2章 · 讲解版 …
[ok] 利未记 2章 · 讲解版 (30s, 2077字)
[gen] 利未记 2章 · 发现版 …
[check-fail] 利未记 2章 · 发现版: 缺少模块「一句话总结」。
[ok] 利未记 2章 · 发现版 (26s, 2028字)
[gen] 利未记 3章 · 讲解版 …
[ok] 利未记 3章 · 讲解版 (28s, 1973字)
[gen] 利未记 3章 · 发现版 …
[ok] 利未记 3章 · 发现版 (27s, 2098字)
[gen] 利未记 4章 · 讲解版 …
[check-fail] 利未记 4章 · 讲解版: 缺少模块标题「今日默想」。; 缺少模块标题「经文回应」。
[ok] 利未记 4章 · 讲解版 (30s, 2137字)
[gen] 利未记 4章 · 发现版 …
[ok] 利未记 4章 · 发现版 (27s, 2075字)
[gen] 利未记 5章 · 讲解版 …
[ok] 利未记 5章 · 讲解版 (24s, 1894字)
[gen] 利未记 5章 · 发现版 …
[ok] 利未记 5章 · 发现版 (26s, 2140字)
[gen] 利未记 6章 · 讲解版 …
[ok] 利未记 6章 · 讲解版 (27s, 1965字)
[gen] 利未记 6章 · 发现版 …
[ok] 利未记 6章 · 发现版 (27s, 2141字)
[gen] 利未记 7章 · 讲解版 …
[ok] 利未记 7章 · 讲解版 (28s, 2120字)
[gen] 利未记 7章 · 发现版 …
[ok] 利未记 7章 · 发现版 (26s, 2018字)
[gen] 利未记 8章 · 讲解版 …
[ok] 利未记 8章 · 讲解版 (25s, 1864字)
[gen] 利未记 8章 · 发现版 …
[ok] 利未记 8章 · 发现版 (26s, 2121字)
[gen] 利未记 9章 · 讲解版 …
[ok] 利未记 9章 · 讲解版 (23s, 1892字)
[gen] 利未记 9章 · 发现版 …
[ok] 利未记 9章 · 发现版 (24s, 2084字)
[gen] 利未记 10章 · 讲解版 …
[check-fail] 利未记 10章 · 讲解版: 缺少模块标题「今日默想」。; 缺少模块标题「经文回应」。
[ok] 利未记 10章 · 讲解版 (26s, 2109字)
[gen] 利未记 10章 · 发现版 …
[check-fail] 利未记 10章 · 发现版: 缺少模块「一句话总结」。
[ok] 利未记 10章 · 发现版 (22s, 2085字)
[gen] 利未记 11章 · 讲解版 …
[ok] 利未记 11章 · 讲解版 (22s, 1944字)
[gen] 利未记 11章 · 发现版 …
[ok] 利未记 11章 · 发现版 (23s, 2135字)
[gen] 利未记 12章 · 讲解版 …
[ok] 利未记 12章 · 讲解版 (27s, 2115字)
[gen] 利未记 12章 · 发现版 …
[ok] 利未记 12章 · 发现版 (22s, 1789字)
[gen] 利未记 13章 · 讲解版 …
[ok] 利未记 13章 · 讲解版 (27s, 2165字)
[gen] 利未记 13章 · 发现版 …
[check-fail] 利未记 13章 · 发现版: 缺少模块「一句话总结」。
[ok] 利未记 13章 · 发现版 (25s, 2161字)
[gen] 利未记 14章 · 讲解版 …
[check-fail] 利未记 14章 · 讲解版: 缺少模块标题「经文回应」。
[ok] 利未记 14章 · 讲解版 (25s, 2169字)
[gen] 利未记 14章 · 发现版 …
[check-fail] 利未记 14章 · 发现版: 缺少模块「一句话总结」。
[ok] 利未记 14章 · 发现版 (25s, 2142字)
[gen] 利未记 15章 · 讲解版 …
[check-fail] 利未记 15章 · 讲解版: 缺少模块标题「今日默想」。; 缺少模块标题「经文回应」。
[ok] 利未记 15章 · 讲解版 (26s, 2187字)
[gen] 利未记 15章 · 发现版 …
[check-fail] 利未记 15章 · 发现版: 缺少模块「一句话总结」。
[ok] 利未记 15章 · 发现版 (23s, 2276字)
[gen] 利未记 16章 · 讲解版 …
[ok] 利未记 16章 · 讲解版 (19s, 1629字)
[gen] 利未记 16章 · 发现版 …
[check-fail] 利未记 16章 · 发现版: 缺少模块「一句话总结」。
[ok] 利未记 16章 · 发现版 (24s, 2112字)
[gen] 利未记 17章 · 讲解版 …
[check-fail] 利未记 17章 · 讲解版: 缺少模块标题「经文回应」。
[ok] 利未记 17章 · 讲解版 (26s, 2109字)
[gen] 利未记 17章 · 发现版 …
[ok] 利未记 17章 · 发现版 (21s, 2000字)
[gen] 利未记 18章 · 讲解版 …
[check-fail] 利未记 18章 · 讲解版: 缺少模块标题「经文回应」。
[ok] 利未记 18章 · 讲解版 (26s, 2200字)
[gen] 利未记 18章 · 发现版 …
[ok] 利未记 18章 · 发现版 (21s, 2002字)
[gen] 利未记 19章 · 讲解版 …
[ok] 利未记 19章 · 讲解版 (18s, 1694字)
[gen] 利未记 19章 · 发现版 …
[check-fail] 利未记 19章 · 发现版: 缺少模块「一句话总结」。
[ok] 利未记 19章 · 发现版 (21s, 2165字)
[gen] 利未记 20章 · 讲解版 …
[ok] 利未记 20章 · 讲解版 (23s, 2093字)
[gen] 利未记 20章 · 发现版 …
[check-fail] 利未记 20章 · 发现版: 缺少模块「一句话总结」。
[ok] 利未记 20章 · 发现版 (22s, 2175字)
[gen] 利未记 21章 · 讲解版 …
[ok] 利未记 21章 · 讲解版 (19s, 1678字)
[gen] 利未记 21章 · 发现版 …
[check-fail] 利未记 21章 · 发现版: 缺少模块「一句话总结」。
[ok] 利未记 21章 · 发现版 (23s, 2184字)
[gen] 利未记 22章 · 讲解版 …
[check-fail] 利未记 22章 · 讲解版: 缺少模块标题「经文回应」。
[ok] 利未记 22章 · 讲解版 (25s, 2112字)
[gen] 利未记 22章 · 发现版 …
[check-fail] 利未记 22章 · 发现版: 缺少模块「一句话总结」。
[ok] 利未记 22章 · 发现版 (20s, 2120字)
[gen] 利未记 23章 · 讲解版 …
[check-fail] 利未记 23章 · 讲解版: 缺少模块标题「经文回应」。
[ok] 利未记 23章 · 讲解版 (24s, 2120字)
[gen] 利未记 23章 · 发现版 …
[check-fail] 利未记 23章 · 发现版: 缺少模块「经文祷告」。; 缺少模块「一句话总结」。
[ok] 利未记 23章 · 发现版 (22s, 2155字)
[gen] 利未记 24章 · 讲解版 …
[check-fail] 利未记 24章 · 讲解版: 缺少模块标题「经文回应」。
[ok] 利未记 24章 · 讲解版 (24s, 2118字)
[gen] 利未记 24章 · 发现版 …
[ok] 利未记 24章 · 发现版 (21s, 1985字)
[gen] 利未记 25章 · 讲解版 …
[check-fail] 利未记 25章 · 讲解版: 缺少模块标题「经文回应」。
[ok] 利未记 25章 · 讲解版 (23s, 2124字)
[gen] 利未记 25章 · 发现版 …
[check-fail] 利未记 25章 · 发现版: 缺少模块「经文祷告」。; 缺少模块「一句话总结」。
[ok] 利未记 25章 · 发现版 (24s, 2144字)
[gen] 利未记 26章 · 讲解版 …
[check-fail] 利未记 26章 · 讲解版: 缺少模块标题「经文回应」。
[ok] 利未记 26章 · 讲解版 (23s, 2087字)
[gen] 利未记 26章 · 发现版 …
[check-fail] 利未记 26章 · 发现版: 缺少模块「一句话总结」。
[ok] 利未记 26章 · 发现版 (21s, 2111字)
[gen] 利未记 27章 · 讲解版 …
[ok] 利未记 27章 · 讲解版 (22s, 1993字)
[gen] 利未记 27章 · 发现版 …
[ok] 利未记 27章 · 发现版 (21s, 2082字)

Done. ok=227 skipped=4 failed=0 (10%)
Tip: push all to Render: INFO_EDITION_REMOTE_SCP_TARGET='…' npm run info-edition:push-remote

--- batch start 2026-05-19T05:58:35.868Z ---
Batch: info + guide | pipeline: reader-generate (plan→execute) | 导读 role=info_edition_v1 | 引导 role=role_356f0ffb | 导读描述规则 0 字 | books NUM…NUM | skip existing | local only
[gen] 民数记 1章 · 讲解版 …
[ok] 民数记 1章 · 讲解版 (32s, 1980字)
[gen] 民数记 1章 · 发现版 …
[ok] 民数记 1章 · 发现版 (23s, 1784字)
[gen] 民数记 2章 · 讲解版 …
[ok] 民数记 2章 · 讲解版 (26s, 1860字)
[gen] 民数记 2章 · 发现版 …
[ok] 民数记 2章 · 发现版 (26s, 1985字)
[gen] 民数记 3章 · 讲解版 …
[ok] 民数记 3章 · 讲解版 (34s, 2134字)
[gen] 民数记 3章 · 发现版 …
[check-fail] 民数记 3章 · 发现版: 缺少模块「经文祷告」。; 缺少模块「一句话总结」。
[ok] 民数记 3章 · 发现版 (29s, 2172字)
[gen] 民数记 4章 · 讲解版 …
[check-fail] 民数记 4章 · 讲解版: 缺少模块标题「经文回应」。
[ok] 民数记 4章 · 讲解版 (31s, 2036字)
[gen] 民数记 4章 · 发现版 …
[ok] 民数记 4章 · 发现版 (25s, 1802字)
[gen] 民数记 5章 · 讲解版 …
[ok] 民数记 5章 · 讲解版 (29s, 1992字)
[gen] 民数记 5章 · 发现版 …
[ok] 民数记 5章 · 发现版 (27s, 2033字)
[gen] 民数记 6章 · 讲解版 …
[check-fail] 民数记 6章 · 讲解版: 缺少模块标题「经文回应」。
[ok] 民数记 6章 · 讲解版 (30s, 2182字)
[gen] 民数记 6章 · 发现版 …
[check-fail] 民数记 6章 · 发现版: 缺少模块「一句话总结」。
[ok] 民数记 6章 · 发现版 (211s, 2108字)
[gen] 民数记 7章 · 讲解版 …
TypeError: terminated
    at Fetch.onAborted (node:internal/deps/undici/undici:13602:53)
    at Fetch.emit (node:events:509:20)
    at Fetch.terminate (node:internal/deps/undici/undici:12732:14)
    at Object.onError (node:internal/deps/undici/undici:13728:38)
    at Request.onError (node:internal/deps/undici/undici:3073:31)
    at Object.errorRequest (node:internal/deps/undici/undici:1932:17)
    at TLSSocket.onHttpSocketClose (node:internal/deps/undici/undici:7726:14)
    at TLSSocket.emit (node:events:521:24)
    at node:net:350:12
    at TCP.done (node:internal/tls/wrap:673:7) {
  [cause]: Error: read ECONNRESET
      at TLSWrap.onStreamRead (node:internal/stream_base_commons:216:20) {
    errno: -54,
    code: 'ECONNRESET',
    syscall: 'read'
  }
}

--- batch start 2026-05-19T12:06:01.936Z ---
Batch: info + guide | pipeline: reader-generate (plan→execute) | 导读 role=info_edition_v1 | 引导 role=role_356f0ffb | 导读描述规则 0 字 | books NUM…NUM | skip existing | local only
[gen] 民数记 7章 · 讲解版 …
[ok] 民数记 7章 · 讲解版 (18s, 1499字)
[gen] 民数记 7章 · 发现版 …
[check-fail] 民数记 7章 · 发现版: 缺少模块「一句话总结」。
[ok] 民数记 7章 · 发现版 (22s, 2155字)
[gen] 民数记 8章 · 讲解版 …
[ok] 民数记 8章 · 讲解版 (21s, 1767字)
[gen] 民数记 8章 · 发现版 …
[ok] 民数记 8章 · 发现版 (22s, 2097字)
[gen] 民数记 9章 · 讲解版 …
[ok] 民数记 9章 · 讲解版 (19s, 1737字)
[gen] 民数记 9章 · 发现版 …
[ok] 民数记 9章 · 发现版 (19s, 1964字)
[gen] 民数记 10章 · 讲解版 …
[check-fail] 民数记 10章 · 讲解版: 缺少模块标题「经文回应」。
[ok] 民数记 10章 · 讲解版 (24s, 2156字)
[gen] 民数记 10章 · 发现版 …
[ok] 民数记 10章 · 发现版 (19s, 1846字)
[gen] 民数记 11章 · 讲解版 …
[ok] 民数记 11章 · 讲解版 (23s, 1925字)
[gen] 民数记 11章 · 发现版 …
[check-fail] 民数记 11章 · 发现版: 缺少模块「一句话总结」。
[ok] 民数记 11章 · 发现版 (21s, 2104字)
[gen] 民数记 12章 · 讲解版 …
[check-fail] 民数记 12章 · 讲解版: 缺少模块标题「今日默想」。; 缺少模块标题「经文回应」。
[ok] 民数记 12章 · 讲解版 (24s, 2107字)
[gen] 民数记 12章 · 发现版 …
[check-fail] 民数记 12章 · 发现版: 缺少模块「经文祷告」。; 缺少模块「一句话总结」。
[ok] 民数记 12章 · 发现版 (21s, 2118字)
[gen] 民数记 13章 · 讲解版 …
[ok] 民数记 13章 · 讲解版 (24s, 2208字)
[gen] 民数记 13章 · 发现版 …
[ok] 民数记 13章 · 发现版 (20s, 2160字)
[gen] 民数记 14章 · 讲解版 …
[check-fail] 民数记 14章 · 讲解版: 缺少模块标题「今日默想」。; 缺少模块标题「经文回应」。
[ok] 民数记 14章 · 讲解版 (25s, 2125字)
[gen] 民数记 14章 · 发现版 …
[ok] 民数记 14章 · 发现版 (20s, 2015字)
[gen] 民数记 15章 · 讲解版 …
[check-fail] 民数记 15章 · 讲解版: 缺少模块标题「经文回应」。
[ok] 民数记 15章 · 讲解版 (25s, 2158字)
[gen] 民数记 15章 · 发现版 …
[check-fail] 民数记 15章 · 发现版: 缺少模块「一句话总结」。
[ok] 民数记 15章 · 发现版 (22s, 2145字)
[gen] 民数记 16章 · 讲解版 …
[ok] 民数记 16章 · 讲解版 (20s, 1948字)
[gen] 民数记 16章 · 发现版 …
[check-fail] 民数记 16章 · 发现版: 缺少模块「经文祷告」。; 缺少模块「一句话总结」。
[ok] 民数记 16章 · 发现版 (22s, 2065字)
[gen] 民数记 17章 · 讲解版 …
[check-fail] 民数记 17章 · 讲解版: 缺少模块标题「经文回应」。
[ok] 民数记 17章 · 讲解版 (25s, 2080字)
[gen] 民数记 17章 · 发现版 …
[ok] 民数记 17章 · 发现版 (17s, 1646字)
[gen] 民数记 18章 · 讲解版 …
[check-fail] 民数记 18章 · 讲解版: 缺少模块标题「经文回应」。
[ok] 民数记 18章 · 讲解版 (24s, 2123字)
[gen] 民数记 18章 · 发现版 …
[check-fail] 民数记 18章 · 发现版: 缺少模块「一句话总结」。
[ok] 民数记 18章 · 发现版 (22s, 2150字)
[gen] 民数记 19章 · 讲解版 …
[ok] 民数记 19章 · 讲解版 (23s, 2003字)
[gen] 民数记 19章 · 发现版 …
[check-fail] 民数记 19章 · 发现版: 缺少模块「一句话总结」。
[ok] 民数记 19章 · 发现版 (23s, 2196字)
[gen] 民数记 20章 · 讲解版 …
[check-fail] 民数记 20章 · 讲解版: 缺少模块标题「经文回应」。
[ok] 民数记 20章 · 讲解版 (23s, 2088字)
[gen] 民数记 20章 · 发现版 …
[ok] 民数记 20章 · 发现版 (21s, 2168字)
[gen] 民数记 21章 · 讲解版 …
[ok] 民数记 21章 · 讲解版 (27s, 2125字)
[gen] 民数记 21章 · 发现版 …
[check-fail] 民数记 21章 · 发现版: 缺少模块「经文祷告」。; 缺少模块「一句话总结」。
[ok] 民数记 21章 · 发现版 (23s, 2071字)
[gen] 民数记 22章 · 讲解版 …
[check-fail] 民数记 22章 · 讲解版: 缺少模块标题「经文回应」。
[ok] 民数记 22章 · 讲解版 (24s, 2172字)
[gen] 民数记 22章 · 发现版 …
[check-fail] 民数记 22章 · 发现版: 缺少模块「一句话总结」。
[ok] 民数记 22章 · 发现版 (22s, 2145字)
[gen] 民数记 23章 · 讲解版 …
[ok] 民数记 23章 · 讲解版 (20s, 2013字)
[gen] 民数记 23章 · 发现版 …
[ok] 民数记 23章 · 发现版 (20s, 2151字)
[gen] 民数记 24章 · 讲解版 …
[check-fail] 民数记 24章 · 讲解版: 缺少模块标题「经文回应」。
[ok] 民数记 24章 · 讲解版 (24s, 2081字)
[gen] 民数记 24章 · 发现版 …
[check-fail] 民数记 24章 · 发现版: 缺少模块「一句话总结」。
[ok] 民数记 24章 · 发现版 (20s, 2106字)
[gen] 民数记 25章 · 讲解版 …
[check-fail] 民数记 25章 · 讲解版: 缺少模块标题「经文回应」。
[ok] 民数记 25章 · 讲解版 (26s, 2107字)
[gen] 民数记 25章 · 发现版 …
[check-fail] 民数记 25章 · 发现版: 缺少模块「一句话总结」。
[ok] 民数记 25章 · 发现版 (22s, 2169字)
[gen] 民数记 26章 · 讲解版 …
[ok] 民数记 26章 · 讲解版 (21s, 1951字)
[gen] 民数记 26章 · 发现版 …
[ok] 民数记 26章 · 发现版 (20s, 1844字)
[gen] 民数记 27章 · 讲解版 …
[check-fail] 民数记 27章 · 讲解版: 缺少模块标题「经文回应」。
[ok] 民数记 27章 · 讲解版 (24s, 2122字)
[gen] 民数记 27章 · 发现版 …
[ok] 民数记 27章 · 发现版 (22s, 2138字)
[gen] 民数记 28章 · 讲解版 …
[ok] 民数记 28章 · 讲解版 (22s, 1980字)
[gen] 民数记 28章 · 发现版 …
[ok] 民数记 28章 · 发现版 (20s, 1905字)
[gen] 民数记 29章 · 讲解版 …
[ok] 民数记 29章 · 讲解版 (21s, 1823字)
[gen] 民数记 29章 · 发现版 …
[check-fail] 民数记 29章 · 发现版: 缺少模块「一句话总结」。
[ok] 民数记 29章 · 发现版 (22s, 2101字)
[gen] 民数记 30章 · 讲解版 …
[ok] 民数记 30章 · 讲解版 (24s, 2183字)
[gen] 民数记 30章 · 发现版 …
[ok] 民数记 30章 · 发现版 (18s, 1765字)
[gen] 民数记 31章 · 讲解版 …
[ok] 民数记 31章 · 讲解版 (25s, 2039字)
[gen] 民数记 31章 · 发现版 …
[ok] 民数记 31章 · 发现版 (19s, 2022字)
[gen] 民数记 32章 · 讲解版 …
[check-fail] 民数记 32章 · 讲解版: 缺少模块标题「经文回应」。
[ok] 民数记 32章 · 讲解版 (23s, 2225字)
[gen] 民数记 32章 · 发现版 …
[check-fail] 民数记 32章 · 发现版: 缺少模块「一句话总结」。
[ok] 民数记 32章 · 发现版 (23s, 2261字)
[gen] 民数记 33章 · 讲解版 …
[check-fail] 民数记 33章 · 讲解版: 缺少模块标题「经文回应」。
[ok] 民数记 33章 · 讲解版 (24s, 2110字)
[gen] 民数记 33章 · 发现版 …
[check-fail] 民数记 33章 · 发现版: 缺少模块「一句话总结」。
[ok] 民数记 33章 · 发现版 (21s, 2181字)
[gen] 民数记 34章 · 讲解版 …
[ok] 民数记 34章 · 讲解版 (22s, 1845字)
[gen] 民数记 34章 · 发现版 …
[ok] 民数记 34章 · 发现版 (19s, 1681字)
[gen] 民数记 35章 · 讲解版 …
[ok] 民数记 35章 · 讲解版 (20s, 1759字)
[gen] 民数记 35章 · 发现版 …
[ok] 民数记 35章 · 发现版 (22s, 2095字)
[gen] 民数记 36章 · 讲解版 …
[ok] 民数记 36章 · 讲解版 (22s, 2103字)
[gen] 民数记 36章 · 发现版 …
[ok] 民数记 36章 · 发现版 (19s, 2013字)

Done. ok=299 skipped=4 failed=0 (13%)
Tip: push all to Render: INFO_EDITION_REMOTE_SCP_TARGET='…' npm run info-edition:push-remote

> selah@0.1.0 info-edition:batch:fix-invalid
> NODE_ENV=development INFO_EDITION_BATCH_FIX_INVALID=1 INFO_EDITION_BATCH_EDITIONS=info,guide NODE_OPTIONS='--require ./scripts/register-server-only.cjs' tsx scripts/batch-info-edition-volumes.ts

[fix-invalid] 扫描到 119 个待修复任务（info + guide）
Batch: info + guide | pipeline: reader-generate (plan→execute) | 导读 role=info_edition_v1 | 引导 role=role_356f0ffb | 导读描述规则 0 字 | books DEU…REV | fix invalid only | local only
[gen] 申命记 1章 · 讲解版 …
[ok] 申命记 1章 · 讲解版 (28s, 2110字)
[gen] 申命记 1章 · 发现版 …
[ok] 申命记 1章 · 发现版 (26s, 2368字)

> selah@0.1.0 info-edition:batch:fix-invalid
> NODE_ENV=development INFO_EDITION_BATCH_FIX_INVALID=1 INFO_EDITION_BATCH_EDITIONS=info,guide NODE_OPTIONS='--require ./scripts/register-server-only.cjs' tsx scripts/batch-info-edition-volumes.ts

[fix-invalid] 扫描到 119 个待修复任务（info + guide）
Batch: info + guide | pipeline: reader-generate (plan→execute) | 导读 role=info_edition_v1 | 引导 role=role_356f0ffb | 导读描述规则 0 字 | books GEN…REV | fix invalid only | local only
[skip] 创世记 1章 · 讲解版
[skip] 创世记 1章 · 发现版
[gen] 创世记 2章 · 讲解版 …
[ok] 创世记 2章 · 讲解版 (32s, 2459字)
[skip] 创世记 2章 · 发现版
[gen] 创世记 3章 · 讲解版 …
[ok] 创世记 3章 · 讲解版 (30s, 2133字)
[skip] 创世记 3章 · 发现版
[skip] 创世记 4章 · 讲解版
[skip] 创世记 4章 · 发现版
[skip] 创世记 5章 · 讲解版
[skip] 创世记 5章 · 发现版
[skip] 创世记 6章 · 讲解版
[skip] 创世记 6章 · 发现版
[skip] 创世记 7章 · 讲解版
[skip] 创世记 7章 · 发现版
[skip] 创世记 8章 · 讲解版
[skip] 创世记 8章 · 发现版
[skip] 创世记 9章 · 讲解版
[skip] 创世记 9章 · 发现版
[skip] 创世记 10章 · 讲解版
[skip] 创世记 10章 · 发现版
[skip] 创世记 11章 · 讲解版
[skip] 创世记 11章 · 发现版
[skip] 创世记 12章 · 讲解版
[gen] 创世记 12章 · 发现版 …
[ok] 创世记 12章 · 发现版 (29s, 2484字)
[skip] 创世记 13章 · 讲解版
[skip] 创世记 13章 · 发现版
[skip] 创世记 14章 · 讲解版
[gen] 创世记 14章 · 发现版 …
[ok] 创世记 14章 · 发现版 (26s, 2055字)
[gen] 创世记 15章 · 讲解版 …
[ok] 创世记 15章 · 讲解版 (32s, 2413字)
[skip] 创世记 15章 · 发现版
[skip] 创世记 16章 · 讲解版
[gen] 创世记 16章 · 发现版 …
[ok] 创世记 16章 · 发现版 (24s, 2025字)
[skip] 创世记 17章 · 讲解版
[gen] 创世记 17章 · 发现版 …
[ok] 创世记 17章 · 发现版 (31s, 2557字)
[gen] 创世记 18章 · 讲解版 …
[ok] 创世记 18章 · 讲解版 (26s, 1971字)
[gen] 创世记 18章 · 发现版 …
[ok] 创世记 18章 · 发现版 (29s, 2438字)
[gen] 创世记 19章 · 讲解版 …
[ok] 创世记 19章 · 讲解版 (30s, 2301字)
[skip] 创世记 19章 · 发现版
[skip] 创世记 20章 · 讲解版
[gen] 创世记 20章 · 发现版 …
[ok] 创世记 20章 · 发现版 (20s, 1907字)
[skip] 创世记 21章 · 讲解版
[gen] 创世记 21章 · 发现版 …
[ok] 创世记 21章 · 发现版 (31s, 2450字)
[skip] 创世记 22章 · 讲解版
[gen] 创世记 22章 · 发现版 …
[ok] 创世记 22章 · 发现版 (24s, 2114字)
[skip] 创世记 23章 · 讲解版
[skip] 创世记 23章 · 发现版
[skip] 创世记 24章 · 讲解版
[gen] 创世记 24章 · 发现版 …
[ok] 创世记 24章 · 发现版 (23s, 2030字)
[skip] 创世记 25章 · 讲解版
[gen] 创世记 25章 · 发现版 …
[ok] 创世记 25章 · 发现版 (30s, 2471字)
[gen] 创世记 26章 · 讲解版 …
[ok] 创世记 26章 · 讲解版 (28s, 1996字)
[gen] 创世记 26章 · 发现版 …
[ok] 创世记 26章 · 发现版 (28s, 2282字)
[gen] 创世记 27章 · 讲解版 …
[ok] 创世记 27章 · 讲解版 (28s, 2059字)
[gen] 创世记 27章 · 发现版 …
[ok] 创世记 27章 · 发现版 (28s, 2401字)
[skip] 创世记 28章 · 讲解版
[gen] 创世记 28章 · 发现版 …
[ok] 创世记 28章 · 发现版 (25s, 1943字)
[skip] 创世记 29章 · 讲解版
[gen] 创世记 29章 · 发现版 …
[ok] 创世记 29章 · 发现版 (27s, 2265字)
[gen] 创世记 30章 · 讲解版 …
[ok] 创世记 30章 · 讲解版 (31s, 2330字)
[gen] 创世记 30章 · 发现版 …
[ok] 创世记 30章 · 发现版 (33s, 2643字)
[gen] 创世记 31章 · 讲解版 …
[ok] 创世记 31章 · 讲解版 (27s, 1958字)
[gen] 创世记 31章 · 发现版 …
[ok] 创世记 31章 · 发现版 (27s, 2403字)
[skip] 创世记 32章 · 讲解版
[gen] 创世记 32章 · 发现版 …
[ok] 创世记 32章 · 发现版 (29s, 2422字)
[gen] 创世记 33章 · 讲解版 …
[ok] 创世记 33章 · 讲解版 (23s, 1756字)
[skip] 创世记 33章 · 发现版
[skip] 创世记 34章 · 讲解版
[gen] 创世记 34章 · 发现版 …
[ok] 创世记 34章 · 发现版 (25s, 2468字)
[skip] 创世记 35章 · 讲解版
[gen] 创世记 35章 · 发现版 …
[ok] 创世记 35章 · 发现版 (22s, 2009字)
[skip] 创世记 36章 · 讲解版
[gen] 创世记 36章 · 发现版 …
[ok] 创世记 36章 · 发现版 (29s, 2402字)
[gen] 创世记 37章 · 讲解版 …
[ok] 创世记 37章 · 讲解版 (28s, 2363字)
[skip] 创世记 37章 · 发现版
[gen] 创世记 38章 · 讲解版 …
[ok] 创世记 38章 · 讲解版 (29s, 2309字)
[skip] 创世记 38章 · 发现版
[skip] 创世记 39章 · 讲解版
[skip] 创世记 39章 · 发现版
[skip] 创世记 40章 · 讲解版
[skip] 创世记 40章 · 发现版
[skip] 创世记 41章 · 讲解版
[skip] 创世记 41章 · 发现版
[skip] 创世记 42章 · 讲解版
[gen] 创世记 42章 · 发现版 …
[ok] 创世记 42章 · 发现版 (22s, 2082字)
[skip] 创世记 43章 · 讲解版
[skip] 创世记 43章 · 发现版
[skip] 创世记 44章 · 讲解版
[skip] 创世记 44章 · 发现版
[skip] 创世记 45章 · 讲解版
[skip] 创世记 45章 · 发现版
[skip] 创世记 46章 · 讲解版
[skip] 创世记 46章 · 发现版
[gen] 创世记 47章 · 讲解版 …
[ok] 创世记 47章 · 讲解版 (26s, 2207字)
[skip] 创世记 47章 · 发现版
[skip] 创世记 48章 · 讲解版
[skip] 创世记 48章 · 发现版
[gen] 创世记 49章 · 讲解版 …
[ok] 创世记 49章 · 讲解版 (24s, 2085字)
[gen] 创世记 49章 · 发现版 …
[ok] 创世记 49章 · 发现版 (23s, 2145字)
[skip] 创世记 50章 · 讲解版
[skip] 创世记 50章 · 发现版
[skip] 出埃及记 1章 · 讲解版
[skip] 出埃及记 1章 · 发现版
[gen] 出埃及记 2章 · 讲解版 …
[ok] 出埃及记 2章 · 讲解版 (28s, 2299字)
[skip] 出埃及记 2章 · 发现版
[skip] 出埃及记 3章 · 讲解版
[gen] 出埃及记 3章 · 发现版 …
[ok] 出埃及记 3章 · 发现版 (25s, 2359字)
[gen] 出埃及记 4章 · 讲解版 …
[ok] 出埃及记 4章 · 讲解版 (29s, 2431字)
[skip] 出埃及记 4章 · 发现版
[skip] 出埃及记 5章 · 讲解版
[skip] 出埃及记 5章 · 发现版
[gen] 出埃及记 6章 · 讲解版 …
[ok] 出埃及记 6章 · 讲解版 (28s, 2409字)
[skip] 出埃及记 6章 · 发现版
[skip] 出埃及记 7章 · 讲解版
[gen] 出埃及记 7章 · 发现版 …
[ok] 出埃及记 7章 · 发现版 (25s, 2042字)
[skip] 出埃及记 8章 · 讲解版
[skip] 出埃及记 8章 · 发现版
[skip] 出埃及记 9章 · 讲解版
[gen] 出埃及记 9章 · 发现版 …
[ok] 出埃及记 9章 · 发现版 (29s, 2381字)
[gen] 出埃及记 10章 · 讲解版 …
[ok] 出埃及记 10章 · 讲解版 (28s, 2069字)
[skip] 出埃及记 10章 · 发现版
[skip] 出埃及记 11章 · 讲解版
[skip] 出埃及记 11章 · 发现版
[skip] 出埃及记 12章 · 讲解版
[skip] 出埃及记 12章 · 发现版
[skip] 出埃及记 13章 · 讲解版
[skip] 出埃及记 13章 · 发现版
[gen] 出埃及记 14章 · 讲解版 …
[ok] 出埃及记 14章 · 讲解版 (25s, 2130字)
[skip] 出埃及记 14章 · 发现版
[skip] 出埃及记 15章 · 讲解版
[gen] 出埃及记 15章 · 发现版 …
[ok] 出埃及记 15章 · 发现版 (29s, 2312字)
[gen] 出埃及记 16章 · 讲解版 …
[ok] 出埃及记 16章 · 讲解版 (24s, 1745字)
[gen] 出埃及记 16章 · 发现版 …
[ok] 出埃及记 16章 · 发现版 (29s, 2214字)
[gen] 出埃及记 17章 · 讲解版 …
[ok] 出埃及记 17章 · 讲解版 (30s, 2138字)
[gen] 出埃及记 17章 · 发现版 …
[ok] 出埃及记 17章 · 发现版 (27s, 2340字)
[skip] 出埃及记 18章 · 讲解版
[skip] 出埃及记 18章 · 发现版
[skip] 出埃及记 19章 · 讲解版
[gen] 出埃及记 19章 · 发现版 …
[ok] 出埃及记 19章 · 发现版 (21s, 1818字)
[skip] 出埃及记 20章 · 讲解版
[skip] 出埃及记 20章 · 发现版
[gen] 出埃及记 21章 · 讲解版 …
[ok] 出埃及记 21章 · 讲解版 (26s, 1881字)
[skip] 出埃及记 21章 · 发现版
[skip] 出埃及记 22章 · 讲解版
[skip] 出埃及记 22章 · 发现版
[gen] 出埃及记 23章 · 讲解版 …
[ok] 出埃及记 23章 · 讲解版 (28s, 2180字)
[gen] 出埃及记 23章 · 发现版 …
[ok] 出埃及记 23章 · 发现版 (31s, 2383字)
[skip] 出埃及记 24章 · 讲解版
[skip] 出埃及记 24章 · 发现版
[skip] 出埃及记 25章 · 讲解版
[gen] 出埃及记 25章 · 发现版 …
[ok] 出埃及记 25章 · 发现版 (25s, 2110字)
[skip] 出埃及记 26章 · 讲解版
[skip] 出埃及记 26章 · 发现版
[skip] 出埃及记 27章 · 讲解版
[skip] 出埃及记 27章 · 发现版
[gen] 出埃及记 28章 · 讲解版 …
[ok] 出埃及记 28章 · 讲解版 (21s, 1750字)
[gen] 出埃及记 28章 · 发现版 …
[ok] 出埃及记 28章 · 发现版 (24s, 2220字)
[skip] 出埃及记 29章 · 讲解版
[gen] 出埃及记 29章 · 发现版 …
[ok] 出埃及记 29章 · 发现版 (22s, 2063字)
[gen] 出埃及记 30章 · 讲解版 …
[ok] 出埃及记 30章 · 讲解版 (26s, 2192字)
[gen] 出埃及记 30章 · 发现版 …
[ok] 出埃及记 30章 · 发现版 (23s, 2211字)
[skip] 出埃及记 31章 · 讲解版
[skip] 出埃及记 31章 · 发现版
[gen] 出埃及记 32章 · 讲解版 …
[ok] 出埃及记 32章 · 讲解版 (24s, 1923字)
[gen] 出埃及记 32章 · 发现版 …
[ok] 出埃及记 32章 · 发现版 (24s, 2204字)
[skip] 出埃及记 33章 · 讲解版
[gen] 出埃及记 33章 · 发现版 …
[ok] 出埃及记 33章 · 发现版 (23s, 2206字)
[skip] 出埃及记 34章 · 讲解版
[skip] 出埃及记 34章 · 发现版
[skip] 出埃及记 35章 · 讲解版
[gen] 出埃及记 35章 · 发现版 …
[ok] 出埃及记 35章 · 发现版 (23s, 2264字)
[skip] 出埃及记 36章 · 讲解版
[skip] 出埃及记 36章 · 发现版
[skip] 出埃及记 37章 · 讲解版
[skip] 出埃及记 37章 · 发现版
[skip] 出埃及记 38章 · 讲解版
[skip] 出埃及记 38章 · 发现版
[skip] 出埃及记 39章 · 讲解版
[skip] 出埃及记 39章 · 发现版
[skip] 出埃及记 40章 · 讲解版
[skip] 出埃及记 40章 · 发现版
[skip] 利未记 1章 · 讲解版
[skip] 利未记 1章 · 发现版
[skip] 利未记 2章 · 讲解版
[gen] 利未记 2章 · 发现版 …
[ok] 利未记 2章 · 发现版 (23s, 2203字)
[skip] 利未记 3章 · 讲解版
[skip] 利未记 3章 · 发现版
[gen] 利未记 4章 · 讲解版 …
[ok] 利未记 4章 · 讲解版 (22s, 2036字)
[skip] 利未记 4章 · 发现版
[skip] 利未记 5章 · 讲解版
[skip] 利未记 5章 · 发现版
[skip] 利未记 6章 · 讲解版
[skip] 利未记 6章 · 发现版
[skip] 利未记 7章 · 讲解版
[skip] 利未记 7章 · 发现版
[skip] 利未记 8章 · 讲解版
[skip] 利未记 8章 · 发现版
[skip] 利未记 9章 · 讲解版
[skip] 利未记 9章 · 发现版
[gen] 利未记 10章 · 讲解版 …
[ok] 利未记 10章 · 讲解版 (25s, 2204字)
[gen] 利未记 10章 · 发现版 …
[ok] 利未记 10章 · 发现版 (26s, 2338字)
[skip] 利未记 11章 · 讲解版
[skip] 利未记 11章 · 发现版
[skip] 利未记 12章 · 讲解版
[skip] 利未记 12章 · 发现版
[skip] 利未记 13章 · 讲解版
[gen] 利未记 13章 · 发现版 …
[ok] 利未记 13章 · 发现版 (24s, 2345字)
[gen] 利未记 14章 · 讲解版 …
[ok] 利未记 14章 · 讲解版 (35s, 2933字)
[gen] 利未记 14章 · 发现版 …
[ok] 利未记 14章 · 发现版 (24s, 2307字)
[gen] 利未记 15章 · 讲解版 …
[ok] 利未记 15章 · 讲解版 (26s, 2367字)
[gen] 利未记 15章 · 发现版 …
[ok] 利未记 15章 · 发现版 (29s, 2714字)
[skip] 利未记 16章 · 讲解版
[gen] 利未记 16章 · 发现版 …
[ok] 利未记 16章 · 发现版 (26s, 2435字)
[gen] 利未记 17章 · 讲解版 …
[ok] 利未记 17章 · 讲解版 (26s, 2353字)
[skip] 利未记 17章 · 发现版
[gen] 利未记 18章 · 讲解版 …
[ok] 利未记 18章 · 讲解版 (26s, 2307字)
[skip] 利未记 18章 · 发现版
[skip] 利未记 19章 · 讲解版
[gen] 利未记 19章 · 发现版 …
[ok] 利未记 19章 · 发现版 (21s, 2152字)
[skip] 利未记 20章 · 讲解版
[gen] 利未记 20章 · 发现版 …
[ok] 利未记 20章 · 发现版 (21s, 1954字)
[skip] 利未记 21章 · 讲解版
[gen] 利未记 21章 · 发现版 …
[ok] 利未记 21章 · 发现版 (21s, 2227字)
[gen] 利未记 22章 · 讲解版 …
[ok] 利未记 22章 · 讲解版 (22s, 1945字)
[gen] 利未记 22章 · 发现版 …
[ok] 利未记 22章 · 发现版 (24s, 2374字)
[gen] 利未记 23章 · 讲解版 …
[ok] 利未记 23章 · 讲解版 (28s, 2390字)
[gen] 利未记 23章 · 发现版 …
[ok] 利未记 23章 · 发现版 (26s, 2482字)
[gen] 利未记 24章 · 讲解版 …
[ok] 利未记 24章 · 讲解版 (25s, 2079字)
[skip] 利未记 24章 · 发现版
[gen] 利未记 25章 · 讲解版 …
[ok] 利未记 25章 · 讲解版 (24s, 2073字)
[gen] 利未记 25章 · 发现版 …
[ok] 利未记 25章 · 发现版 (22s, 2249字)
[gen] 利未记 26章 · 讲解版 …
[ok] 利未记 26章 · 讲解版 (26s, 2404字)
[gen] 利未记 26章 · 发现版 …
[ok] 利未记 26章 · 发现版 (24s, 2245字)
[skip] 利未记 27章 · 讲解版
[skip] 利未记 27章 · 发现版
[skip] 民数记 1章 · 讲解版
[skip] 民数记 1章 · 发现版
[skip] 民数记 2章 · 讲解版
[skip] 民数记 2章 · 发现版
[skip] 民数记 3章 · 讲解版
[gen] 民数记 3章 · 发现版 …
[ok] 民数记 3章 · 发现版 (32s, 2912字)
[gen] 民数记 4章 · 讲解版 …
[ok] 民数记 4章 · 讲解版 (24s, 2038字)
[skip] 民数记 4章 · 发现版
[skip] 民数记 5章 · 讲解版
[skip] 民数记 5章 · 发现版
[gen] 民数记 6章 · 讲解版 …
[ok] 民数记 6章 · 讲解版 (28s, 2520字)
[gen] 民数记 6章 · 发现版 …
[ok] 民数记 6章 · 发现版 (21s, 2132字)
[skip] 民数记 7章 · 讲解版
[gen] 民数记 7章 · 发现版 …
[ok] 民数记 7章 · 发现版 (24s, 2288字)
[skip] 民数记 8章 · 讲解版
[skip] 民数记 8章 · 发现版
[skip] 民数记 9章 · 讲解版
[skip] 民数记 9章 · 发现版
[gen] 民数记 10章 · 讲解版 …
[ok] 民数记 10章 · 讲解版 (28s, 2438字)
[skip] 民数记 10章 · 发现版
[skip] 民数记 11章 · 讲解版
[gen] 民数记 11章 · 发现版 …
[ok] 民数记 11章 · 发现版 (26s, 2507字)
[gen] 民数记 12章 · 讲解版 …
[ok] 民数记 12章 · 讲解版 (26s, 2327字)
[gen] 民数记 12章 · 发现版 …
[ok] 民数记 12章 · 发现版 (22s, 2165字)
[skip] 民数记 13章 · 讲解版
[skip] 民数记 13章 · 发现版
[gen] 民数记 14章 · 讲解版 …
[ok] 民数记 14章 · 讲解版 (22s, 1921字)
[skip] 民数记 14章 · 发现版
[gen] 民数记 15章 · 讲解版 …
[ok] 民数记 15章 · 讲解版 (25s, 2169字)
[gen] 民数记 15章 · 发现版 …
[ok] 民数记 15章 · 发现版 (26s, 2577字)
[skip] 民数记 16章 · 讲解版
[gen] 民数记 16章 · 发现版 …
[ok] 民数记 16章 · 发现版 (28s, 2686字)
[gen] 民数记 17章 · 讲解版 …
[ok] 民数记 17章 · 讲解版 (26s, 2265字)
[skip] 民数记 17章 · 发现版
[gen] 民数记 18章 · 讲解版 …
[ok] 民数记 18章 · 讲解版 (24s, 2156字)
[gen] 民数记 18章 · 发现版 …
[ok] 民数记 18章 · 发现版 (26s, 2456字)
[skip] 民数记 19章 · 讲解版
[gen] 民数记 19章 · 发现版 …
[ok] 民数记 19章 · 发现版 (24s, 2300字)
[gen] 民数记 20章 · 讲解版 …
[ok] 民数记 20章 · 讲解版 (29s, 2635字)
[skip] 民数记 20章 · 发现版
[skip] 民数记 21章 · 讲解版
[gen] 民数记 21章 · 发现版 …
[ok] 民数记 21章 · 发现版 (23s, 2269字)
[gen] 民数记 22章 · 讲解版 …
[ok] 民数记 22章 · 讲解版 (28s, 2669字)
[gen] 民数记 22章 · 发现版 …
[ok] 民数记 22章 · 发现版 (23s, 2188字)
[skip] 民数记 23章 · 讲解版
[skip] 民数记 23章 · 发现版
[gen] 民数记 24章 · 讲解版 …
[ok] 民数记 24章 · 讲解版 (19s, 1812字)
[gen] 民数记 24章 · 发现版 …
[ok] 民数记 24章 · 发现版 (20s, 1921字)
[gen] 民数记 25章 · 讲解版 …
[ok] 民数记 25章 · 讲解版 (26s, 2183字)
[gen] 民数记 25章 · 发现版 …
[ok] 民数记 25章 · 发现版 (20s, 2040字)
[skip] 民数记 26章 · 讲解版
[skip] 民数记 26章 · 发现版
[gen] 民数记 27章 · 讲解版 …
[ok] 民数记 27章 · 讲解版 (31s, 2902字)
[skip] 民数记 27章 · 发现版
[skip] 民数记 28章 · 讲解版
[skip] 民数记 28章 · 发现版
[skip] 民数记 29章 · 讲解版
[gen] 民数记 29章 · 发现版 …
[ok] 民数记 29章 · 发现版 (24s, 2278字)
[skip] 民数记 30章 · 讲解版
[skip] 民数记 30章 · 发现版
[skip] 民数记 31章 · 讲解版
[skip] 民数记 31章 · 发现版
[gen] 民数记 32章 · 讲解版 …
[ok] 民数记 32章 · 讲解版 (23s, 2171字)
[gen] 民数记 32章 · 发现版 …
[ok] 民数记 32章 · 发现版 (23s, 2363字)
[gen] 民数记 33章 · 讲解版 …
[ok] 民数记 33章 · 讲解版 (25s, 2184字)
[gen] 民数记 33章 · 发现版 …
[ok] 民数记 33章 · 发现版 (22s, 2091字)
[skip] 民数记 34章 · 讲解版
[skip] 民数记 34章 · 发现版
[skip] 民数记 35章 · 讲解版
[skip] 民数记 35章 · 发现版
[skip] 民数记 36章 · 讲解版
[skip] 民数记 36章 · 发现版
[skip] 申命记 1章 · 讲解版
[skip] 申命记 1章 · 发现版
[gen] 申命记 2章 · 讲解版 …
[ok] 申命记 2章 · 讲解版 (23s, 2092字)
[gen] 申命记 2章 · 发现版 …
[ok] 申命记 2章 · 发现版 (23s, 2124字)
[gen] 申命记 3章 · 讲解版 …
[ok] 申命记 3章 · 讲解版 (21s, 1843字)
[gen] 申命记 3章 · 发现版 …
[ok] 申命记 3章 · 发现版 (23s, 2216字)
[gen] 申命记 4章 · 讲解版 …
[ok] 申命记 4章 · 讲解版 (24s, 2021字)
[gen] 申命记 4章 · 发现版 …
[ok] 申命记 4章 · 发现版 (25s, 2403字)
[gen] 申命记 5章 · 讲解版 …
[ok] 申命记 5章 · 讲解版 (23s, 2115字)
[gen] 申命记 5章 · 发现版 …
[ok] 申命记 5章 · 发现版 (19s, 2003字)
[gen] 申命记 6章 · 讲解版 …
[ok] 申命记 6章 · 讲解版 (28s, 2471字)
[gen] 申命记 6章 · 发现版 …
[ok] 申命记 6章 · 发现版 (20s, 2071字)
[gen] 申命记 7章 · 讲解版 …
[ok] 申命记 7章 · 讲解版 (27s, 2280字)
[gen] 申命记 7章 · 发现版 …
[ok] 申命记 7章 · 发现版 (19s, 1991字)
[gen] 申命记 8章 · 讲解版 …
[ok] 申命记 8章 · 讲解版 (22s, 1996字)
[gen] 申命记 8章 · 发现版 …
[ok] 申命记 8章 · 发现版 (21s, 2122字)
[gen] 申命记 9章 · 讲解版 …
[ok] 申命记 9章 · 讲解版 (22s, 2039字)
[gen] 申命记 9章 · 发现版 …
[ok] 申命记 9章 · 发现版 (26s, 2386字)
[gen] 申命记 10章 · 讲解版 …
[ok] 申命记 10章 · 讲解版 (25s, 2271字)
[gen] 申命记 10章 · 发现版 …
[ok] 申命记 10章 · 发现版 (27s, 2716字)
[gen] 申命记 11章 · 讲解版 …
[ok] 申命记 11章 · 讲解版 (26s, 2422字)
[gen] 申命记 11章 · 发现版 …
[ok] 申命记 11章 · 发现版 (20s, 2035字)
[gen] 申命记 12章 · 讲解版 …
[ok] 申命记 12章 · 讲解版 (30s, 2755字)
[gen] 申命记 12章 · 发现版 …
[ok] 申命记 12章 · 发现版 (21s, 2042字)
[gen] 申命记 13章 · 讲解版 …
[ok] 申命记 13章 · 讲解版 (27s, 2356字)
[gen] 申命记 13章 · 发现版 …
[ok] 申命记 13章 · 发现版 (21s, 2154字)
[gen] 申命记 14章 · 讲解版 …
[ok] 申命记 14章 · 讲解版 (26s, 2260字)
[gen] 申命记 14章 · 发现版 …
[ok] 申命记 14章 · 发现版 (25s, 2504字)
[gen] 申命记 15章 · 讲解版 …
[ok] 申命记 15章 · 讲解版 (21s, 1944字)
[gen] 申命记 15章 · 发现版 …
[ok] 申命记 15章 · 发现版 (23s, 2110字)
[gen] 申命记 16章 · 讲解版 …
[ok] 申命记 16章 · 讲解版 (26s, 2257字)
[gen] 申命记 16章 · 发现版 …
[ok] 申命记 16章 · 发现版 (24s, 2398字)
[gen] 申命记 17章 · 讲解版 …
[ok] 申命记 17章 · 讲解版 (23s, 2128字)
[gen] 申命记 17章 · 发现版 …
[ok] 申命记 17章 · 发现版 (23s, 2102字)
[gen] 申命记 18章 · 讲解版 …
[ok] 申命记 18章 · 讲解版 (23s, 2129字)
[gen] 申命记 18章 · 发现版 …
[ok] 申命记 18章 · 发现版 (18s, 1877字)
[gen] 申命记 19章 · 讲解版 …
[ok] 申命记 19章 · 讲解版 (25s, 2192字)
[gen] 申命记 19章 · 发现版 …
[ok] 申命记 19章 · 发现版 (22s, 2074字)
[gen] 申命记 20章 · 讲解版 …
[ok] 申命记 20章 · 讲解版 (27s, 2336字)
[gen] 申命记 20章 · 发现版 …
[ok] 申命记 20章 · 发现版 (28s, 2587字)
[gen] 申命记 21章 · 讲解版 …
[ok] 申命记 21章 · 讲解版 (28s, 2659字)
[gen] 申命记 21章 · 发现版 …
[ok] 申命记 21章 · 发现版 (21s, 2161字)
[gen] 申命记 22章 · 讲解版 …
[ok] 申命记 22章 · 讲解版 (23s, 2106字)
[gen] 申命记 22章 · 发现版 …
[ok] 申命记 22章 · 发现版 (23s, 2336字)
[gen] 申命记 23章 · 讲解版 …
[ok] 申命记 23章 · 讲解版 (24s, 2256字)
[gen] 申命记 23章 · 发现版 …
[ok] 申命记 23章 · 发现版 (24s, 2345字)
[gen] 申命记 24章 · 讲解版 …
[ok] 申命记 24章 · 讲解版 (25s, 2182字)
[gen] 申命记 24章 · 发现版 …
[ok] 申命记 24章 · 发现版 (22s, 2104字)
[gen] 申命记 25章 · 讲解版 …
[ok] 申命记 25章 · 讲解版 (23s, 2186字)
[gen] 申命记 25章 · 发现版 …
[ok] 申命记 25章 · 发现版 (19s, 2006字)
[gen] 申命记 26章 · 讲解版 …
[ok] 申命记 26章 · 讲解版 (27s, 2508字)
[gen] 申命记 26章 · 发现版 …
[ok] 申命记 26章 · 发现版 (19s, 1860字)
[gen] 申命记 27章 · 讲解版 …
[ok] 申命记 27章 · 讲解版 (22s, 2133字)
[gen] 申命记 27章 · 发现版 …
[ok] 申命记 27章 · 发现版 (23s, 2422字)
[gen] 申命记 28章 · 讲解版 …
[ok] 申命记 28章 · 讲解版 (22s, 2132字)
[gen] 申命记 28章 · 发现版 …
[ok] 申命记 28章 · 发现版 (21s, 2019字)
[gen] 申命记 29章 · 讲解版 …
[ok] 申命记 29章 · 讲解版 (29s, 2595字)
[gen] 申命记 29章 · 发现版 …
[ok] 申命记 29章 · 发现版 (21s, 2305字)
[gen] 申命记 30章 · 讲解版 …
[ok] 申命记 30章 · 讲解版 (26s, 2422字)
[gen] 申命记 30章 · 发现版 …
[ok] 申命记 30章 · 发现版 (18s, 1855字)
[gen] 申命记 31章 · 讲解版 …
[ok] 申命记 31章 · 讲解版 (22s, 1953字)
[gen] 申命记 31章 · 发现版 …
[ok] 申命记 31章 · 发现版 (23s, 2417字)
[gen] 申命记 32章 · 讲解版 …
[ok] 申命记 32章 · 讲解版 (26s, 2344字)
[gen] 申命记 32章 · 发现版 …
[ok] 申命记 32章 · 发现版 (17s, 1661字)
[gen] 申命记 33章 · 讲解版 …
[ok] 申命记 33章 · 讲解版 (26s, 2355字)
[gen] 申命记 33章 · 发现版 …
[ok] 申命记 33章 · 发现版 (16s, 1630字)
[gen] 申命记 34章 · 讲解版 …
[ok] 申命记 34章 · 讲解版 (23s, 2148字)
[gen] 申命记 34章 · 发现版 …
[ok] 申命记 34章 · 发现版 (18s, 1702字)
[gen] 约书亚记 1章 · 讲解版 …
[ok] 约书亚记 1章 · 讲解版 (25s, 2422字)
[gen] 约书亚记 1章 · 发现版 …
[ok] 约书亚记 1章 · 发现版 (22s, 2467字)
[gen] 约书亚记 2章 · 讲解版 …
[ok] 约书亚记 2章 · 讲解版 (22s, 1959字)
[gen] 约书亚记 2章 · 发现版 …
[ok] 约书亚记 2章 · 发现版 (22s, 2182字)
[gen] 约书亚记 3章 · 讲解版 …
[ok] 约书亚记 3章 · 讲解版 (20s, 1755字)
[gen] 约书亚记 3章 · 发现版 …
[ok] 约书亚记 3章 · 发现版 (19s, 1929字)
[gen] 约书亚记 4章 · 讲解版 …
[ok] 约书亚记 4章 · 讲解版 (21s, 1926字)
[gen] 约书亚记 4章 · 发现版 …
[ok] 约书亚记 4章 · 发现版 (24s, 2426字)
[gen] 约书亚记 5章 · 讲解版 …
[ok] 约书亚记 5章 · 讲解版 (28s, 1981字)
[gen] 约书亚记 5章 · 发现版 …
[ok] 约书亚记 5章 · 发现版 (28s, 2653字)
[gen] 约书亚记 6章 · 讲解版 …
[ok] 约书亚记 6章 · 讲解版 (20s, 1735字)
[gen] 约书亚记 6章 · 发现版 …
[ok] 约书亚记 6章 · 发现版 (25s, 2280字)
[gen] 约书亚记 7章 · 讲解版 …
[ok] 约书亚记 7章 · 讲解版 (27s, 2357字)
[gen] 约书亚记 7章 · 发现版 …
[ok] 约书亚记 7章 · 发现版 (23s, 2307字)
[gen] 约书亚记 8章 · 讲解版 …
[ok] 约书亚记 8章 · 讲解版 (22s, 2071字)
[gen] 约书亚记 8章 · 发现版 …
[ok] 约书亚记 8章 · 发现版 (25s, 2523字)
[gen] 约书亚记 9章 · 讲解版 …
[ok] 约书亚记 9章 · 讲解版 (22s, 1979字)
[gen] 约书亚记 9章 · 发现版 …
[ok] 约书亚记 9章 · 发现版 (21s, 2130字)
[gen] 约书亚记 10章 · 讲解版 …
[ok] 约书亚记 10章 · 讲解版 (22s, 2045字)
[gen] 约书亚记 10章 · 发现版 …
[ok] 约书亚记 10章 · 发现版 (21s, 2173字)
[gen] 约书亚记 11章 · 讲解版 …
[ok] 约书亚记 11章 · 讲解版 (24s, 2263字)
[gen] 约书亚记 11章 · 发现版 …
[ok] 约书亚记 11章 · 发现版 (24s, 2342字)
[gen] 约书亚记 12章 · 讲解版 …
[ok] 约书亚记 12章 · 讲解版 (17s, 1635字)
[gen] 约书亚记 12章 · 发现版 …
[ok] 约书亚记 12章 · 发现版 (21s, 2037字)
[gen] 约书亚记 13章 · 讲解版 …
[ok] 约书亚记 13章 · 讲解版 (26s, 2356字)
[gen] 约书亚记 13章 · 发现版 …
[ok] 约书亚记 13章 · 发现版 (24s, 2414字)
[gen] 约书亚记 14章 · 讲解版 …
[ok] 约书亚记 14章 · 讲解版 (23s, 2323字)
[gen] 约书亚记 14章 · 发现版 …
[ok] 约书亚记 14章 · 发现版 (19s, 2002字)
[gen] 约书亚记 15章 · 讲解版 …
[ok] 约书亚记 15章 · 讲解版 (20s, 1743字)
[gen] 约书亚记 15章 · 发现版 …
[ok] 约书亚记 15章 · 发现版 (21s, 1942字)
[gen] 约书亚记 16章 · 讲解版 …
[ok] 约书亚记 16章 · 讲解版 (20s, 1832字)
[gen] 约书亚记 16章 · 发现版 …
[ok] 约书亚记 16章 · 发现版 (17s, 1806字)
[gen] 约书亚记 17章 · 讲解版 …
[ok] 约书亚记 17章 · 讲解版 (23s, 2202字)
[gen] 约书亚记 17章 · 发现版 …
[ok] 约书亚记 17章 · 发现版 (23s, 2218字)
[gen] 约书亚记 18章 · 讲解版 …
[ok] 约书亚记 18章 · 讲解版 (23s, 1968字)
[gen] 约书亚记 18章 · 发现版 …
[ok] 约书亚记 18章 · 发现版 (20s, 2125字)
[gen] 约书亚记 19章 · 讲解版 …
[ok] 约书亚记 19章 · 讲解版 (19s, 1573字)
[gen] 约书亚记 19章 · 发现版 …
[ok] 约书亚记 19章 · 发现版 (19s, 1953字)
[gen] 约书亚记 20章 · 讲解版 …
[ok] 约书亚记 20章 · 讲解版 (18s, 1715字)
[gen] 约书亚记 20章 · 发现版 …
[ok] 约书亚记 20章 · 发现版 (22s, 2066字)
[gen] 约书亚记 21章 · 讲解版 …
[ok] 约书亚记 21章 · 讲解版 (22s, 1994字)
[gen] 约书亚记 21章 · 发现版 …
[ok] 约书亚记 21章 · 发现版 (20s, 1978字)
[gen] 约书亚记 22章 · 讲解版 …
[ok] 约书亚记 22章 · 讲解版 (17s, 1808字)
[gen] 约书亚记 22章 · 发现版 …
[ok] 约书亚记 22章 · 发现版 (24s, 2510字)
[gen] 约书亚记 23章 · 讲解版 …
[ok] 约书亚记 23章 · 讲解版 (23s, 2061字)
[gen] 约书亚记 23章 · 发现版 …
[ok] 约书亚记 23章 · 发现版 (19s, 2033字)
[gen] 约书亚记 24章 · 讲解版 …
[ok] 约书亚记 24章 · 讲解版 (21s, 2074字)
[gen] 约书亚记 24章 · 发现版 …
[ok] 约书亚记 24章 · 发现版 (18s, 1842字)
[gen] 士师记 1章 · 讲解版 …
[ok] 士师记 1章 · 讲解版 (22s, 2169字)
[gen] 士师记 1章 · 发现版 …
[ok] 士师记 1章 · 发现版 (29s, 2777字)
[gen] 士师记 2章 · 讲解版 …
[ok] 士师记 2章 · 讲解版 (20s, 2015字)
[gen] 士师记 2章 · 发现版 …
[ok] 士师记 2章 · 发现版 (21s, 2041字)
[gen] 士师记 3章 · 讲解版 …
[ok] 士师记 3章 · 讲解版 (21s, 1876字)
[gen] 士师记 3章 · 发现版 …
[ok] 士师记 3章 · 发现版 (21s, 2316字)
[gen] 士师记 4章 · 讲解版 …
[ok] 士师记 4章 · 讲解版 (19s, 1777字)
[gen] 士师记 4章 · 发现版 …
[ok] 士师记 4章 · 发现版 (21s, 2062字)
[gen] 士师记 5章 · 讲解版 …
[ok] 士师记 5章 · 讲解版 (25s, 2140字)
[gen] 士师记 5章 · 发现版 …
[ok] 士师记 5章 · 发现版 (22s, 2200字)
[gen] 士师记 6章 · 讲解版 …
[ok] 士师记 6章 · 讲解版 (24s, 2356字)
[gen] 士师记 6章 · 发现版 …
[ok] 士师记 6章 · 发现版 (26s, 2751字)
[gen] 士师记 7章 · 讲解版 …
[ok] 士师记 7章 · 讲解版 (25s, 2371字)
[gen] 士师记 7章 · 发现版 …
[ok] 士师记 7章 · 发现版 (18s, 1857字)
[gen] 士师记 8章 · 讲解版 …
[ok] 士师记 8章 · 讲解版 (26s, 2537字)
[gen] 士师记 8章 · 发现版 …
[ok] 士师记 8章 · 发现版 (23s, 2201字)
[gen] 士师记 9章 · 讲解版 …
[ok] 士师记 9章 · 讲解版 (26s, 2350字)
[gen] 士师记 9章 · 发现版 …
[ok] 士师记 9章 · 发现版 (22s, 2149字)
[gen] 士师记 10章 · 讲解版 …
[ok] 士师记 10章 · 讲解版 (20s, 1934字)
[gen] 士师记 10章 · 发现版 …
[ok] 士师记 10章 · 发现版 (22s, 2269字)
[gen] 士师记 11章 · 讲解版 …
[ok] 士师记 11章 · 讲解版 (25s, 2223字)
[gen] 士师记 11章 · 发现版 …
[ok] 士师记 11章 · 发现版 (21s, 2156字)
[gen] 士师记 12章 · 讲解版 …
[ok] 士师记 12章 · 讲解版 (23s, 2267字)
[gen] 士师记 12章 · 发现版 …
[ok] 士师记 12章 · 发现版 (20s, 1995字)
[gen] 士师记 13章 · 讲解版 …
[ok] 士师记 13章 · 讲解版 (21s, 2056字)
[gen] 士师记 13章 · 发现版 …
[ok] 士师记 13章 · 发现版 (21s, 2249字)
[gen] 士师记 14章 · 讲解版 …
[ok] 士师记 14章 · 讲解版 (23s, 2198字)
[gen] 士师记 14章 · 发现版 …
[ok] 士师记 14章 · 发现版 (18s, 1903字)
[gen] 士师记 15章 · 讲解版 …
[ok] 士师记 15章 · 讲解版 (26s, 2530字)
[gen] 士师记 15章 · 发现版 …
[ok] 士师记 15章 · 发现版 (22s, 2252字)
[gen] 士师记 16章 · 讲解版 …
[ok] 士师记 16章 · 讲解版 (28s, 2643字)
[gen] 士师记 16章 · 发现版 …
[ok] 士师记 16章 · 发现版 (18s, 2137字)
[gen] 士师记 17章 · 讲解版 …
[ok] 士师记 17章 · 讲解版 (19s, 1829字)
[gen] 士师记 17章 · 发现版 …
[ok] 士师记 17章 · 发现版 (18s, 1794字)
[gen] 士师记 18章 · 讲解版 …
[ok] 士师记 18章 · 讲解版 (20s, 2060字)
[gen] 士师记 18章 · 发现版 …
[ok] 士师记 18章 · 发现版 (20s, 2178字)
[gen] 士师记 19章 · 讲解版 …
[ok] 士师记 19章 · 讲解版 (18s, 1953字)
[gen] 士师记 19章 · 发现版 …
[ok] 士师记 19章 · 发现版 (21s, 2385字)
[gen] 士师记 20章 · 讲解版 …
[ok] 士师记 20章 · 讲解版 (18s, 1979字)
[gen] 士师记 20章 · 发现版 …
[ok] 士师记 20章 · 发现版 (23s, 2689字)
[gen] 士师记 21章 · 讲解版 …
[ok] 士师记 21章 · 讲解版 (21s, 2025字)
[gen] 士师记 21章 · 发现版 …
[ok] 士师记 21章 · 发现版 (19s, 2104字)
[gen] 路得记 1章 · 讲解版 …
[ok] 路得记 1章 · 讲解版 (22s, 2244字)
[gen] 路得记 1章 · 发现版 …
[ok] 路得记 1章 · 发现版 (20s, 2153字)
[gen] 路得记 2章 · 讲解版 …
[ok] 路得记 2章 · 讲解版 (18s, 1725字)
[gen] 路得记 2章 · 发现版 …
[ok] 路得记 2章 · 发现版 (19s, 2352字)
[gen] 路得记 3章 · 讲解版 …
[ok] 路得记 3章 · 讲解版 (16s, 1753字)
[gen] 路得记 3章 · 发现版 …
[ok] 路得记 3章 · 发现版 (16s, 1759字)
[gen] 路得记 4章 · 讲解版 …
[ok] 路得记 4章 · 讲解版 (22s, 2082字)
[gen] 路得记 4章 · 发现版 …
[ok] 路得记 4章 · 发现版 (19s, 2094字)
[gen] 撒母耳记上 1章 · 讲解版 …
[ok] 撒母耳记上 1章 · 讲解版 (17s, 1790字)
[gen] 撒母耳记上 1章 · 发现版 …
[ok] 撒母耳记上 1章 · 发现版 (19s, 2038字)
[gen] 撒母耳记上 2章 · 讲解版 …
[ok] 撒母耳记上 2章 · 讲解版 (23s, 2187字)
[gen] 撒母耳记上 2章 · 发现版 …
[ok] 撒母耳记上 2章 · 发现版 (14s, 1795字)
[gen] 撒母耳记上 3章 · 讲解版 …
[ok] 撒母耳记上 3章 · 讲解版 (22s, 2085字)
[gen] 撒母耳记上 3章 · 发现版 …
[ok] 撒母耳记上 3章 · 发现版 (21s, 2204字)
[gen] 撒母耳记上 4章 · 讲解版 …
[ok] 撒母耳记上 4章 · 讲解版 (17s, 1867字)
[gen] 撒母耳记上 4章 · 发现版 …
[ok] 撒母耳记上 4章 · 发现版 (19s, 2284字)
[gen] 撒母耳记上 5章 · 讲解版 …
[ok] 撒母耳记上 5章 · 讲解版 (21s, 2073字)
[gen] 撒母耳记上 5章 · 发现版 …
[ok] 撒母耳记上 5章 · 发现版 (23s, 2281字)
[gen] 撒母耳记上 6章 · 讲解版 …
[ok] 撒母耳记上 6章 · 讲解版 (21s, 2209字)
[gen] 撒母耳记上 6章 · 发现版 …
[ok] 撒母耳记上 6章 · 发现版 (18s, 1937字)
[gen] 撒母耳记上 7章 · 讲解版 …
[ok] 撒母耳记上 7章 · 讲解版 (21s, 2017字)
[gen] 撒母耳记上 7章 · 发现版 …
[ok] 撒母耳记上 7章 · 发现版 (20s, 2181字)
[gen] 撒母耳记上 8章 · 讲解版 …
[ok] 撒母耳记上 8章 · 讲解版 (20s, 2117字)
[gen] 撒母耳记上 8章 · 发现版 …
[ok] 撒母耳记上 8章 · 发现版 (20s, 2212字)
[gen] 撒母耳记上 9章 · 讲解版 …
[ok] 撒母耳记上 9章 · 讲解版 (20s, 2115字)
[gen] 撒母耳记上 9章 · 发现版 …
[ok] 撒母耳记上 9章 · 发现版 (20s, 2351字)
[gen] 撒母耳记上 10章 · 讲解版 …
[ok] 撒母耳记上 10章 · 讲解版 (23s, 2314字)
[gen] 撒母耳记上 10章 · 发现版 …
[ok] 撒母耳记上 10章 · 发现版 (18s, 2100字)
[gen] 撒母耳记上 11章 · 讲解版 …
[ok] 撒母耳记上 11章 · 讲解版 (19s, 1980字)
[gen] 撒母耳记上 11章 · 发现版 …
[ok] 撒母耳记上 11章 · 发现版 (16s, 1865字)
[gen] 撒母耳记上 12章 · 讲解版 …
[ok] 撒母耳记上 12章 · 讲解版 (19s, 2198字)
[gen] 撒母耳记上 12章 · 发现版 …
[ok] 撒母耳记上 12章 · 发现版 (19s, 2311字)
[gen] 撒母耳记上 13章 · 讲解版 …
[ok] 撒母耳记上 13章 · 讲解版 (19s, 2056字)
[gen] 撒母耳记上 13章 · 发现版 …
[ok] 撒母耳记上 13章 · 发现版 (20s, 2312字)
[gen] 撒母耳记上 14章 · 讲解版 …
[ok] 撒母耳记上 14章 · 讲解版 (21s, 2145字)
[gen] 撒母耳记上 14章 · 发现版 …
[ok] 撒母耳记上 14章 · 发现版 (23s, 2363字)
[gen] 撒母耳记上 15章 · 讲解版 …
[ok] 撒母耳记上 15章 · 讲解版 (17s, 1772字)
[gen] 撒母耳记上 15章 · 发现版 …
[ok] 撒母耳记上 15章 · 发现版 (18s, 2199字)
[gen] 撒母耳记上 16章 · 讲解版 …
[ok] 撒母耳记上 16章 · 讲解版 (20s, 2064字)
[gen] 撒母耳记上 16章 · 发现版 …
[ok] 撒母耳记上 16章 · 发现版 (20s, 2332字)
[gen] 撒母耳记上 17章 · 讲解版 …
[ok] 撒母耳记上 17章 · 讲解版 (19s, 2045字)
[gen] 撒母耳记上 17章 · 发现版 …
[ok] 撒母耳记上 17章 · 发现版 (20s, 2253字)
[gen] 撒母耳记上 18章 · 讲解版 …
[ok] 撒母耳记上 18章 · 讲解版 (21s, 2130字)
[gen] 撒母耳记上 18章 · 发现版 …
[ok] 撒母耳记上 18章 · 发现版 (20s, 2371字)
[gen] 撒母耳记上 19章 · 讲解版 …
[ok] 撒母耳记上 19章 · 讲解版 (19s, 1954字)
[gen] 撒母耳记上 19章 · 发现版 …
[ok] 撒母耳记上 19章 · 发现版 (17s, 1958字)
[gen] 撒母耳记上 20章 · 讲解版 …
[ok] 撒母耳记上 20章 · 讲解版 (19s, 2191字)
[gen] 撒母耳记上 20章 · 发现版 …
[ok] 撒母耳记上 20章 · 发现版 (21s, 2244字)
[gen] 撒母耳记上 21章 · 讲解版 …
[ok] 撒母耳记上 21章 · 讲解版 (20s, 2076字)
[gen] 撒母耳记上 21章 · 发现版 …
[ok] 撒母耳记上 21章 · 发现版 (19s, 2374字)
[gen] 撒母耳记上 22章 · 讲解版 …
[ok] 撒母耳记上 22章 · 讲解版 (20s, 1969字)
[gen] 撒母耳记上 22章 · 发现版 …
[ok] 撒母耳记上 22章 · 发现版 (16s, 2028字)
[gen] 撒母耳记上 23章 · 讲解版 …
[ok] 撒母耳记上 23章 · 讲解版 (20s, 1953字)
[gen] 撒母耳记上 23章 · 发现版 …
[ok] 撒母耳记上 23章 · 发现版 (20s, 2108字)
[gen] 撒母耳记上 24章 · 讲解版 …
[ok] 撒母耳记上 24章 · 讲解版 (22s, 2175字)
[gen] 撒母耳记上 24章 · 发现版 …
[ok] 撒母耳记上 24章 · 发现版 (18s, 2075字)
[gen] 撒母耳记上 25章 · 讲解版 …
[ok] 撒母耳记上 25章 · 讲解版 (18s, 1825字)
[gen] 撒母耳记上 25章 · 发现版 …
[ok] 撒母耳记上 25章 · 发现版 (18s, 2092字)
[gen] 撒母耳记上 26章 · 讲解版 …
[ok] 撒母耳记上 26章 · 讲解版 (19s, 1993字)
[gen] 撒母耳记上 26章 · 发现版 …
[ok] 撒母耳记上 26章 · 发现版 (18s, 2099字)
[gen] 撒母耳记上 27章 · 讲解版 …
[ok] 撒母耳记上 27章 · 讲解版 (20s, 1968字)
[gen] 撒母耳记上 27章 · 发现版 …
[ok] 撒母耳记上 27章 · 发现版 (20s, 2288字)
[gen] 撒母耳记上 28章 · 讲解版 …
[ok] 撒母耳记上 28章 · 讲解版 (21s, 2053字)
[gen] 撒母耳记上 28章 · 发现版 …
[ok] 撒母耳记上 28章 · 发现版 (24s, 2741字)
[gen] 撒母耳记上 29章 · 讲解版 …
[ok] 撒母耳记上 29章 · 讲解版 (18s, 1884字)
[gen] 撒母耳记上 29章 · 发现版 …
[ok] 撒母耳记上 29章 · 发现版 (18s, 1955字)
[gen] 撒母耳记上 30章 · 讲解版 …
[ok] 撒母耳记上 30章 · 讲解版 (20s, 1916字)
[gen] 撒母耳记上 30章 · 发现版 …
[ok] 撒母耳记上 30章 · 发现版 (19s, 2123字)
[gen] 撒母耳记上 31章 · 讲解版 …
[ok] 撒母耳记上 31章 · 讲解版 (22s, 2013字)
[gen] 撒母耳记上 31章 · 发现版 …
[ok] 撒母耳记上 31章 · 发现版 (17s, 1895字)
[gen] 撒母耳记下 1章 · 讲解版 …
[ok] 撒母耳记下 1章 · 讲解版 (16s, 1752字)
[gen] 撒母耳记下 1章 · 发现版 …
[ok] 撒母耳记下 1章 · 发现版 (16s, 1793字)
[gen] 撒母耳记下 2章 · 讲解版 …
[ok] 撒母耳记下 2章 · 讲解版 (18s, 1977字)
[gen] 撒母耳记下 2章 · 发现版 …
[ok] 撒母耳记下 2章 · 发现版 (22s, 2480字)
[gen] 撒母耳记下 3章 · 讲解版 …
[ok] 撒母耳记下 3章 · 讲解版 (20s, 2001字)
[gen] 撒母耳记下 3章 · 发现版 …
[ok] 撒母耳记下 3章 · 发现版 (20s, 2326字)
[gen] 撒母耳记下 4章 · 讲解版 …
[ok] 撒母耳记下 4章 · 讲解版 (18s, 2004字)
[gen] 撒母耳记下 4章 · 发现版 …
[ok] 撒母耳记下 4章 · 发现版 (20s, 2249字)
[gen] 撒母耳记下 5章 · 讲解版 …
[ok] 撒母耳记下 5章 · 讲解版 (23s, 2262字)
[gen] 撒母耳记下 5章 · 发现版 …
[ok] 撒母耳记下 5章 · 发现版 (17s, 2203字)
[gen] 撒母耳记下 6章 · 讲解版 …
[ok] 撒母耳记下 6章 · 讲解版 (22s, 2319字)
[gen] 撒母耳记下 6章 · 发现版 …
[ok] 撒母耳记下 6章 · 发现版 (20s, 2233字)
[gen] 撒母耳记下 7章 · 讲解版 …
[ok] 撒母耳记下 7章 · 讲解版 (22s, 2435字)
[gen] 撒母耳记下 7章 · 发现版 …
[ok] 撒母耳记下 7章 · 发现版 (20s, 2414字)
[gen] 撒母耳记下 8章 · 讲解版 …
[ok] 撒母耳记下 8章 · 讲解版 (21s, 2035字)
[gen] 撒母耳记下 8章 · 发现版 …
[ok] 撒母耳记下 8章 · 发现版 (15s, 1596字)
[gen] 撒母耳记下 9章 · 讲解版 …
[ok] 撒母耳记下 9章 · 讲解版 (16s, 1602字)
[gen] 撒母耳记下 9章 · 发现版 …
[ok] 撒母耳记下 9章 · 发现版 (21s, 2182字)
[gen] 撒母耳记下 10章 · 讲解版 …
[ok] 撒母耳记下 10章 · 讲解版 (23s, 2142字)
[gen] 撒母耳记下 10章 · 发现版 …
[ok] 撒母耳记下 10章 · 发现版 (14s, 1642字)
[gen] 撒母耳记下 11章 · 讲解版 …
[ok] 撒母耳记下 11章 · 讲解版 (23s, 2322字)
[gen] 撒母耳记下 11章 · 发现版 …
[ok] 撒母耳记下 11章 · 发现版 (20s, 2196字)
[gen] 撒母耳记下 12章 · 讲解版 …
[ok] 撒母耳记下 12章 · 讲解版 (18s, 1923字)
[gen] 撒母耳记下 12章 · 发现版 …
[ok] 撒母耳记下 12章 · 发现版 (21s, 2327字)
[gen] 撒母耳记下 13章 · 讲解版 …
[ok] 撒母耳记下 13章 · 讲解版 (26s, 2751字)
[gen] 撒母耳记下 13章 · 发现版 …
[ok] 撒母耳记下 13章 · 发现版 (20s, 2341字)
[gen] 撒母耳记下 14章 · 讲解版 …
[ok] 撒母耳记下 14章 · 讲解版 (21s, 2230字)
[gen] 撒母耳记下 14章 · 发现版 …
[ok] 撒母耳记下 14章 · 发现版 (20s, 2627字)
[gen] 撒母耳记下 15章 · 讲解版 …
[ok] 撒母耳记下 15章 · 讲解版 (19s, 2005字)
[gen] 撒母耳记下 15章 · 发现版 …
[ok] 撒母耳记下 15章 · 发现版 (22s, 2539字)
[gen] 撒母耳记下 16章 · 讲解版 …
[ok] 撒母耳记下 16章 · 讲解版 (22s, 2360字)
[gen] 撒母耳记下 16章 · 发现版 …
[ok] 撒母耳记下 16章 · 发现版 (16s, 1793字)
[gen] 撒母耳记下 17章 · 讲解版 …
[ok] 撒母耳记下 17章 · 讲解版 (20s, 2191字)
[gen] 撒母耳记下 17章 · 发现版 …
[ok] 撒母耳记下 17章 · 发现版 (18s, 1923字)
[gen] 撒母耳记下 18章 · 讲解版 …
[ok] 撒母耳记下 18章 · 讲解版 (19s, 2111字)
[gen] 撒母耳记下 18章 · 发现版 …
[ok] 撒母耳记下 18章 · 发现版 (17s, 1956字)
[gen] 撒母耳记下 19章 · 讲解版 …
[ok] 撒母耳记下 19章 · 讲解版 (18s, 1857字)
[gen] 撒母耳记下 19章 · 发现版 …
[ok] 撒母耳记下 19章 · 发现版 (20s, 2266字)
[gen] 撒母耳记下 20章 · 讲解版 …
[ok] 撒母耳记下 20章 · 讲解版 (19s, 1963字)
[gen] 撒母耳记下 20章 · 发现版 …
[ok] 撒母耳记下 20章 · 发现版 (19s, 2124字)
[gen] 撒母耳记下 21章 · 讲解版 …
[ok] 撒母耳记下 21章 · 讲解版 (20s, 2219字)
[gen] 撒母耳记下 21章 · 发现版 …
[ok] 撒母耳记下 21章 · 发现版 (19s, 2103字)
[gen] 撒母耳记下 22章 · 讲解版 …
[ok] 撒母耳记下 22章 · 讲解版 (21s, 2249字)
[gen] 撒母耳记下 22章 · 发现版 …
[ok] 撒母耳记下 22章 · 发现版 (16s, 1998字)
[gen] 撒母耳记下 23章 · 讲解版 …
[ok] 撒母耳记下 23章 · 讲解版 (19s, 1989字)
[gen] 撒母耳记下 23章 · 发现版 …
[ok] 撒母耳记下 23章 · 发现版 (21s, 2405字)
[gen] 撒母耳记下 24章 · 讲解版 …
[ok] 撒母耳记下 24章 · 讲解版 (24s, 2436字)
[gen] 撒母耳记下 24章 · 发现版 …
[ok] 撒母耳记下 24章 · 发现版 (17s, 1910字)
[gen] 列王纪上 1章 · 讲解版 …
[ok] 列王纪上 1章 · 讲解版 (21s, 2239字)
[gen] 列王纪上 1章 · 发现版 …
[ok] 列王纪上 1章 · 发现版 (20s, 2469字)
[gen] 列王纪上 2章 · 讲解版 …
[ok] 列王纪上 2章 · 讲解版 (21s, 1984字)
[gen] 列王纪上 2章 · 发现版 …
[ok] 列王纪上 2章 · 发现版 (18s, 2235字)
[gen] 列王纪上 3章 · 讲解版 …
[ok] 列王纪上 3章 · 讲解版 (18s, 1937字)
[gen] 列王纪上 3章 · 发现版 …
[ok] 列王纪上 3章 · 发现版 (18s, 2070字)
[gen] 列王纪上 4章 · 讲解版 …
[ok] 列王纪上 4章 · 讲解版 (22s, 2409字)
[gen] 列王纪上 4章 · 发现版 …
[ok] 列王纪上 4章 · 发现版 (14s, 1751字)
[gen] 列王纪上 5章 · 讲解版 …
[ok] 列王纪上 5章 · 讲解版 (18s, 1972字)
[gen] 列王纪上 5章 · 发现版 …
[ok] 列王纪上 5章 · 发现版 (17s, 2121字)
[gen] 列王纪上 6章 · 讲解版 …
[ok] 列王纪上 6章 · 讲解版 (19s, 2199字)
[gen] 列王纪上 6章 · 发现版 …
[ok] 列王纪上 6章 · 发现版 (15s, 1874字)
[gen] 列王纪上 7章 · 讲解版 …
[ok] 列王纪上 7章 · 讲解版 (20s, 1974字)
[gen] 列王纪上 7章 · 发现版 …
[ok] 列王纪上 7章 · 发现版 (22s, 2368字)
[gen] 列王纪上 8章 · 讲解版 …
[ok] 列王纪上 8章 · 讲解版 (28s, 2956字)
[gen] 列王纪上 8章 · 发现版 …
[ok] 列王纪上 8章 · 发现版 (18s, 2290字)
[gen] 列王纪上 9章 · 讲解版 …
[ok] 列王纪上 9章 · 讲解版 (21s, 2335字)
[gen] 列王纪上 9章 · 发现版 …
[ok] 列王纪上 9章 · 发现版 (18s, 2109字)
[gen] 列王纪上 10章 · 讲解版 …
[ok] 列王纪上 10章 · 讲解版 (19s, 2281字)
[gen] 列王纪上 10章 · 发现版 …
[ok] 列王纪上 10章 · 发现版 (18s, 2241字)
[gen] 列王纪上 11章 · 讲解版 …
[ok] 列王纪上 11章 · 讲解版 (17s, 1851字)
[gen] 列王纪上 11章 · 发现版 …
[ok] 列王纪上 11章 · 发现版 (22s, 2511字)
[gen] 列王纪上 12章 · 讲解版 …
[ok] 列王纪上 12章 · 讲解版 (20s, 2066字)
[gen] 列王纪上 12章 · 发现版 …
[ok] 列王纪上 12章 · 发现版 (15s, 1831字)
[gen] 列王纪上 13章 · 讲解版 …
[ok] 列王纪上 13章 · 讲解版 (20s, 2067字)
[gen] 列王纪上 13章 · 发现版 …
[ok] 列王纪上 13章 · 发现版 (16s, 2123字)
[gen] 列王纪上 14章 · 讲解版 …
[ok] 列王纪上 14章 · 讲解版 (24s, 2502字)
[gen] 列王纪上 14章 · 发现版 …
[ok] 列王纪上 14章 · 发现版 (20s, 2376字)
[gen] 列王纪上 15章 · 讲解版 …
[ok] 列王纪上 15章 · 讲解版 (19s, 2033字)
[gen] 列王纪上 15章 · 发现版 …
[ok] 列王纪上 15章 · 发现版 (20s, 2353字)
[gen] 列王纪上 16章 · 讲解版 …
[ok] 列王纪上 16章 · 讲解版 (22s, 2207字)
[gen] 列王纪上 16章 · 发现版 …
[ok] 列王纪上 16章 · 发现版 (20s, 2389字)
[gen] 列王纪上 17章 · 讲解版 …
[ok] 列王纪上 17章 · 讲解版 (22s, 2215字)
[gen] 列王纪上 17章 · 发现版 …
[ok] 列王纪上 17章 · 发现版 (20s, 2524字)
[gen] 列王纪上 18章 · 讲解版 …
[ok] 列王纪上 18章 · 讲解版 (18s, 2018字)
[gen] 列王纪上 18章 · 发现版 …
[ok] 列王纪上 18章 · 发现版 (19s, 2154字)
[gen] 列王纪上 19章 · 讲解版 …
[ok] 列王纪上 19章 · 讲解版 (19s, 2288字)
[gen] 列王纪上 19章 · 发现版 …
[ok] 列王纪上 19章 · 发现版 (21s, 2577字)
[gen] 列王纪上 20章 · 讲解版 …
[ok] 列王纪上 20章 · 讲解版 (23s, 2335字)
[gen] 列王纪上 20章 · 发现版 …
[ok] 列王纪上 20章 · 发现版 (17s, 2071字)
[gen] 列王纪上 21章 · 讲解版 …
[ok] 列王纪上 21章 · 讲解版 (20s, 2287字)
[gen] 列王纪上 21章 · 发现版 …
[ok] 列王纪上 21章 · 发现版 (20s, 2351字)
[gen] 列王纪上 22章 · 讲解版 …
[ok] 列王纪上 22章 · 讲解版 (16s, 1820字)
[gen] 列王纪上 22章 · 发现版 …
[ok] 列王纪上 22章 · 发现版 (23s, 2665字)
[gen] 列王纪下 1章 · 讲解版 …
[ok] 列王纪下 1章 · 讲解版 (20s, 2149字)
[gen] 列王纪下 1章 · 发现版 …
[ok] 列王纪下 1章 · 发现版 (15s, 1707字)
[gen] 列王纪下 2章 · 讲解版 …
[ok] 列王纪下 2章 · 讲解版 (16s, 1952字)
[gen] 列王纪下 2章 · 发现版 …
[ok] 列王纪下 2章 · 发现版 (20s, 2441字)
[gen] 列王纪下 3章 · 讲解版 …
[ok] 列王纪下 3章 · 讲解版 (18s, 1875字)
[gen] 列王纪下 3章 · 发现版 …
[ok] 列王纪下 3章 · 发现版 (23s, 2612字)
[gen] 列王纪下 4章 · 讲解版 …
[ok] 列王纪下 4章 · 讲解版 (23s, 2354字)
[gen] 列王纪下 4章 · 发现版 …
[ok] 列王纪下 4章 · 发现版 (24s, 2567字)
[gen] 列王纪下 5章 · 讲解版 …
[ok] 列王纪下 5章 · 讲解版 (19s, 1990字)
[gen] 列王纪下 5章 · 发现版 …
[ok] 列王纪下 5章 · 发现版 (26s, 2867字)
[gen] 列王纪下 6章 · 讲解版 …
[ok] 列王纪下 6章 · 讲解版 (27s, 2652字)
[gen] 列王纪下 6章 · 发现版 …
[ok] 列王纪下 6章 · 发现版 (26s, 2647字)
[gen] 列王纪下 7章 · 讲解版 …
[ok] 列王纪下 7章 · 讲解版 (17s, 1805字)
[gen] 列王纪下 7章 · 发现版 …
[ok] 列王纪下 7章 · 发现版 (18s, 2056字)
[gen] 列王纪下 8章 · 讲解版 …
[ok] 列王纪下 8章 · 讲解版 (18s, 1909字)
[gen] 列王纪下 8章 · 发现版 …
[ok] 列王纪下 8章 · 发现版 (19s, 2070字)
[gen] 列王纪下 9章 · 讲解版 …
[ok] 列王纪下 9章 · 讲解版 (22s, 2228字)
[gen] 列王纪下 9章 · 发现版 …
[ok] 列王纪下 9章 · 发现版 (21s, 2500字)
[gen] 列王纪下 10章 · 讲解版 …
[ok] 列王纪下 10章 · 讲解版 (18s, 1893字)
[gen] 列王纪下 10章 · 发现版 …
[ok] 列王纪下 10章 · 发现版 (18s, 2151字)
[gen] 列王纪下 11章 · 讲解版 …
[ok] 列王纪下 11章 · 讲解版 (18s, 1811字)
[gen] 列王纪下 11章 · 发现版 …
[ok] 列王纪下 11章 · 发现版 (21s, 2240字)
[gen] 列王纪下 12章 · 讲解版 …
[ok] 列王纪下 12章 · 讲解版 (17s, 1802字)
[gen] 列王纪下 12章 · 发现版 …
[ok] 列王纪下 12章 · 发现版 (14s, 1760字)
[gen] 列王纪下 13章 · 讲解版 …
[ok] 列王纪下 13章 · 讲解版 (23s, 2547字)
[gen] 列王纪下 13章 · 发现版 …
[ok] 列王纪下 13章 · 发现版 (18s, 2063字)
[gen] 列王纪下 14章 · 讲解版 …
[ok] 列王纪下 14章 · 讲解版 (18s, 2030字)
[gen] 列王纪下 14章 · 发现版 …
[ok] 列王纪下 14章 · 发现版 (21s, 2369字)
[gen] 列王纪下 15章 · 讲解版 …
[ok] 列王纪下 15章 · 讲解版 (22s, 2262字)
[gen] 列王纪下 15章 · 发现版 …
[ok] 列王纪下 15章 · 发现版 (21s, 2489字)
[gen] 列王纪下 16章 · 讲解版 …
[ok] 列王纪下 16章 · 讲解版 (20s, 2138字)
[gen] 列王纪下 16章 · 发现版 …
[ok] 列王纪下 16章 · 发现版 (20s, 2283字)
[gen] 列王纪下 17章 · 讲解版 …
[ok] 列王纪下 17章 · 讲解版 (21s, 2271字)
[gen] 列王纪下 17章 · 发现版 …
[ok] 列王纪下 17章 · 发现版 (20s, 2261字)
[gen] 列王纪下 18章 · 讲解版 …
[ok] 列王纪下 18章 · 讲解版 (20s, 2096字)
[gen] 列王纪下 18章 · 发现版 …
[ok] 列王纪下 18章 · 发现版 (21s, 2346字)
[gen] 列王纪下 19章 · 讲解版 …
[ok] 列王纪下 19章 · 讲解版 (22s, 2335字)
[gen] 列王纪下 19章 · 发现版 …
[ok] 列王纪下 19章 · 发现版 (19s, 2306字)
[gen] 列王纪下 20章 · 讲解版 …
[ok] 列王纪下 20章 · 讲解版 (22s, 2313字)
[gen] 列王纪下 20章 · 发现版 …
[ok] 列王纪下 20章 · 发现版 (17s, 2026字)
[gen] 列王纪下 21章 · 讲解版 …
[ok] 列王纪下 21章 · 讲解版 (18s, 1902字)
[gen] 列王纪下 21章 · 发现版 …
[ok] 列王纪下 21章 · 发现版 (17s, 1943字)
[gen] 列王纪下 22章 · 讲解版 …
[ok] 列王纪下 22章 · 讲解版 (22s, 2351字)
[gen] 列王纪下 22章 · 发现版 …
[ok] 列王纪下 22章 · 发现版 (18s, 2011字)
[gen] 列王纪下 23章 · 讲解版 …
[ok] 列王纪下 23章 · 讲解版 (21s, 2301字)
[gen] 列王纪下 23章 · 发现版 …
[ok] 列王纪下 23章 · 发现版 (19s, 2305字)
[gen] 列王纪下 24章 · 讲解版 …
[ok] 列王纪下 24章 · 讲解版 (23s, 2403字)
[gen] 列王纪下 24章 · 发现版 …
[ok] 列王纪下 24章 · 发现版 (19s, 2077字)
[gen] 列王纪下 25章 · 讲解版 …
[ok] 列王纪下 25章 · 讲解版 (18s, 1788字)
[gen] 列王纪下 25章 · 发现版 …
[ok] 列王纪下 25章 · 发现版 (16s, 1838字)
[gen] 历代志上 1章 · 讲解版 …
[ok] 历代志上 1章 · 讲解版 (16s, 1970字)
[gen] 历代志上 1章 · 发现版 …
[ok] 历代志上 1章 · 发现版 (18s, 2053字)
[gen] 历代志上 2章 · 讲解版 …
[ok] 历代志上 2章 · 讲解版 (18s, 1955字)
[gen] 历代志上 2章 · 发现版 …
[ok] 历代志上 2章 · 发现版 (21s, 2353字)
[gen] 历代志上 3章 · 讲解版 …
[ok] 历代志上 3章 · 讲解版 (19s, 2126字)
[gen] 历代志上 3章 · 发现版 …
[ok] 历代志上 3章 · 发现版 (19s, 2152字)
[gen] 历代志上 4章 · 讲解版 …
[ok] 历代志上 4章 · 讲解版 (15s, 1883字)
[gen] 历代志上 4章 · 发现版 …
[ok] 历代志上 4章 · 发现版 (21s, 2390字)
[gen] 历代志上 5章 · 讲解版 …
[ok] 历代志上 5章 · 讲解版 (23s, 2519字)
[gen] 历代志上 5章 · 发现版 …
[ok] 历代志上 5章 · 发现版 (18s, 2195字)
[gen] 历代志上 6章 · 讲解版 …
[ok] 历代志上 6章 · 讲解版 (19s, 2019字)
[gen] 历代志上 6章 · 发现版 …
[ok] 历代志上 6章 · 发现版 (19s, 2115字)
[gen] 历代志上 7章 · 讲解版 …
[ok] 历代志上 7章 · 讲解版 (17s, 1923字)
[gen] 历代志上 7章 · 发现版 …
[ok] 历代志上 7章 · 发现版 (18s, 2333字)
[gen] 历代志上 8章 · 讲解版 …
[ok] 历代志上 8章 · 讲解版 (17s, 2012字)
[gen] 历代志上 8章 · 发现版 …
[ok] 历代志上 8章 · 发现版 (16s, 1935字)
[gen] 历代志上 9章 · 讲解版 …
[ok] 历代志上 9章 · 讲解版 (15s, 1811字)
[gen] 历代志上 9章 · 发现版 …
[ok] 历代志上 9章 · 发现版 (20s, 2415字)
[gen] 历代志上 10章 · 讲解版 …
[ok] 历代志上 10章 · 讲解版 (18s, 1976字)
[gen] 历代志上 10章 · 发现版 …
[ok] 历代志上 10章 · 发现版 (14s, 1702字)
[gen] 历代志上 11章 · 讲解版 …
[ok] 历代志上 11章 · 讲解版 (18s, 1916字)
[gen] 历代志上 11章 · 发现版 …
[ok] 历代志上 11章 · 发现版 (21s, 2475字)
[gen] 历代志上 12章 · 讲解版 …
[ok] 历代志上 12章 · 讲解版 (18s, 1906字)
[gen] 历代志上 12章 · 发现版 …
[ok] 历代志上 12章 · 发现版 (18s, 2072字)
[gen] 历代志上 13章 · 讲解版 …
[ok] 历代志上 13章 · 讲解版 (18s, 1950字)
[gen] 历代志上 13章 · 发现版 …
[ok] 历代志上 13章 · 发现版 (16s, 2053字)
[gen] 历代志上 14章 · 讲解版 …
[ok] 历代志上 14章 · 讲解版 (19s, 2030字)
[gen] 历代志上 14章 · 发现版 …
[ok] 历代志上 14章 · 发现版 (19s, 2216字)
[gen] 历代志上 15章 · 讲解版 …
[ok] 历代志上 15章 · 讲解版 (19s, 2034字)
[gen] 历代志上 15章 · 发现版 …
[ok] 历代志上 15章 · 发现版 (17s, 2132字)
[gen] 历代志上 16章 · 讲解版 …
[ok] 历代志上 16章 · 讲解版 (17s, 1879字)
[gen] 历代志上 16章 · 发现版 …
[ok] 历代志上 16章 · 发现版 (19s, 2248字)
[gen] 历代志上 17章 · 讲解版 …
[ok] 历代志上 17章 · 讲解版 (19s, 2261字)
[gen] 历代志上 17章 · 发现版 …
[ok] 历代志上 17章 · 发现版 (16s, 1902字)
[gen] 历代志上 18章 · 讲解版 …
[ok] 历代志上 18章 · 讲解版 (18s, 1872字)
[gen] 历代志上 18章 · 发现版 …
[ok] 历代志上 18章 · 发现版 (18s, 2013字)
[gen] 历代志上 19章 · 讲解版 …
[ok] 历代志上 19章 · 讲解版 (19s, 2098字)
[gen] 历代志上 19章 · 发现版 …
[ok] 历代志上 19章 · 发现版 (16s, 1889字)
[gen] 历代志上 20章 · 讲解版 …
[ok] 历代志上 20章 · 讲解版 (17s, 1918字)
[gen] 历代志上 20章 · 发现版 …
[ok] 历代志上 20章 · 发现版 (19s, 2157字)
[gen] 历代志上 21章 · 讲解版 …
[ok] 历代志上 21章 · 讲解版 (23s, 2292字)
[gen] 历代志上 21章 · 发现版 …
[ok] 历代志上 21章 · 发现版 (19s, 2284字)
[gen] 历代志上 22章 · 讲解版 …
[ok] 历代志上 22章 · 讲解版 (18s, 1891字)
[gen] 历代志上 22章 · 发现版 …
[ok] 历代志上 22章 · 发现版 (17s, 2119字)
[gen] 历代志上 23章 · 讲解版 …
[ok] 历代志上 23章 · 讲解版 (20s, 2047字)
[gen] 历代志上 23章 · 发现版 …
[ok] 历代志上 23章 · 发现版 (21s, 2298字)
[gen] 历代志上 24章 · 讲解版 …
[ok] 历代志上 24章 · 讲解版 (18s, 1966字)
[gen] 历代志上 24章 · 发现版 …
[ok] 历代志上 24章 · 发现版 (16s, 1802字)
[gen] 历代志上 25章 · 讲解版 …
[ok] 历代志上 25章 · 讲解版 (19s, 1945字)
[gen] 历代志上 25章 · 发现版 …
[ok] 历代志上 25章 · 发现版 (18s, 2176字)
[gen] 历代志上 26章 · 讲解版 …
[ok] 历代志上 26章 · 讲解版 (19s, 2004字)
[gen] 历代志上 26章 · 发现版 …
[ok] 历代志上 26章 · 发现版 (17s, 2031字)
[gen] 历代志上 27章 · 讲解版 …
[ok] 历代志上 27章 · 讲解版 (21s, 2060字)
[gen] 历代志上 27章 · 发现版 …
[ok] 历代志上 27章 · 发现版 (17s, 1928字)
[gen] 历代志上 28章 · 讲解版 …
[ok] 历代志上 28章 · 讲解版 (25s, 2440字)
[gen] 历代志上 28章 · 发现版 …
[ok] 历代志上 28章 · 发现版 (20s, 2101字)
[gen] 历代志上 29章 · 讲解版 …
[ok] 历代志上 29章 · 讲解版 (22s, 2383字)
[gen] 历代志上 29章 · 发现版 …
[ok] 历代志上 29章 · 发现版 (19s, 2141字)
[gen] 历代志下 1章 · 讲解版 …
[ok] 历代志下 1章 · 讲解版 (21s, 2074字)
[gen] 历代志下 1章 · 发现版 …
[ok] 历代志下 1章 · 发现版 (21s, 2053字)
[gen] 历代志下 2章 · 讲解版 …
[ok] 历代志下 2章 · 讲解版 (21s, 2119字)
[gen] 历代志下 2章 · 发现版 …
[ok] 历代志下 2章 · 发现版 (20s, 2022字)
[gen] 历代志下 3章 · 讲解版 …
[ok] 历代志下 3章 · 讲解版 (22s, 2027字)
[gen] 历代志下 3章 · 发现版 …
[ok] 历代志下 3章 · 发现版 (18s, 2013字)
[gen] 历代志下 4章 · 讲解版 …
[ok] 历代志下 4章 · 讲解版 (18s, 1844字)
[gen] 历代志下 4章 · 发现版 …
[ok] 历代志下 4章 · 发现版 (18s, 2098字)
[gen] 历代志下 5章 · 讲解版 …
[ok] 历代志下 5章 · 讲解版 (18s, 2086字)
[gen] 历代志下 5章 · 发现版 …
[ok] 历代志下 5章 · 发现版 (15s, 1699字)
[gen] 历代志下 6章 · 讲解版 …
[ok] 历代志下 6章 · 讲解版 (25s, 2756字)
[gen] 历代志下 6章 · 发现版 …
[ok] 历代志下 6章 · 发现版 (16s, 2143字)
[gen] 历代志下 7章 · 讲解版 …
[ok] 历代志下 7章 · 讲解版 (14s, 1575字)
[gen] 历代志下 7章 · 发现版 …
[ok] 历代志下 7章 · 发现版 (18s, 2233字)
[gen] 历代志下 8章 · 讲解版 …
[ok] 历代志下 8章 · 讲解版 (17s, 1884字)
[gen] 历代志下 8章 · 发现版 …
[ok] 历代志下 8章 · 发现版 (16s, 1922字)
[gen] 历代志下 9章 · 讲解版 …
[ok] 历代志下 9章 · 讲解版 (21s, 2217字)
[gen] 历代志下 9章 · 发现版 …
[ok] 历代志下 9章 · 发现版 (17s, 2027字)
[gen] 历代志下 10章 · 讲解版 …
[ok] 历代志下 10章 · 讲解版 (15s, 1749字)
[gen] 历代志下 10章 · 发现版 …
[ok] 历代志下 10章 · 发现版 (16s, 2019字)
[gen] 历代志下 11章 · 讲解版 …
[ok] 历代志下 11章 · 讲解版 (17s, 1935字)
[gen] 历代志下 11章 · 发现版 …
[ok] 历代志下 11章 · 发现版 (20s, 2272字)
[gen] 历代志下 12章 · 讲解版 …
[ok] 历代志下 12章 · 讲解版 (23s, 2468字)
[gen] 历代志下 12章 · 发现版 …
[ok] 历代志下 12章 · 发现版 (21s, 2503字)
[gen] 历代志下 13章 · 讲解版 …
[ok] 历代志下 13章 · 讲解版 (18s, 2015字)
[gen] 历代志下 13章 · 发现版 …
[ok] 历代志下 13章 · 发现版 (14s, 1680字)
[gen] 历代志下 14章 · 讲解版 …
[ok] 历代志下 14章 · 讲解版 (17s, 2023字)
[gen] 历代志下 14章 · 发现版 …
[ok] 历代志下 14章 · 发现版 (13s, 1750字)
[gen] 历代志下 15章 · 讲解版 …
[ok] 历代志下 15章 · 讲解版 (17s, 1842字)
[gen] 历代志下 15章 · 发现版 …
[ok] 历代志下 15章 · 发现版 (18s, 2135字)
[gen] 历代志下 16章 · 讲解版 …
[ok] 历代志下 16章 · 讲解版 (17s, 1852字)
[gen] 历代志下 16章 · 发现版 …
[ok] 历代志下 16章 · 发现版 (16s, 2170字)
[gen] 历代志下 17章 · 讲解版 …
[ok] 历代志下 17章 · 讲解版 (17s, 1912字)
[gen] 历代志下 17章 · 发现版 …
[ok] 历代志下 17章 · 发现版 (16s, 1997字)
[gen] 历代志下 18章 · 讲解版 …
[ok] 历代志下 18章 · 讲解版 (19s, 2151字)
[gen] 历代志下 18章 · 发现版 …
[ok] 历代志下 18章 · 发现版 (19s, 2239字)
[gen] 历代志下 19章 · 讲解版 …
[ok] 历代志下 19章 · 讲解版 (15s, 1865字)
[gen] 历代志下 19章 · 发现版 …
[ok] 历代志下 19章 · 发现版 (20s, 2532字)
[gen] 历代志下 20章 · 讲解版 …
[ok] 历代志下 20章 · 讲解版 (17s, 2047字)
[gen] 历代志下 20章 · 发现版 …
[ok] 历代志下 20章 · 发现版 (17s, 2291字)
[gen] 历代志下 21章 · 讲解版 …
[ok] 历代志下 21章 · 讲解版 (16s, 1921字)
[gen] 历代志下 21章 · 发现版 …
[ok] 历代志下 21章 · 发现版 (15s, 1854字)
[gen] 历代志下 22章 · 讲解版 …
[ok] 历代志下 22章 · 讲解版 (18s, 1934字)
[gen] 历代志下 22章 · 发现版 …
[ok] 历代志下 22章 · 发现版 (15s, 1724字)
[gen] 历代志下 23章 · 讲解版 …
[ok] 历代志下 23章 · 讲解版 (19s, 1945字)
[gen] 历代志下 23章 · 发现版 …
[ok] 历代志下 23章 · 发现版 (19s, 2186字)
[gen] 历代志下 24章 · 讲解版 …
[ok] 历代志下 24章 · 讲解版 (18s, 2024字)
[gen] 历代志下 24章 · 发现版 …
[ok] 历代志下 24章 · 发现版 (19s, 2321字)
[gen] 历代志下 25章 · 讲解版 …
[ok] 历代志下 25章 · 讲解版 (17s, 1966字)
[gen] 历代志下 25章 · 发现版 …
[ok] 历代志下 25章 · 发现版 (21s, 2490字)
[gen] 历代志下 26章 · 讲解版 …
[ok] 历代志下 26章 · 讲解版 (17s, 1956字)
[gen] 历代志下 26章 · 发现版 …
[ok] 历代志下 26章 · 发现版 (16s, 2129字)
[gen] 历代志下 27章 · 讲解版 …
[ok] 历代志下 27章 · 讲解版 (16s, 1831字)
[gen] 历代志下 27章 · 发现版 …
[ok] 历代志下 27章 · 发现版 (16s, 1976字)
[gen] 历代志下 28章 · 讲解版 …
[ok] 历代志下 28章 · 讲解版 (18s, 2192字)
[gen] 历代志下 28章 · 发现版 …
[ok] 历代志下 28章 · 发现版 (18s, 2143字)
[gen] 历代志下 29章 · 讲解版 …
[ok] 历代志下 29章 · 讲解版 (18s, 2053字)
[gen] 历代志下 29章 · 发现版 …
[ok] 历代志下 29章 · 发现版 (16s, 1924字)
[gen] 历代志下 30章 · 讲解版 …
[ok] 历代志下 30章 · 讲解版 (16s, 1986字)
[gen] 历代志下 30章 · 发现版 …
[ok] 历代志下 30章 · 发现版 (17s, 2016字)
[gen] 历代志下 31章 · 讲解版 …
[ok] 历代志下 31章 · 讲解版 (21s, 2344字)
[gen] 历代志下 31章 · 发现版 …
[ok] 历代志下 31章 · 发现版 (19s, 2393字)
[gen] 历代志下 32章 · 讲解版 …
[ok] 历代志下 32章 · 讲解版 (18s, 1963字)
[gen] 历代志下 32章 · 发现版 …
[ok] 历代志下 32章 · 发现版 (17s, 2250字)
[gen] 历代志下 33章 · 讲解版 …
[ok] 历代志下 33章 · 讲解版 (19s, 2239字)
[gen] 历代志下 33章 · 发现版 …
[ok] 历代志下 33章 · 发现版 (17s, 2203字)
[gen] 历代志下 34章 · 讲解版 …
[ok] 历代志下 34章 · 讲解版 (21s, 2556字)
[gen] 历代志下 34章 · 发现版 …
[ok] 历代志下 34章 · 发现版 (14s, 1873字)
[gen] 历代志下 35章 · 讲解版 …
[ok] 历代志下 35章 · 讲解版 (21s, 2431字)
[gen] 历代志下 35章 · 发现版 …
[ok] 历代志下 35章 · 发现版 (16s, 2024字)
[gen] 历代志下 36章 · 讲解版 …
[ok] 历代志下 36章 · 讲解版 (20s, 2193字)
[gen] 历代志下 36章 · 发现版 …
[ok] 历代志下 36章 · 发现版 (17s, 2062字)
[gen] 以斯拉记 1章 · 讲解版 …
[ok] 以斯拉记 1章 · 讲解版 (16s, 1846字)
[gen] 以斯拉记 1章 · 发现版 …
[ok] 以斯拉记 1章 · 发现版 (16s, 2017字)
[gen] 以斯拉记 2章 · 讲解版 …
[ok] 以斯拉记 2章 · 讲解版 (19s, 2105字)
[gen] 以斯拉记 2章 · 发现版 …
[ok] 以斯拉记 2章 · 发现版 (19s, 2253字)
[gen] 以斯拉记 3章 · 讲解版 …
[ok] 以斯拉记 3章 · 讲解版 (15s, 1816字)
[gen] 以斯拉记 3章 · 发现版 …
[ok] 以斯拉记 3章 · 发现版 (18s, 2285字)
[gen] 以斯拉记 4章 · 讲解版 …
[ok] 以斯拉记 4章 · 讲解版 (17s, 2096字)
[gen] 以斯拉记 4章 · 发现版 …
[ok] 以斯拉记 4章 · 发现版 (19s, 2230字)
[gen] 以斯拉记 5章 · 讲解版 …
[ok] 以斯拉记 5章 · 讲解版 (19s, 2298字)
[gen] 以斯拉记 5章 · 发现版 …
[ok] 以斯拉记 5章 · 发现版 (18s, 2338字)
[gen] 以斯拉记 6章 · 讲解版 …
[ok] 以斯拉记 6章 · 讲解版 (15s, 1698字)
[gen] 以斯拉记 6章 · 发现版 …
[ok] 以斯拉记 6章 · 发现版 (16s, 2029字)
[gen] 以斯拉记 7章 · 讲解版 …
[ok] 以斯拉记 7章 · 讲解版 (23s, 2672字)
[gen] 以斯拉记 7章 · 发现版 …
[ok] 以斯拉记 7章 · 发现版 (17s, 2131字)
[gen] 以斯拉记 8章 · 讲解版 …
[ok] 以斯拉记 8章 · 讲解版 (22s, 2648字)
[gen] 以斯拉记 8章 · 发现版 …
[ok] 以斯拉记 8章 · 发现版 (14s, 1913字)
[gen] 以斯拉记 9章 · 讲解版 …
[ok] 以斯拉记 9章 · 讲解版 (17s, 1991字)
[gen] 以斯拉记 9章 · 发现版 …
[ok] 以斯拉记 9章 · 发现版 (16s, 2165字)
[gen] 以斯拉记 10章 · 讲解版 …
[ok] 以斯拉记 10章 · 讲解版 (20s, 2364字)
[gen] 以斯拉记 10章 · 发现版 …
[ok] 以斯拉记 10章 · 发现版 (18s, 2224字)
[gen] 尼希米记 1章 · 讲解版 …
[ok] 尼希米记 1章 · 讲解版 (16s, 1916字)
[gen] 尼希米记 1章 · 发现版 …
[ok] 尼希米记 1章 · 发现版 (16s, 2191字)
[gen] 尼希米记 2章 · 讲解版 …
[ok] 尼希米记 2章 · 讲解版 (18s, 2135字)
[gen] 尼希米记 2章 · 发现版 …
[ok] 尼希米记 2章 · 发现版 (16s, 2177字)
[gen] 尼希米记 3章 · 讲解版 …
[ok] 尼希米记 3章 · 讲解版 (18s, 1998字)
[gen] 尼希米记 3章 · 发现版 …
[ok] 尼希米记 3章 · 发现版 (19s, 2367字)
[gen] 尼希米记 4章 · 讲解版 …
[ok] 尼希米记 4章 · 讲解版 (19s, 2251字)
[gen] 尼希米记 4章 · 发现版 …
[ok] 尼希米记 4章 · 发现版 (17s, 2192字)
[gen] 尼希米记 5章 · 讲解版 …
[ok] 尼希米记 5章 · 讲解版 (18s, 2099字)
[gen] 尼希米记 5章 · 发现版 …
[ok] 尼希米记 5章 · 发现版 (17s, 2186字)
[gen] 尼希米记 6章 · 讲解版 …
[ok] 尼希米记 6章 · 讲解版 (16s, 1894字)
[gen] 尼希米记 6章 · 发现版 …
[ok] 尼希米记 6章 · 发现版 (16s, 2179字)
[gen] 尼希米记 7章 · 讲解版 …
[ok] 尼希米记 7章 · 讲解版 (17s, 1906字)
[gen] 尼希米记 7章 · 发现版 …
[ok] 尼希米记 7章 · 发现版 (17s, 2061字)
[gen] 尼希米记 8章 · 讲解版 …
[ok] 尼希米记 8章 · 讲解版 (22s, 2505字)
[gen] 尼希米记 8章 · 发现版 …
[ok] 尼希米记 8章 · 发现版 (14s, 1836字)
[gen] 尼希米记 9章 · 讲解版 …
[ok] 尼希米记 9章 · 讲解版 (18s, 2213字)
[gen] 尼希米记 9章 · 发现版 …
[ok] 尼希米记 9章 · 发现版 (20s, 2476字)
[gen] 尼希米记 10章 · 讲解版 …
[ok] 尼希米记 10章 · 讲解版 (18s, 2116字)
[gen] 尼希米记 10章 · 发现版 …
[ok] 尼希米记 10章 · 发现版 (12s, 1643字)
[gen] 尼希米记 11章 · 讲解版 …
[ok] 尼希米记 11章 · 讲解版 (19s, 2216字)
[gen] 尼希米记 11章 · 发现版 …
[ok] 尼希米记 11章 · 发现版 (17s, 2223字)
[gen] 尼希米记 12章 · 讲解版 …
[ok] 尼希米记 12章 · 讲解版 (22s, 2467字)
[gen] 尼希米记 12章 · 发现版 …
[ok] 尼希米记 12章 · 发现版 (17s, 2143字)
[gen] 尼希米记 13章 · 讲解版 …
[ok] 尼希米记 13章 · 讲解版 (18s, 2152字)
[gen] 尼希米记 13章 · 发现版 …
[ok] 尼希米记 13章 · 发现版 (20s, 2489字)
[gen] 以斯帖记 1章 · 讲解版 …
[ok] 以斯帖记 1章 · 讲解版 (19s, 2190字)
[gen] 以斯帖记 1章 · 发现版 …
[ok] 以斯帖记 1章 · 发现版 (18s, 2174字)
[gen] 以斯帖记 2章 · 讲解版 …
[ok] 以斯帖记 2章 · 讲解版 (15s, 1931字)
[gen] 以斯帖记 2章 · 发现版 …
[ok] 以斯帖记 2章 · 发现版 (15s, 1991字)
[gen] 以斯帖记 3章 · 讲解版 …
[ok] 以斯帖记 3章 · 讲解版 (17s, 1957字)
[gen] 以斯帖记 3章 · 发现版 …
[ok] 以斯帖记 3章 · 发现版 (14s, 1848字)
[gen] 以斯帖记 4章 · 讲解版 …
[ok] 以斯帖记 4章 · 讲解版 (14s, 1893字)
[gen] 以斯帖记 4章 · 发现版 …
[ok] 以斯帖记 4章 · 发现版 (17s, 2315字)
[gen] 以斯帖记 5章 · 讲解版 …
[ok] 以斯帖记 5章 · 讲解版 (17s, 1995字)
[gen] 以斯帖记 5章 · 发现版 …
[ok] 以斯帖记 5章 · 发现版 (16s, 2150字)
[gen] 以斯帖记 6章 · 讲解版 …
[ok] 以斯帖记 6章 · 讲解版 (19s, 2165字)
[gen] 以斯帖记 6章 · 发现版 …
[ok] 以斯帖记 6章 · 发现版 (14s, 1929字)
[gen] 以斯帖记 7章 · 讲解版 …
[ok] 以斯帖记 7章 · 讲解版 (18s, 1921字)
[gen] 以斯帖记 7章 · 发现版 …
[ok] 以斯帖记 7章 · 发现版 (17s, 1956字)
[gen] 以斯帖记 8章 · 讲解版 …
[ok] 以斯帖记 8章 · 讲解版 (22s, 2244字)
[gen] 以斯帖记 8章 · 发现版 …
[ok] 以斯帖记 8章 · 发现版 (17s, 2107字)
[gen] 以斯帖记 9章 · 讲解版 …
[ok] 以斯帖记 9章 · 讲解版 (19s, 1969字)
[gen] 以斯帖记 9章 · 发现版 …
[ok] 以斯帖记 9章 · 发现版 (15s, 1875字)
[gen] 以斯帖记 10章 · 讲解版 …
[ok] 以斯帖记 10章 · 讲解版 (16s, 1714字)
[gen] 以斯帖记 10章 · 发现版 …
[ok] 以斯帖记 10章 · 发现版 (12s, 1517字)
[gen] 约伯记 1章 · 讲解版 …
[ok] 约伯记 1章 · 讲解版 (23s, 2571字)
[gen] 约伯记 1章 · 发现版 …
[ok] 约伯记 1章 · 发现版 (17s, 2207字)
[gen] 约伯记 2章 · 讲解版 …
[ok] 约伯记 2章 · 讲解版 (18s, 2074字)
[gen] 约伯记 2章 · 发现版 …
[ok] 约伯记 2章 · 发现版 (18s, 2162字)
[gen] 约伯记 3章 · 讲解版 …
[ok] 约伯记 3章 · 讲解版 (17s, 2094字)
[gen] 约伯记 3章 · 发现版 …
[ok] 约伯记 3章 · 发现版 (17s, 2291字)
[gen] 约伯记 4章 · 讲解版 …
[ok] 约伯记 4章 · 讲解版 (17s, 2172字)
[gen] 约伯记 4章 · 发现版 …
[ok] 约伯记 4章 · 发现版 (15s, 1792字)
[gen] 约伯记 5章 · 讲解版 …
[ok] 约伯记 5章 · 讲解版 (21s, 2415字)
[gen] 约伯记 5章 · 发现版 …
[ok] 约伯记 5章 · 发现版 (18s, 2189字)
[gen] 约伯记 6章 · 讲解版 …
[ok] 约伯记 6章 · 讲解版 (17s, 1928字)
[gen] 约伯记 6章 · 发现版 …
[ok] 约伯记 6章 · 发现版 (15s, 1833字)
[gen] 约伯记 7章 · 讲解版 …
[ok] 约伯记 7章 · 讲解版 (20s, 2025字)
[gen] 约伯记 7章 · 发现版 …
[ok] 约伯记 7章 · 发现版 (16s, 1784字)
[gen] 约伯记 8章 · 讲解版 …
[ok] 约伯记 8章 · 讲解版 (20s, 2066字)
[gen] 约伯记 8章 · 发现版 …
[ok] 约伯记 8章 · 发现版 (18s, 2008字)
[gen] 约伯记 9章 · 讲解版 …
[ok] 约伯记 9章 · 讲解版 (19s, 2063字)
[gen] 约伯记 9章 · 发现版 …
[ok] 约伯记 9章 · 发现版 (16s, 1992字)
[gen] 约伯记 10章 · 讲解版 …
[ok] 约伯记 10章 · 讲解版 (21s, 2031字)
[gen] 约伯记 10章 · 发现版 …
[ok] 约伯记 10章 · 发现版 (17s, 1728字)
[gen] 约伯记 11章 · 讲解版 …
[ok] 约伯记 11章 · 讲解版 (14s, 1664字)
[gen] 约伯记 11章 · 发现版 …
[ok] 约伯记 11章 · 发现版 (16s, 1933字)
[gen] 约伯记 12章 · 讲解版 …
[ok] 约伯记 12章 · 讲解版 (21s, 2386字)
[gen] 约伯记 12章 · 发现版 …
[ok] 约伯记 12章 · 发现版 (18s, 2116字)
[gen] 约伯记 13章 · 讲解版 …
[ok] 约伯记 13章 · 讲解版 (18s, 1873字)
[gen] 约伯记 13章 · 发现版 …
[ok] 约伯记 13章 · 发现版 (16s, 1986字)
[gen] 约伯记 14章 · 讲解版 …
[ok] 约伯记 14章 · 讲解版 (23s, 2510字)
[gen] 约伯记 14章 · 发现版 …
[ok] 约伯记 14章 · 发现版 (18s, 2363字)
[gen] 约伯记 15章 · 讲解版 …
[ok] 约伯记 15章 · 讲解版 (18s, 2127字)
[gen] 约伯记 15章 · 发现版 …
[ok] 约伯记 15章 · 发现版 (15s, 1896字)
[gen] 约伯记 16章 · 讲解版 …
[ok] 约伯记 16章 · 讲解版 (18s, 1950字)
[gen] 约伯记 16章 · 发现版 …
[ok] 约伯记 16章 · 发现版 (14s, 1900字)
[gen] 约伯记 17章 · 讲解版 …
[ok] 约伯记 17章 · 讲解版 (14s, 1722字)
[gen] 约伯记 17章 · 发现版 …
[ok] 约伯记 17章 · 发现版 (15s, 1925字)
[gen] 约伯记 18章 · 讲解版 …
[ok] 约伯记 18章 · 讲解版 (16s, 1931字)
[gen] 约伯记 18章 · 发现版 …
[ok] 约伯记 18章 · 发现版 (16s, 1875字)
[gen] 约伯记 19章 · 讲解版 …
[ok] 约伯记 19章 · 讲解版 (19s, 2203字)
[gen] 约伯记 19章 · 发现版 …
[ok] 约伯记 19章 · 发现版 (16s, 2131字)
[gen] 约伯记 20章 · 讲解版 …
[ok] 约伯记 20章 · 讲解版 (18s, 1989字)
[gen] 约伯记 20章 · 发现版 …
[ok] 约伯记 20章 · 发现版 (18s, 2274字)
[gen] 约伯记 21章 · 讲解版 …
[ok] 约伯记 21章 · 讲解版 (16s, 1820字)
[gen] 约伯记 21章 · 发现版 …
[ok] 约伯记 21章 · 发现版 (18s, 2325字)
[gen] 约伯记 22章 · 讲解版 …
[ok] 约伯记 22章 · 讲解版 (19s, 2229字)
[gen] 约伯记 22章 · 发现版 …
[ok] 约伯记 22章 · 发现版 (16s, 2123字)
[gen] 约伯记 23章 · 讲解版 …
[ok] 约伯记 23章 · 讲解版 (18s, 2398字)
[gen] 约伯记 23章 · 发现版 …
[ok] 约伯记 23章 · 发现版 (15s, 2032字)
[gen] 约伯记 24章 · 讲解版 …
[ok] 约伯记 24章 · 讲解版 (18s, 2250字)
[gen] 约伯记 24章 · 发现版 …
[ok] 约伯记 24章 · 发现版 (16s, 2041字)
[gen] 约伯记 25章 · 讲解版 …
[ok] 约伯记 25章 · 讲解版 (19s, 2067字)
[gen] 约伯记 25章 · 发现版 …
[ok] 约伯记 25章 · 发现版 (16s, 1930字)
[gen] 约伯记 26章 · 讲解版 …
[ok] 约伯记 26章 · 讲解版 (16s, 1908字)
[gen] 约伯记 26章 · 发现版 …
[ok] 约伯记 26章 · 发现版 (16s, 1946字)
[gen] 约伯记 27章 · 讲解版 …
[ok] 约伯记 27章 · 讲解版 (18s, 1916字)
[gen] 约伯记 27章 · 发现版 …
[ok] 约伯记 27章 · 发现版 (16s, 1951字)
[gen] 约伯记 28章 · 讲解版 …
[ok] 约伯记 28章 · 讲解版 (19s, 2117字)
[gen] 约伯记 28章 · 发现版 …
[ok] 约伯记 28章 · 发现版 (15s, 1673字)
[gen] 约伯记 29章 · 讲解版 …
[ok] 约伯记 29章 · 讲解版 (19s, 1914字)
[gen] 约伯记 29章 · 发现版 …
[ok] 约伯记 29章 · 发现版 (18s, 2301字)
[gen] 约伯记 30章 · 讲解版 …
[ok] 约伯记 30章 · 讲解版 (18s, 2040字)
[gen] 约伯记 30章 · 发现版 …
[ok] 约伯记 30章 · 发现版 (13s, 1698字)
[gen] 约伯记 31章 · 讲解版 …
[ok] 约伯记 31章 · 讲解版 (19s, 2244字)
[gen] 约伯记 31章 · 发现版 …
[ok] 约伯记 31章 · 发现版 (19s, 2398字)
[gen] 约伯记 32章 · 讲解版 …
[ok] 约伯记 32章 · 讲解版 (19s, 2165字)
[gen] 约伯记 32章 · 发现版 …
[ok] 约伯记 32章 · 发现版 (17s, 2128字)
[gen] 约伯记 33章 · 讲解版 …
[ok] 约伯记 33章 · 讲解版 (23s, 2309字)
[gen] 约伯记 33章 · 发现版 …
[ok] 约伯记 33章 · 发现版 (20s, 2267字)
[gen] 约伯记 34章 · 讲解版 …
[ok] 约伯记 34章 · 讲解版 (21s, 1951字)
[gen] 约伯记 34章 · 发现版 …
[ok] 约伯记 34章 · 发现版 (23s, 2346字)
[gen] 约伯记 35章 · 讲解版 …
[ok] 约伯记 35章 · 讲解版 (21s, 2065字)
[gen] 约伯记 35章 · 发现版 …
[ok] 约伯记 35章 · 发现版 (15s, 1740字)
[gen] 约伯记 36章 · 讲解版 …
[ok] 约伯记 36章 · 讲解版 (21s, 2144字)
[gen] 约伯记 36章 · 发现版 …
[ok] 约伯记 36章 · 发现版 (14s, 1748字)
[gen] 约伯记 37章 · 讲解版 …
[ok] 约伯记 37章 · 讲解版 (17s, 2154字)
[gen] 约伯记 37章 · 发现版 …
[ok] 约伯记 37章 · 发现版 (17s, 2035字)
[gen] 约伯记 38章 · 讲解版 …
[ok] 约伯记 38章 · 讲解版 (16s, 1823字)
[gen] 约伯记 38章 · 发现版 …
[ok] 约伯记 38章 · 发现版 (17s, 2143字)
[gen] 约伯记 39章 · 讲解版 …
[ok] 约伯记 39章 · 讲解版 (16s, 1908字)
[gen] 约伯记 39章 · 发现版 …
[ok] 约伯记 39章 · 发现版 (16s, 1965字)
[gen] 约伯记 40章 · 讲解版 …
[ok] 约伯记 40章 · 讲解版 (19s, 2268字)
[gen] 约伯记 40章 · 发现版 …
[ok] 约伯记 40章 · 发现版 (15s, 1799字)
[gen] 约伯记 41章 · 讲解版 …
[ok] 约伯记 41章 · 讲解版 (17s, 1891字)
[gen] 约伯记 41章 · 发现版 …
[ok] 约伯记 41章 · 发现版 (15s, 1835字)
[gen] 约伯记 42章 · 讲解版 …
[ok] 约伯记 42章 · 讲解版 (15s, 1978字)
[gen] 约伯记 42章 · 发现版 …
[ok] 约伯记 42章 · 发现版 (14s, 1816字)
[gen] 诗篇 1章 · 讲解版 …
[ok] 诗篇 1章 · 讲解版 (16s, 2025字)
[gen] 诗篇 1章 · 发现版 …
[ok] 诗篇 1章 · 发现版 (14s, 1704字)
[gen] 诗篇 2章 · 讲解版 …
[ok] 诗篇 2章 · 讲解版 (17s, 1997字)
[gen] 诗篇 2章 · 发现版 …
[ok] 诗篇 2章 · 发现版 (14s, 1784字)
[gen] 诗篇 3章 · 讲解版 …
[ok] 诗篇 3章 · 讲解版 (16s, 1923字)
[gen] 诗篇 3章 · 发现版 …
[ok] 诗篇 3章 · 发现版 (17s, 2200字)
[gen] 诗篇 4章 · 讲解版 …
[ok] 诗篇 4章 · 讲解版 (16s, 1843字)
[gen] 诗篇 4章 · 发现版 …
[ok] 诗篇 4章 · 发现版 (15s, 2065字)
[gen] 诗篇 5章 · 讲解版 …
[ok] 诗篇 5章 · 讲解版 (16s, 1828字)
[gen] 诗篇 5章 · 发现版 …
[ok] 诗篇 5章 · 发现版 (16s, 2076字)
[gen] 诗篇 6章 · 讲解版 …
[ok] 诗篇 6章 · 讲解版 (14s, 1651字)
[gen] 诗篇 6章 · 发现版 …
[ok] 诗篇 6章 · 发现版 (14s, 1881字)
[gen] 诗篇 7章 · 讲解版 …
[ok] 诗篇 7章 · 讲解版 (13s, 1694字)
[gen] 诗篇 7章 · 发现版 …
[ok] 诗篇 7章 · 发现版 (15s, 2062字)
[gen] 诗篇 8章 · 讲解版 …
[ok] 诗篇 8章 · 讲解版 (15s, 1849字)
[gen] 诗篇 8章 · 发现版 …
[ok] 诗篇 8章 · 发现版 (18s, 2425字)
[gen] 诗篇 9章 · 讲解版 …
[ok] 诗篇 9章 · 讲解版 (16s, 1684字)
[gen] 诗篇 9章 · 发现版 …
[ok] 诗篇 9章 · 发现版 (16s, 1948字)
[gen] 诗篇 10章 · 讲解版 …
[ok] 诗篇 10章 · 讲解版 (17s, 1995字)
[gen] 诗篇 10章 · 发现版 …
[ok] 诗篇 10章 · 发现版 (13s, 1620字)
[gen] 诗篇 11章 · 讲解版 …
[ok] 诗篇 11章 · 讲解版 (14s, 1656字)
[gen] 诗篇 11章 · 发现版 …
[ok] 诗篇 11章 · 发现版 (15s, 2061字)
[gen] 诗篇 12章 · 讲解版 …
[ok] 诗篇 12章 · 讲解版 (17s, 2132字)
[gen] 诗篇 12章 · 发现版 …
[ok] 诗篇 12章 · 发现版 (14s, 1966字)
[gen] 诗篇 13章 · 讲解版 …
[ok] 诗篇 13章 · 讲解版 (17s, 2069字)
[gen] 诗篇 13章 · 发现版 …
[ok] 诗篇 13章 · 发现版 (13s, 1878字)
[gen] 诗篇 14章 · 讲解版 …
[ok] 诗篇 14章 · 讲解版 (15s, 1744字)
[gen] 诗篇 14章 · 发现版 …
[ok] 诗篇 14章 · 发现版 (17s, 2170字)
[gen] 诗篇 15章 · 讲解版 …
[ok] 诗篇 15章 · 讲解版 (14s, 1703字)
[gen] 诗篇 15章 · 发现版 …
[ok] 诗篇 15章 · 发现版 (14s, 1886字)
[gen] 诗篇 16章 · 讲解版 …
[ok] 诗篇 16章 · 讲解版 (15s, 1907字)
[gen] 诗篇 16章 · 发现版 …
[ok] 诗篇 16章 · 发现版 (15s, 2008字)
[gen] 诗篇 17章 · 讲解版 …
[ok] 诗篇 17章 · 讲解版 (19s, 2450字)
[gen] 诗篇 17章 · 发现版 …
[ok] 诗篇 17章 · 发现版 (14s, 1772字)
[gen] 诗篇 18章 · 讲解版 …
[ok] 诗篇 18章 · 讲解版 (19s, 2222字)
[gen] 诗篇 18章 · 发现版 …
[ok] 诗篇 18章 · 发现版 (18s, 2451字)
[gen] 诗篇 19章 · 讲解版 …
[ok] 诗篇 19章 · 讲解版 (15s, 1880字)
[gen] 诗篇 19章 · 发现版 …
[ok] 诗篇 19章 · 发现版 (15s, 2185字)
[gen] 诗篇 20章 · 讲解版 …
[ok] 诗篇 20章 · 讲解版 (14s, 1672字)
[gen] 诗篇 20章 · 发现版 …
[ok] 诗篇 20章 · 发现版 (14s, 1785字)
[gen] 诗篇 21章 · 讲解版 …
[ok] 诗篇 21章 · 讲解版 (15s, 1708字)
[gen] 诗篇 21章 · 发现版 …
[ok] 诗篇 21章 · 发现版 (15s, 1754字)
[gen] 诗篇 22章 · 讲解版 …
[ok] 诗篇 22章 · 讲解版 (20s, 2424字)
[gen] 诗篇 22章 · 发现版 …
[ok] 诗篇 22章 · 发现版 (15s, 1955字)
[gen] 诗篇 23章 · 讲解版 …
[ok] 诗篇 23章 · 讲解版 (16s, 1811字)
[gen] 诗篇 23章 · 发现版 …
[ok] 诗篇 23章 · 发现版 (14s, 1889字)
[gen] 诗篇 24章 · 讲解版 …
[ok] 诗篇 24章 · 讲解版 (21s, 2419字)
[gen] 诗篇 24章 · 发现版 …
[ok] 诗篇 24章 · 发现版 (14s, 1845字)
[gen] 诗篇 25章 · 讲解版 …
[ok] 诗篇 25章 · 讲解版 (16s, 1933字)
[gen] 诗篇 25章 · 发现版 …
[ok] 诗篇 25章 · 发现版 (14s, 1912字)
[gen] 诗篇 26章 · 讲解版 …
[ok] 诗篇 26章 · 讲解版 (15s, 1733字)
[gen] 诗篇 26章 · 发现版 …
[ok] 诗篇 26章 · 发现版 (14s, 1868字)
[gen] 诗篇 27章 · 讲解版 …
[ok] 诗篇 27章 · 讲解版 (17s, 2235字)
[gen] 诗篇 27章 · 发现版 …
[ok] 诗篇 27章 · 发现版 (17s, 2123字)
[gen] 诗篇 28章 · 讲解版 …
[ok] 诗篇 28章 · 讲解版 (14s, 1720字)
[gen] 诗篇 28章 · 发现版 …
[ok] 诗篇 28章 · 发现版 (14s, 1805字)
[gen] 诗篇 29章 · 讲解版 …
[ok] 诗篇 29章 · 讲解版 (15s, 1747字)
[gen] 诗篇 29章 · 发现版 …
[ok] 诗篇 29章 · 发现版 (18s, 2380字)
[gen] 诗篇 30章 · 讲解版 …
[ok] 诗篇 30章 · 讲解版 (18s, 2088字)
[gen] 诗篇 30章 · 发现版 …
[ok] 诗篇 30章 · 发现版 (19s, 2450字)
[gen] 诗篇 31章 · 讲解版 …
[ok] 诗篇 31章 · 讲解版 (20s, 2380字)
[gen] 诗篇 31章 · 发现版 …
[ok] 诗篇 31章 · 发现版 (14s, 2033字)
[gen] 诗篇 32章 · 讲解版 …
[ok] 诗篇 32章 · 讲解版 (17s, 2080字)
[gen] 诗篇 32章 · 发现版 …
[ok] 诗篇 32章 · 发现版 (15s, 1914字)
[gen] 诗篇 33章 · 讲解版 …
[ok] 诗篇 33章 · 讲解版 (18s, 2210字)
[gen] 诗篇 33章 · 发现版 …
[ok] 诗篇 33章 · 发现版 (13s, 1749字)
[gen] 诗篇 34章 · 讲解版 …
[ok] 诗篇 34章 · 讲解版 (18s, 2194字)
[gen] 诗篇 34章 · 发现版 …
[ok] 诗篇 34章 · 发现版 (19s, 2512字)
[gen] 诗篇 35章 · 讲解版 …
[ok] 诗篇 35章 · 讲解版 (16s, 1970字)
[gen] 诗篇 35章 · 发现版 …
[ok] 诗篇 35章 · 发现版 (16s, 2058字)
[gen] 诗篇 36章 · 讲解版 …
[ok] 诗篇 36章 · 讲解版 (14s, 1816字)
[gen] 诗篇 36章 · 发现版 …
[ok] 诗篇 36章 · 发现版 (15s, 2013字)
[gen] 诗篇 37章 · 讲解版 …
[ok] 诗篇 37章 · 讲解版 (18s, 2140字)
[gen] 诗篇 37章 · 发现版 …
[ok] 诗篇 37章 · 发现版 (16s, 2225字)
[gen] 诗篇 38章 · 讲解版 …
[ok] 诗篇 38章 · 讲解版 (21s, 2467字)
[gen] 诗篇 38章 · 发现版 …
[ok] 诗篇 38章 · 发现版 (13s, 1836字)
[gen] 诗篇 39章 · 讲解版 …
[ok] 诗篇 39章 · 讲解版 (15s, 1932字)
[gen] 诗篇 39章 · 发现版 …
[ok] 诗篇 39章 · 发现版 (15s, 1945字)
[gen] 诗篇 40章 · 讲解版 …
[ok] 诗篇 40章 · 讲解版 (19s, 2195字)
[gen] 诗篇 40章 · 发现版 …
[ok] 诗篇 40章 · 发现版 (17s, 2123字)
[gen] 诗篇 41章 · 讲解版 …
[ok] 诗篇 41章 · 讲解版 (17s, 1943字)
[gen] 诗篇 41章 · 发现版 …
[ok] 诗篇 41章 · 发现版 (14s, 1886字)
[gen] 诗篇 42章 · 讲解版 …
[ok] 诗篇 42章 · 讲解版 (17s, 2295字)
[gen] 诗篇 42章 · 发现版 …
[ok] 诗篇 42章 · 发现版 (16s, 2066字)
[gen] 诗篇 43章 · 讲解版 …
[ok] 诗篇 43章 · 讲解版 (17s, 2178字)
[gen] 诗篇 43章 · 发现版 …
[ok] 诗篇 43章 · 发现版 (11s, 1510字)
[gen] 诗篇 44章 · 讲解版 …
[ok] 诗篇 44章 · 讲解版 (16s, 1996字)
[gen] 诗篇 44章 · 发现版 …
[ok] 诗篇 44章 · 发现版 (17s, 2254字)
[gen] 诗篇 45章 · 讲解版 …
[ok] 诗篇 45章 · 讲解版 (17s, 2086字)
[gen] 诗篇 45章 · 发现版 …
[ok] 诗篇 45章 · 发现版 (16s, 2153字)
[gen] 诗篇 46章 · 讲解版 …
[ok] 诗篇 46章 · 讲解版 (15s, 1829字)
[gen] 诗篇 46章 · 发现版 …
[ok] 诗篇 46章 · 发现版 (15s, 2072字)
[gen] 诗篇 47章 · 讲解版 …
[ok] 诗篇 47章 · 讲解版 (16s, 1801字)
[gen] 诗篇 47章 · 发现版 …
[ok] 诗篇 47章 · 发现版 (16s, 1960字)
[gen] 诗篇 48章 · 讲解版 …
[ok] 诗篇 48章 · 讲解版 (15s, 1845字)
[gen] 诗篇 48章 · 发现版 …
[ok] 诗篇 48章 · 发现版 (15s, 2029字)
[gen] 诗篇 49章 · 讲解版 …
[ok] 诗篇 49章 · 讲解版 (16s, 2037字)
[gen] 诗篇 49章 · 发现版 …
[ok] 诗篇 49章 · 发现版 (12s, 1705字)
[gen] 诗篇 50章 · 讲解版 …
[ok] 诗篇 50章 · 讲解版 (16s, 1962字)
[gen] 诗篇 50章 · 发现版 …
[ok] 诗篇 50章 · 发现版 (12s, 1635字)
[gen] 诗篇 51章 · 讲解版 …
[ok] 诗篇 51章 · 讲解版 (14s, 1782字)
[gen] 诗篇 51章 · 发现版 …
[ok] 诗篇 51章 · 发现版 (15s, 1980字)
[gen] 诗篇 52章 · 讲解版 …
[ok] 诗篇 52章 · 讲解版 (17s, 2023字)
[gen] 诗篇 52章 · 发现版 …
[ok] 诗篇 52章 · 发现版 (17s, 2253字)
[gen] 诗篇 53章 · 讲解版 …
[ok] 诗篇 53章 · 讲解版 (16s, 1935字)
[gen] 诗篇 53章 · 发现版 …
[ok] 诗篇 53章 · 发现版 (15s, 1990字)
[gen] 诗篇 54章 · 讲解版 …
[ok] 诗篇 54章 · 讲解版 (17s, 2036字)
[gen] 诗篇 54章 · 发现版 …
[ok] 诗篇 54章 · 发现版 (17s, 2085字)
[gen] 诗篇 55章 · 讲解版 …
[ok] 诗篇 55章 · 讲解版 (16s, 2080字)
[gen] 诗篇 55章 · 发现版 …
[ok] 诗篇 55章 · 发现版 (13s, 1758字)
[gen] 诗篇 56章 · 讲解版 …
[ok] 诗篇 56章 · 讲解版 (15s, 1903字)
[gen] 诗篇 56章 · 发现版 …
[ok] 诗篇 56章 · 发现版 (14s, 1984字)
[gen] 诗篇 57章 · 讲解版 …
[ok] 诗篇 57章 · 讲解版 (15s, 1804字)
[gen] 诗篇 57章 · 发现版 …
[ok] 诗篇 57章 · 发现版 (13s, 1930字)
[gen] 诗篇 58章 · 讲解版 …
[ok] 诗篇 58章 · 讲解版 (16s, 2093字)
[gen] 诗篇 58章 · 发现版 …
[ok] 诗篇 58章 · 发现版 (15s, 1848字)
[gen] 诗篇 59章 · 讲解版 …
[ok] 诗篇 59章 · 讲解版 (16s, 1957字)
[gen] 诗篇 59章 · 发现版 …
[ok] 诗篇 59章 · 发现版 (17s, 2264字)
[gen] 诗篇 60章 · 讲解版 …
[ok] 诗篇 60章 · 讲解版 (15s, 1948字)
[gen] 诗篇 60章 · 发现版 …
[ok] 诗篇 60章 · 发现版 (16s, 2171字)
[gen] 诗篇 61章 · 讲解版 …
[ok] 诗篇 61章 · 讲解版 (18s, 2239字)
[gen] 诗篇 61章 · 发现版 …
[ok] 诗篇 61章 · 发现版 (12s, 1668字)
[gen] 诗篇 62章 · 讲解版 …
[ok] 诗篇 62章 · 讲解版 (14s, 1702字)
[gen] 诗篇 62章 · 发现版 …
[ok] 诗篇 62章 · 发现版 (15s, 2089字)
[gen] 诗篇 63章 · 讲解版 …
[ok] 诗篇 63章 · 讲解版 (14s, 1749字)
[gen] 诗篇 63章 · 发现版 …
[ok] 诗篇 63章 · 发现版 (16s, 2130字)
[gen] 诗篇 64章 · 讲解版 …
[ok] 诗篇 64章 · 讲解版 (18s, 1973字)
[gen] 诗篇 64章 · 发现版 …
[ok] 诗篇 64章 · 发现版 (14s, 1886字)
[gen] 诗篇 65章 · 讲解版 …
[ok] 诗篇 65章 · 讲解版 (18s, 2125字)
[gen] 诗篇 65章 · 发现版 …
[ok] 诗篇 65章 · 发现版 (17s, 2244字)
[gen] 诗篇 66章 · 讲解版 …
[ok] 诗篇 66章 · 讲解版 (15s, 1866字)
[gen] 诗篇 66章 · 发现版 …
[ok] 诗篇 66章 · 发现版 (15s, 2001字)
[gen] 诗篇 67章 · 讲解版 …
[ok] 诗篇 67章 · 讲解版 (13s, 1527字)
[gen] 诗篇 67章 · 发现版 …
[ok] 诗篇 67章 · 发现版 (13s, 1789字)
[gen] 诗篇 68章 · 讲解版 …
[ok] 诗篇 68章 · 讲解版 (14s, 1707字)
[gen] 诗篇 68章 · 发现版 …
[ok] 诗篇 68章 · 发现版 (17s, 2087字)
[gen] 诗篇 69章 · 讲解版 …
[ok] 诗篇 69章 · 讲解版 (18s, 2430字)
[gen] 诗篇 69章 · 发现版 …
[ok] 诗篇 69章 · 发现版 (16s, 2108字)
[gen] 诗篇 70章 · 讲解版 …
[ok] 诗篇 70章 · 讲解版 (14s, 1660字)
[gen] 诗篇 70章 · 发现版 …
[ok] 诗篇 70章 · 发现版 (14s, 1811字)
[gen] 诗篇 71章 · 讲解版 …
[ok] 诗篇 71章 · 讲解版 (17s, 2082字)
[gen] 诗篇 71章 · 发现版 …
[ok] 诗篇 71章 · 发现版 (14s, 2000字)
[gen] 诗篇 72章 · 讲解版 …
[ok] 诗篇 72章 · 讲解版 (19s, 2287字)
[gen] 诗篇 72章 · 发现版 …
[ok] 诗篇 72章 · 发现版 (15s, 1882字)
[gen] 诗篇 73章 · 讲解版 …
[ok] 诗篇 73章 · 讲解版 (14s, 1865字)
[gen] 诗篇 73章 · 发现版 …
[ok] 诗篇 73章 · 发现版 (14s, 1916字)
[gen] 诗篇 74章 · 讲解版 …
[ok] 诗篇 74章 · 讲解版 (23s, 2666字)
[gen] 诗篇 74章 · 发现版 …
[ok] 诗篇 74章 · 发现版 (16s, 2091字)
[gen] 诗篇 75章 · 讲解版 …
[ok] 诗篇 75章 · 讲解版 (17s, 1973字)
[gen] 诗篇 75章 · 发现版 …
[ok] 诗篇 75章 · 发现版 (16s, 2012字)
[gen] 诗篇 76章 · 讲解版 …
[ok] 诗篇 76章 · 讲解版 (13s, 1829字)
[gen] 诗篇 76章 · 发现版 …
[ok] 诗篇 76章 · 发现版 (14s, 2005字)
[gen] 诗篇 77章 · 讲解版 …
[ok] 诗篇 77章 · 讲解版 (17s, 2085字)
[gen] 诗篇 77章 · 发现版 …
[ok] 诗篇 77章 · 发现版 (18s, 2423字)
[gen] 诗篇 78章 · 讲解版 …
[ok] 诗篇 78章 · 讲解版 (19s, 2108字)
[gen] 诗篇 78章 · 发现版 …
[ok] 诗篇 78章 · 发现版 (17s, 2146字)
[gen] 诗篇 79章 · 讲解版 …
[ok] 诗篇 79章 · 讲解版 (14s, 1787字)
[gen] 诗篇 79章 · 发现版 …
[ok] 诗篇 79章 · 发现版 (14s, 1837字)
[gen] 诗篇 80章 · 讲解版 …
[ok] 诗篇 80章 · 讲解版 (17s, 1927字)
[gen] 诗篇 80章 · 发现版 …
[ok] 诗篇 80章 · 发现版 (20s, 2503字)
[gen] 诗篇 81章 · 讲解版 …
[ok] 诗篇 81章 · 讲解版 (16s, 1883字)
[gen] 诗篇 81章 · 发现版 …
[ok] 诗篇 81章 · 发现版 (17s, 1992字)
[gen] 诗篇 82章 · 讲解版 …
[ok] 诗篇 82章 · 讲解版 (18s, 2358字)
[gen] 诗篇 82章 · 发现版 …
[ok] 诗篇 82章 · 发现版 (18s, 2259字)
[gen] 诗篇 83章 · 讲解版 …
[ok] 诗篇 83章 · 讲解版 (18s, 2132字)
[gen] 诗篇 83章 · 发现版 …
[ok] 诗篇 83章 · 发现版 (13s, 1810字)
[gen] 诗篇 84章 · 讲解版 …
[ok] 诗篇 84章 · 讲解版 (16s, 1961字)
[gen] 诗篇 84章 · 发现版 …
[ok] 诗篇 84章 · 发现版 (16s, 2106字)
[gen] 诗篇 85章 · 讲解版 …
[ok] 诗篇 85章 · 讲解版 (16s, 1885字)
[gen] 诗篇 85章 · 发现版 …
[ok] 诗篇 85章 · 发现版 (15s, 1959字)
[gen] 诗篇 86章 · 讲解版 …
[ok] 诗篇 86章 · 讲解版 (18s, 2370字)
[gen] 诗篇 86章 · 发现版 …
[ok] 诗篇 86章 · 发现版 (14s, 1933字)
[gen] 诗篇 87章 · 讲解版 …
[ok] 诗篇 87章 · 讲解版 (14s, 1684字)
[gen] 诗篇 87章 · 发现版 …
[ok] 诗篇 87章 · 发现版 (17s, 2219字)
[gen] 诗篇 88章 · 讲解版 …
[ok] 诗篇 88章 · 讲解版 (16s, 1941字)
[gen] 诗篇 88章 · 发现版 …
[ok] 诗篇 88章 · 发现版 (15s, 2014字)
[gen] 诗篇 89章 · 讲解版 …
[ok] 诗篇 89章 · 讲解版 (19s, 2261字)
[gen] 诗篇 89章 · 发现版 …
[ok] 诗篇 89章 · 发现版 (16s, 2138字)
[gen] 诗篇 90章 · 讲解版 …
[ok] 诗篇 90章 · 讲解版 (15s, 1872字)
[gen] 诗篇 90章 · 发现版 …
[ok] 诗篇 90章 · 发现版 (13s, 1650字)
[gen] 诗篇 91章 · 讲解版 …
[ok] 诗篇 91章 · 讲解版 (20s, 2445字)
[gen] 诗篇 91章 · 发现版 …
[ok] 诗篇 91章 · 发现版 (17s, 2323字)
[gen] 诗篇 92章 · 讲解版 …
[ok] 诗篇 92章 · 讲解版 (17s, 1892字)
[gen] 诗篇 92章 · 发现版 …
[ok] 诗篇 92章 · 发现版 (15s, 2005字)
[gen] 诗篇 93章 · 讲解版 …
[ok] 诗篇 93章 · 讲解版 (13s, 1681字)
[gen] 诗篇 93章 · 发现版 …
[ok] 诗篇 93章 · 发现版 (16s, 2138字)
[gen] 诗篇 94章 · 讲解版 …
[ok] 诗篇 94章 · 讲解版 (19s, 2221字)
[gen] 诗篇 94章 · 发现版 …
[ok] 诗篇 94章 · 发现版 (16s, 2149字)
[gen] 诗篇 95章 · 讲解版 …
[ok] 诗篇 95章 · 讲解版 (15s, 1795字)
[gen] 诗篇 95章 · 发现版 …
[ok] 诗篇 95章 · 发现版 (14s, 1818字)
[gen] 诗篇 96章 · 讲解版 …
[ok] 诗篇 96章 · 讲解版 (17s, 2073字)
[gen] 诗篇 96章 · 发现版 …
[ok] 诗篇 96章 · 发现版 (18s, 2334字)
[gen] 诗篇 97章 · 讲解版 …
[ok] 诗篇 97章 · 讲解版 (20s, 2288字)
[gen] 诗篇 97章 · 发现版 …
[ok] 诗篇 97章 · 发现版 (17s, 2231字)
[gen] 诗篇 98章 · 讲解版 …
[ok] 诗篇 98章 · 讲解版 (15s, 1797字)
[gen] 诗篇 98章 · 发现版 …
[ok] 诗篇 98章 · 发现版 (16s, 2058字)
[gen] 诗篇 99章 · 讲解版 …
[ok] 诗篇 99章 · 讲解版 (16s, 1826字)
[gen] 诗篇 99章 · 发现版 …
[ok] 诗篇 99章 · 发现版 (17s, 2132字)
[gen] 诗篇 100章 · 讲解版 …
[ok] 诗篇 100章 · 讲解版 (13s, 1638字)
[gen] 诗篇 100章 · 发现版 …
[ok] 诗篇 100章 · 发现版 (14s, 1834字)
[gen] 诗篇 101章 · 讲解版 …
[ok] 诗篇 101章 · 讲解版 (14s, 1816字)
[gen] 诗篇 101章 · 发现版 …
[ok] 诗篇 101章 · 发现版 (12s, 1625字)
[gen] 诗篇 102章 · 讲解版 …
[ok] 诗篇 102章 · 讲解版 (16s, 1942字)
[gen] 诗篇 102章 · 发现版 …
[ok] 诗篇 102章 · 发现版 (18s, 2275字)
[gen] 诗篇 103章 · 讲解版 …
[ok] 诗篇 103章 · 讲解版 (17s, 2230字)
[gen] 诗篇 103章 · 发现版 …
[ok] 诗篇 103章 · 发现版 (14s, 1851字)
[gen] 诗篇 104章 · 讲解版 …
[ok] 诗篇 104章 · 讲解版 (20s, 2352字)
[gen] 诗篇 104章 · 发现版 …
[ok] 诗篇 104章 · 发现版 (13s, 1690字)
[gen] 诗篇 105章 · 讲解版 …
[ok] 诗篇 105章 · 讲解版 (19s, 2263字)
[gen] 诗篇 105章 · 发现版 …
[ok] 诗篇 105章 · 发现版 (14s, 1811字)
[gen] 诗篇 106章 · 讲解版 …
[ok] 诗篇 106章 · 讲解版 (21s, 2635字)
[gen] 诗篇 106章 · 发现版 …
[ok] 诗篇 106章 · 发现版 (18s, 2455字)
[gen] 诗篇 107章 · 讲解版 …
[ok] 诗篇 107章 · 讲解版 (19s, 2187字)
[gen] 诗篇 107章 · 发现版 …
[ok] 诗篇 107章 · 发现版 (16s, 2354字)
[gen] 诗篇 108章 · 讲解版 …
[ok] 诗篇 108章 · 讲解版 (15s, 1851字)
[gen] 诗篇 108章 · 发现版 …
[ok] 诗篇 108章 · 发现版 (12s, 1797字)
[gen] 诗篇 109章 · 讲解版 …
[ok] 诗篇 109章 · 讲解版 (17s, 2257字)
[gen] 诗篇 109章 · 发现版 …
[ok] 诗篇 109章 · 发现版 (14s, 1898字)
[gen] 诗篇 110章 · 讲解版 …
[ok] 诗篇 110章 · 讲解版 (19s, 2301字)
[gen] 诗篇 110章 · 发现版 …
[ok] 诗篇 110章 · 发现版 (15s, 2111字)
[gen] 诗篇 111章 · 讲解版 …
[ok] 诗篇 111章 · 讲解版 (13s, 1750字)
[gen] 诗篇 111章 · 发现版 …
[ok] 诗篇 111章 · 发现版 (17s, 2308字)
[gen] 诗篇 112章 · 讲解版 …
[ok] 诗篇 112章 · 讲解版 (17s, 2220字)
[gen] 诗篇 112章 · 发现版 …
[ok] 诗篇 112章 · 发现版 (14s, 1916字)
[gen] 诗篇 113章 · 讲解版 …
[ok] 诗篇 113章 · 讲解版 (16s, 2053字)
[gen] 诗篇 113章 · 发现版 …
[ok] 诗篇 113章 · 发现版 (14s, 1916字)
[gen] 诗篇 114章 · 讲解版 …
[ok] 诗篇 114章 · 讲解版 (14s, 1714字)
[gen] 诗篇 114章 · 发现版 …
[ok] 诗篇 114章 · 发现版 (14s, 1733字)
[gen] 诗篇 115章 · 讲解版 …
[ok] 诗篇 115章 · 讲解版 (14s, 1638字)
[gen] 诗篇 115章 · 发现版 …
[ok] 诗篇 115章 · 发现版 (19s, 2545字)
[gen] 诗篇 116章 · 讲解版 …
[ok] 诗篇 116章 · 讲解版 (19s, 2431字)
[gen] 诗篇 116章 · 发现版 …
[ok] 诗篇 116章 · 发现版 (16s, 2097字)
[gen] 诗篇 117章 · 讲解版 …
[ok] 诗篇 117章 · 讲解版 (13s, 1615字)
[gen] 诗篇 117章 · 发现版 …
[ok] 诗篇 117章 · 发现版 (14s, 1708字)
[gen] 诗篇 118章 · 讲解版 …
[ok] 诗篇 118章 · 讲解版 (16s, 1943字)
[gen] 诗篇 118章 · 发现版 …
[ok] 诗篇 118章 · 发现版 (17s, 2201字)
[gen] 诗篇 119章 · 讲解版 …
[ok] 诗篇 119章 · 讲解版 (19s, 2523字)
[gen] 诗篇 119章 · 发现版 …
[ok] 诗篇 119章 · 发现版 (19s, 2455字)
[gen] 诗篇 120章 · 讲解版 …
[ok] 诗篇 120章 · 讲解版 (13s, 1558字)
[gen] 诗篇 120章 · 发现版 …
[ok] 诗篇 120章 · 发现版 (14s, 1862字)
[gen] 诗篇 121章 · 讲解版 …
[ok] 诗篇 121章 · 讲解版 (16s, 2066字)
[gen] 诗篇 121章 · 发现版 …
[ok] 诗篇 121章 · 发现版 (14s, 1804字)
[gen] 诗篇 122章 · 讲解版 …
[ok] 诗篇 122章 · 讲解版 (14s, 1826字)
[gen] 诗篇 122章 · 发现版 …
[ok] 诗篇 122章 · 发现版 (14s, 1876字)
[gen] 诗篇 123章 · 讲解版 …
[ok] 诗篇 123章 · 讲解版 (13s, 1718字)
[gen] 诗篇 123章 · 发现版 …
[ok] 诗篇 123章 · 发现版 (14s, 1868字)
[gen] 诗篇 124章 · 讲解版 …
[ok] 诗篇 124章 · 讲解版 (16s, 1943字)
[gen] 诗篇 124章 · 发现版 …
[ok] 诗篇 124章 · 发现版 (14s, 1869字)
[gen] 诗篇 125章 · 讲解版 …
[ok] 诗篇 125章 · 讲解版 (15s, 1837字)
[gen] 诗篇 125章 · 发现版 …
[ok] 诗篇 125章 · 发现版 (15s, 1942字)
[gen] 诗篇 126章 · 讲解版 …
[ok] 诗篇 126章 · 讲解版 (16s, 1915字)
[gen] 诗篇 126章 · 发现版 …
[ok] 诗篇 126章 · 发现版 (16s, 1913字)
[gen] 诗篇 127章 · 讲解版 …
[ok] 诗篇 127章 · 讲解版 (18s, 2155字)
[gen] 诗篇 127章 · 发现版 …
[ok] 诗篇 127章 · 发现版 (14s, 1821字)
[gen] 诗篇 128章 · 讲解版 …
[ok] 诗篇 128章 · 讲解版 (18s, 2088字)
[gen] 诗篇 128章 · 发现版 …
[ok] 诗篇 128章 · 发现版 (13s, 1777字)
[gen] 诗篇 129章 · 讲解版 …
[ok] 诗篇 129章 · 讲解版 (16s, 2022字)
[gen] 诗篇 129章 · 发现版 …
[ok] 诗篇 129章 · 发现版 (13s, 1662字)
[gen] 诗篇 130章 · 讲解版 …
[ok] 诗篇 130章 · 讲解版 (18s, 2217字)
[gen] 诗篇 130章 · 发现版 …
[ok] 诗篇 130章 · 发现版 (13s, 1732字)
[gen] 诗篇 131章 · 讲解版 …
[ok] 诗篇 131章 · 讲解版 (17s, 2093字)
[gen] 诗篇 131章 · 发现版 …
[ok] 诗篇 131章 · 发现版 (12s, 1495字)
[gen] 诗篇 132章 · 讲解版 …
[ok] 诗篇 132章 · 讲解版 (18s, 2175字)
[gen] 诗篇 132章 · 发现版 …
[ok] 诗篇 132章 · 发现版 (15s, 2051字)
[gen] 诗篇 133章 · 讲解版 …
[ok] 诗篇 133章 · 讲解版 (16s, 1942字)
[gen] 诗篇 133章 · 发现版 …
[ok] 诗篇 133章 · 发现版 (14s, 1820字)
[gen] 诗篇 134章 · 讲解版 …
[ok] 诗篇 134章 · 讲解版 (14s, 1842字)
[gen] 诗篇 134章 · 发现版 …
[ok] 诗篇 134章 · 发现版 (14s, 1706字)
[gen] 诗篇 135章 · 讲解版 …
[ok] 诗篇 135章 · 讲解版 (17s, 1942字)
[gen] 诗篇 135章 · 发现版 …
[ok] 诗篇 135章 · 发现版 (15s, 1891字)
[gen] 诗篇 136章 · 讲解版 …
[ok] 诗篇 136章 · 讲解版 (18s, 2100字)
[gen] 诗篇 136章 · 发现版 …
[ok] 诗篇 136章 · 发现版 (15s, 1869字)
[gen] 诗篇 137章 · 讲解版 …
[ok] 诗篇 137章 · 讲解版 (15s, 1846字)
[gen] 诗篇 137章 · 发现版 …
[ok] 诗篇 137章 · 发现版 (20s, 2383字)
[gen] 诗篇 138章 · 讲解版 …
[ok] 诗篇 138章 · 讲解版 (14s, 1740字)
[gen] 诗篇 138章 · 发现版 …
[ok] 诗篇 138章 · 发现版 (14s, 1913字)
[gen] 诗篇 139章 · 讲解版 …
[ok] 诗篇 139章 · 讲解版 (17s, 2092字)
[gen] 诗篇 139章 · 发现版 …
[ok] 诗篇 139章 · 发现版 (17s, 2296字)
[gen] 诗篇 140章 · 讲解版 …
[ok] 诗篇 140章 · 讲解版 (16s, 1770字)
[gen] 诗篇 140章 · 发现版 …
[ok] 诗篇 140章 · 发现版 (14s, 1775字)
[gen] 诗篇 141章 · 讲解版 …
[ok] 诗篇 141章 · 讲解版 (16s, 1925字)
[gen] 诗篇 141章 · 发现版 …
[ok] 诗篇 141章 · 发现版 (14s, 1944字)
[gen] 诗篇 142章 · 讲解版 …
[ok] 诗篇 142章 · 讲解版 (15s, 1791字)
[gen] 诗篇 142章 · 发现版 …
[ok] 诗篇 142章 · 发现版 (13s, 1764字)
[gen] 诗篇 143章 · 讲解版 …
[ok] 诗篇 143章 · 讲解版 (17s, 2185字)
[gen] 诗篇 143章 · 发现版 …
[ok] 诗篇 143章 · 发现版 (16s, 2106字)
[gen] 诗篇 144章 · 讲解版 …
[ok] 诗篇 144章 · 讲解版 (16s, 2130字)
[gen] 诗篇 144章 · 发现版 …
[ok] 诗篇 144章 · 发现版 (16s, 2038字)
[gen] 诗篇 145章 · 讲解版 …
[ok] 诗篇 145章 · 讲解版 (17s, 2196字)
[gen] 诗篇 145章 · 发现版 …
[ok] 诗篇 145章 · 发现版 (13s, 1673字)
[gen] 诗篇 146章 · 讲解版 …
[ok] 诗篇 146章 · 讲解版 (15s, 1854字)
[gen] 诗篇 146章 · 发现版 …
[ok] 诗篇 146章 · 发现版 (20s, 2716字)
[gen] 诗篇 147章 · 讲解版 …
[ok] 诗篇 147章 · 讲解版 (18s, 2018字)
[gen] 诗篇 147章 · 发现版 …
[ok] 诗篇 147章 · 发现版 (15s, 2044字)
[gen] 诗篇 148章 · 讲解版 …
[ok] 诗篇 148章 · 讲解版 (15s, 1832字)
[gen] 诗篇 148章 · 发现版 …
[ok] 诗篇 148章 · 发现版 (14s, 1903字)
[gen] 诗篇 149章 · 讲解版 …
[ok] 诗篇 149章 · 讲解版 (16s, 1829字)
[gen] 诗篇 149章 · 发现版 …
[ok] 诗篇 149章 · 发现版 (14s, 1756字)
[gen] 诗篇 150章 · 讲解版 …
[ok] 诗篇 150章 · 讲解版 (19s, 2138字)
[gen] 诗篇 150章 · 发现版 …
[ok] 诗篇 150章 · 发现版 (14s, 1796字)
[gen] 箴言 1章 · 讲解版 …
[ok] 箴言 1章 · 讲解版 (18s, 2252字)
[gen] 箴言 1章 · 发现版 …
[ok] 箴言 1章 · 发现版 (16s, 2090字)
[gen] 箴言 2章 · 讲解版 …
[ok] 箴言 2章 · 讲解版 (16s, 2037字)
[gen] 箴言 2章 · 发现版 …
[ok] 箴言 2章 · 发现版 (15s, 2127字)
[gen] 箴言 3章 · 讲解版 …
[ok] 箴言 3章 · 讲解版 (15s, 2060字)
[gen] 箴言 3章 · 发现版 …
[ok] 箴言 3章 · 发现版 (18s, 2454字)
[gen] 箴言 4章 · 讲解版 …
[ok] 箴言 4章 · 讲解版 (14s, 1885字)
[gen] 箴言 4章 · 发现版 …
[ok] 箴言 4章 · 发现版 (14s, 2053字)
[gen] 箴言 5章 · 讲解版 …
[ok] 箴言 5章 · 讲解版 (18s, 2263字)
[gen] 箴言 5章 · 发现版 …
[ok] 箴言 5章 · 发现版 (17s, 2246字)
[gen] 箴言 6章 · 讲解版 …
[ok] 箴言 6章 · 讲解版 (17s, 1966字)
[gen] 箴言 6章 · 发现版 …
[ok] 箴言 6章 · 发现版 (19s, 2400字)
[gen] 箴言 7章 · 讲解版 …
[ok] 箴言 7章 · 讲解版 (19s, 2451字)
[gen] 箴言 7章 · 发现版 …
[ok] 箴言 7章 · 发现版 (15s, 2154字)
[gen] 箴言 8章 · 讲解版 …
[ok] 箴言 8章 · 讲解版 (16s, 2190字)
[gen] 箴言 8章 · 发现版 …
[ok] 箴言 8章 · 发现版 (15s, 2118字)
[gen] 箴言 9章 · 讲解版 …
[ok] 箴言 9章 · 讲解版 (19s, 2369字)
[gen] 箴言 9章 · 发现版 …
[ok] 箴言 9章 · 发现版 (13s, 1927字)
[gen] 箴言 10章 · 讲解版 …
[ok] 箴言 10章 · 讲解版 (16s, 2059字)
[gen] 箴言 10章 · 发现版 …
[ok] 箴言 10章 · 发现版 (15s, 2115字)
[gen] 箴言 11章 · 讲解版 …
[ok] 箴言 11章 · 讲解版 (15s, 1862字)
[gen] 箴言 11章 · 发现版 …
[ok] 箴言 11章 · 发现版 (17s, 2200字)
[gen] 箴言 12章 · 讲解版 …
[ok] 箴言 12章 · 讲解版 (18s, 2291字)
[gen] 箴言 12章 · 发现版 …
[ok] 箴言 12章 · 发现版 (18s, 2631字)
[gen] 箴言 13章 · 讲解版 …
[ok] 箴言 13章 · 讲解版 (18s, 2477字)
[gen] 箴言 13章 · 发现版 …
[ok] 箴言 13章 · 发现版 (17s, 2397字)
[gen] 箴言 14章 · 讲解版 …
[ok] 箴言 14章 · 讲解版 (17s, 2373字)
[gen] 箴言 14章 · 发现版 …
[ok] 箴言 14章 · 发现版 (16s, 2225字)
[gen] 箴言 15章 · 讲解版 …
[ok] 箴言 15章 · 讲解版 (15s, 1920字)
[gen] 箴言 15章 · 发现版 …
[ok] 箴言 15章 · 发现版 (15s, 2231字)
[gen] 箴言 16章 · 讲解版 …
[ok] 箴言 16章 · 讲解版 (19s, 2460字)
[gen] 箴言 16章 · 发现版 …
[ok] 箴言 16章 · 发现版 (19s, 2622字)
[gen] 箴言 17章 · 讲解版 …
[ok] 箴言 17章 · 讲解版 (20s, 2465字)
[gen] 箴言 17章 · 发现版 …
[ok] 箴言 17章 · 发现版 (17s, 2502字)
[gen] 箴言 18章 · 讲解版 …
[ok] 箴言 18章 · 讲解版 (18s, 2391字)
[gen] 箴言 18章 · 发现版 …
[ok] 箴言 18章 · 发现版 (15s, 2051字)
[gen] 箴言 19章 · 讲解版 …
[ok] 箴言 19章 · 讲解版 (20s, 2711字)
[gen] 箴言 19章 · 发现版 …
[ok] 箴言 19章 · 发现版 (18s, 2370字)
[gen] 箴言 20章 · 讲解版 …
[ok] 箴言 20章 · 讲解版 (16s, 2037字)
[gen] 箴言 20章 · 发现版 …
[ok] 箴言 20章 · 发现版 (19s, 2485字)
[gen] 箴言 21章 · 讲解版 …
[ok] 箴言 21章 · 讲解版 (17s, 2123字)
[gen] 箴言 21章 · 发现版 …
[ok] 箴言 21章 · 发现版 (19s, 2552字)
[gen] 箴言 22章 · 讲解版 …
[ok] 箴言 22章 · 讲解版 (20s, 2374字)
[gen] 箴言 22章 · 发现版 …
[ok] 箴言 22章 · 发现版 (15s, 2037字)
[gen] 箴言 23章 · 讲解版 …
[ok] 箴言 23章 · 讲解版 (19s, 2308字)
[gen] 箴言 23章 · 发现版 …
[ok] 箴言 23章 · 发现版 (19s, 2711字)
[gen] 箴言 24章 · 讲解版 …
[ok] 箴言 24章 · 讲解版 (16s, 2016字)
[gen] 箴言 24章 · 发现版 …
[ok] 箴言 24章 · 发现版 (14s, 1894字)
[gen] 箴言 25章 · 讲解版 …
[ok] 箴言 25章 · 讲解版 (16s, 2269字)
[gen] 箴言 25章 · 发现版 …
[ok] 箴言 25章 · 发现版 (15s, 2131字)
[gen] 箴言 26章 · 讲解版 …
[ok] 箴言 26章 · 讲解版 (17s, 2078字)
[gen] 箴言 26章 · 发现版 …
[ok] 箴言 26章 · 发现版 (15s, 2100字)
[gen] 箴言 27章 · 讲解版 …
[ok] 箴言 27章 · 讲解版 (18s, 2316字)
[gen] 箴言 27章 · 发现版 …
[ok] 箴言 27章 · 发现版 (16s, 2088字)
[gen] 箴言 28章 · 讲解版 …
[ok] 箴言 28章 · 讲解版 (16s, 2199字)
[gen] 箴言 28章 · 发现版 …
[ok] 箴言 28章 · 发现版 (15s, 2097字)
[gen] 箴言 29章 · 讲解版 …
[ok] 箴言 29章 · 讲解版 (19s, 2421字)
[gen] 箴言 29章 · 发现版 …
[ok] 箴言 29章 · 发现版 (17s, 2219字)
[gen] 箴言 30章 · 讲解版 …
[ok] 箴言 30章 · 讲解版 (17s, 2086字)
[gen] 箴言 30章 · 发现版 …
[ok] 箴言 30章 · 发现版 (20s, 2657字)
[gen] 箴言 31章 · 讲解版 …
[ok] 箴言 31章 · 讲解版 (17s, 2260字)
[gen] 箴言 31章 · 发现版 …
[ok] 箴言 31章 · 发现版 (12s, 1793字)
[gen] 传道书 1章 · 讲解版 …
[ok] 传道书 1章 · 讲解版 (18s, 2417字)
[gen] 传道书 1章 · 发现版 …
[ok] 传道书 1章 · 发现版 (13s, 1988字)
[gen] 传道书 2章 · 讲解版 …
[ok] 传道书 2章 · 讲解版 (18s, 2168字)
[gen] 传道书 2章 · 发现版 …
[ok] 传道书 2章 · 发现版 (16s, 2201字)
[gen] 传道书 3章 · 讲解版 …
[ok] 传道书 3章 · 讲解版 (15s, 1979字)
[gen] 传道书 3章 · 发现版 …
[ok] 传道书 3章 · 发现版 (17s, 2450字)
[gen] 传道书 4章 · 讲解版 …
[ok] 传道书 4章 · 讲解版 (20s, 2345字)
[gen] 传道书 4章 · 发现版 …
[ok] 传道书 4章 · 发现版 (14s, 1942字)
[gen] 传道书 5章 · 讲解版 …
[ok] 传道书 5章 · 讲解版 (15s, 2046字)
[gen] 传道书 5章 · 发现版 …
[ok] 传道书 5章 · 发现版 (16s, 2106字)
[gen] 传道书 6章 · 讲解版 …
[ok] 传道书 6章 · 讲解版 (17s, 2142字)
[gen] 传道书 6章 · 发现版 …
[ok] 传道书 6章 · 发现版 (14s, 2015字)
[gen] 传道书 7章 · 讲解版 …
[ok] 传道书 7章 · 讲解版 (15s, 2095字)
[gen] 传道书 7章 · 发现版 …
[ok] 传道书 7章 · 发现版 (16s, 2178字)
[gen] 传道书 8章 · 讲解版 …
[ok] 传道书 8章 · 讲解版 (14s, 1900字)
[gen] 传道书 8章 · 发现版 …
[ok] 传道书 8章 · 发现版 (16s, 2088字)
[gen] 传道书 9章 · 讲解版 …
[ok] 传道书 9章 · 讲解版 (20s, 2394字)
[gen] 传道书 9章 · 发现版 …
[ok] 传道书 9章 · 发现版 (16s, 1958字)
[gen] 传道书 10章 · 讲解版 …
[ok] 传道书 10章 · 讲解版 (13s, 1834字)
[gen] 传道书 10章 · 发现版 …
[ok] 传道书 10章 · 发现版 (15s, 2029字)
[gen] 传道书 11章 · 讲解版 …
[ok] 传道书 11章 · 讲解版 (16s, 2251字)
[gen] 传道书 11章 · 发现版 …
[ok] 传道书 11章 · 发现版 (14s, 2051字)
[gen] 传道书 12章 · 讲解版 …
[ok] 传道书 12章 · 讲解版 (19s, 2458字)
[gen] 传道书 12章 · 发现版 …
[ok] 传道书 12章 · 发现版 (17s, 2560字)
[gen] 雅歌 1章 · 讲解版 …
[ok] 雅歌 1章 · 讲解版 (14s, 1858字)
[gen] 雅歌 1章 · 发现版 …
[ok] 雅歌 1章 · 发现版 (12s, 1935字)
[gen] 雅歌 2章 · 讲解版 …
[ok] 雅歌 2章 · 讲解版 (18s, 2423字)
[gen] 雅歌 2章 · 发现版 …
[ok] 雅歌 2章 · 发现版 (13s, 2111字)
[gen] 雅歌 3章 · 讲解版 …
[ok] 雅歌 3章 · 讲解版 (18s, 2072字)
[gen] 雅歌 3章 · 发现版 …
[ok] 雅歌 3章 · 发现版 (14s, 1995字)
[gen] 雅歌 4章 · 讲解版 …
[ok] 雅歌 4章 · 讲解版 (14s, 1974字)
[gen] 雅歌 4章 · 发现版 …
[ok] 雅歌 4章 · 发现版 (13s, 1977字)
[gen] 雅歌 5章 · 讲解版 …
[ok] 雅歌 5章 · 讲解版 (19s, 2444字)
[gen] 雅歌 5章 · 发现版 …
[ok] 雅歌 5章 · 发现版 (13s, 1885字)
[gen] 雅歌 6章 · 讲解版 …
[ok] 雅歌 6章 · 讲解版 (14s, 1804字)
[gen] 雅歌 6章 · 发现版 …
[ok] 雅歌 6章 · 发现版 (14s, 1964字)
[gen] 雅歌 7章 · 讲解版 …
[ok] 雅歌 7章 · 讲解版 (15s, 2052字)
[gen] 雅歌 7章 · 发现版 …
[ok] 雅歌 7章 · 发现版 (13s, 1790字)
[gen] 雅歌 8章 · 讲解版 …
[ok] 雅歌 8章 · 讲解版 (14s, 1844字)
[gen] 雅歌 8章 · 发现版 …
[ok] 雅歌 8章 · 发现版 (14s, 1988字)
[gen] 以赛亚书 1章 · 讲解版 …
[ok] 以赛亚书 1章 · 讲解版 (16s, 1860字)
[gen] 以赛亚书 1章 · 发现版 …
[ok] 以赛亚书 1章 · 发现版 (18s, 2422字)
[gen] 以赛亚书 2章 · 讲解版 …
[ok] 以赛亚书 2章 · 讲解版 (20s, 2525字)
[gen] 以赛亚书 2章 · 发现版 …
[ok] 以赛亚书 2章 · 发现版 (17s, 2119字)
[gen] 以赛亚书 3章 · 讲解版 …
[ok] 以赛亚书 3章 · 讲解版 (18s, 2122字)
[gen] 以赛亚书 3章 · 发现版 …
[ok] 以赛亚书 3章 · 发现版 (18s, 2423字)
[gen] 以赛亚书 4章 · 讲解版 …
[ok] 以赛亚书 4章 · 讲解版 (15s, 1740字)
[gen] 以赛亚书 4章 · 发现版 …
[ok] 以赛亚书 4章 · 发现版 (15s, 1963字)
[gen] 以赛亚书 5章 · 讲解版 …
[ok] 以赛亚书 5章 · 讲解版 (18s, 2206字)
[gen] 以赛亚书 5章 · 发现版 …
[ok] 以赛亚书 5章 · 发现版 (17s, 2378字)
[gen] 以赛亚书 6章 · 讲解版 …
[ok] 以赛亚书 6章 · 讲解版 (16s, 2213字)
[gen] 以赛亚书 6章 · 发现版 …
[ok] 以赛亚书 6章 · 发现版 (15s, 2113字)
[gen] 以赛亚书 7章 · 讲解版 …
[ok] 以赛亚书 7章 · 讲解版 (17s, 2060字)
[gen] 以赛亚书 7章 · 发现版 …
[ok] 以赛亚书 7章 · 发现版 (18s, 2448字)
[gen] 以赛亚书 8章 · 讲解版 …
[ok] 以赛亚书 8章 · 讲解版 (16s, 2160字)
[gen] 以赛亚书 8章 · 发现版 …
[ok] 以赛亚书 8章 · 发现版 (18s, 2304字)
[gen] 以赛亚书 9章 · 讲解版 …
[ok] 以赛亚书 9章 · 讲解版 (17s, 2321字)
[gen] 以赛亚书 9章 · 发现版 …
[ok] 以赛亚书 9章 · 发现版 (16s, 2281字)
[gen] 以赛亚书 10章 · 讲解版 …
[ok] 以赛亚书 10章 · 讲解版 (17s, 2154字)
[gen] 以赛亚书 10章 · 发现版 …
[ok] 以赛亚书 10章 · 发现版 (15s, 1984字)
[gen] 以赛亚书 11章 · 讲解版 …
[ok] 以赛亚书 11章 · 讲解版 (17s, 2439字)
[gen] 以赛亚书 11章 · 发现版 …
[ok] 以赛亚书 11章 · 发现版 (13s, 1933字)
[gen] 以赛亚书 12章 · 讲解版 …
[ok] 以赛亚书 12章 · 讲解版 (14s, 1813字)
[gen] 以赛亚书 12章 · 发现版 …
[ok] 以赛亚书 12章 · 发现版 (15s, 2215字)
[gen] 以赛亚书 13章 · 讲解版 …
[ok] 以赛亚书 13章 · 讲解版 (16s, 2301字)
[gen] 以赛亚书 13章 · 发现版 …
[ok] 以赛亚书 13章 · 发现版 (12s, 1805字)
[gen] 以赛亚书 14章 · 讲解版 …
[ok] 以赛亚书 14章 · 讲解版 (13s, 1836字)
[gen] 以赛亚书 14章 · 发现版 …
[ok] 以赛亚书 14章 · 发现版 (14s, 2335字)
[gen] 以赛亚书 15章 · 讲解版 …
[ok] 以赛亚书 15章 · 讲解版 (14s, 1844字)
[gen] 以赛亚书 15章 · 发现版 …
[ok] 以赛亚书 15章 · 发现版 (14s, 1995字)
[gen] 以赛亚书 16章 · 讲解版 …
[ok] 以赛亚书 16章 · 讲解版 (14s, 1788字)
[gen] 以赛亚书 16章 · 发现版 …
[ok] 以赛亚书 16章 · 发现版 (18s, 2477字)
[gen] 以赛亚书 17章 · 讲解版 …
[ok] 以赛亚书 17章 · 讲解版 (16s, 2187字)
[gen] 以赛亚书 17章 · 发现版 …
[ok] 以赛亚书 17章 · 发现版 (16s, 2296字)
[gen] 以赛亚书 18章 · 讲解版 …
[ok] 以赛亚书 18章 · 讲解版 (12s, 1604字)
[gen] 以赛亚书 18章 · 发现版 …
[ok] 以赛亚书 18章 · 发现版 (14s, 2040字)
[gen] 以赛亚书 19章 · 讲解版 …
[ok] 以赛亚书 19章 · 讲解版 (16s, 2133字)
[gen] 以赛亚书 19章 · 发现版 …
[ok] 以赛亚书 19章 · 发现版 (14s, 2031字)
[gen] 以赛亚书 20章 · 讲解版 …
[ok] 以赛亚书 20章 · 讲解版 (13s, 1790字)
[gen] 以赛亚书 20章 · 发现版 …
[ok] 以赛亚书 20章 · 发现版 (11s, 1636字)
[gen] 以赛亚书 21章 · 讲解版 …
[ok] 以赛亚书 21章 · 讲解版 (16s, 2184字)
[gen] 以赛亚书 21章 · 发现版 …
[ok] 以赛亚书 21章 · 发现版 (15s, 2151字)
[gen] 以赛亚书 22章 · 讲解版 …
[ok] 以赛亚书 22章 · 讲解版 (15s, 1982字)
[gen] 以赛亚书 22章 · 发现版 …
[ok] 以赛亚书 22章 · 发现版 (14s, 2058字)
[gen] 以赛亚书 23章 · 讲解版 …
[ok] 以赛亚书 23章 · 讲解版 (15s, 2119字)
[gen] 以赛亚书 23章 · 发现版 …
[ok] 以赛亚书 23章 · 发现版 (12s, 1750字)
[gen] 以赛亚书 24章 · 讲解版 …
[ok] 以赛亚书 24章 · 讲解版 (14s, 1891字)
[gen] 以赛亚书 24章 · 发现版 …
[ok] 以赛亚书 24章 · 发现版 (17s, 2460字)
[gen] 以赛亚书 25章 · 讲解版 …
[ok] 以赛亚书 25章 · 讲解版 (18s, 2558字)
[gen] 以赛亚书 25章 · 发现版 …
[ok] 以赛亚书 25章 · 发现版 (13s, 1873字)
[gen] 以赛亚书 26章 · 讲解版 …
[ok] 以赛亚书 26章 · 讲解版 (21s, 2638字)
[gen] 以赛亚书 26章 · 发现版 …
[ok] 以赛亚书 26章 · 发现版 (14s, 2088字)
[gen] 以赛亚书 27章 · 讲解版 …
[ok] 以赛亚书 27章 · 讲解版 (17s, 2222字)
[gen] 以赛亚书 27章 · 发现版 …
[ok] 以赛亚书 27章 · 发现版 (14s, 1982字)
[gen] 以赛亚书 28章 · 讲解版 …
[ok] 以赛亚书 28章 · 讲解版 (17s, 2252字)
[gen] 以赛亚书 28章 · 发现版 …
[ok] 以赛亚书 28章 · 发现版 (18s, 2706字)
[gen] 以赛亚书 29章 · 讲解版 …
[ok] 以赛亚书 29章 · 讲解版 (15s, 1932字)
[gen] 以赛亚书 29章 · 发现版 …
[ok] 以赛亚书 29章 · 发现版 (13s, 2050字)
[gen] 以赛亚书 30章 · 讲解版 …
[ok] 以赛亚书 30章 · 讲解版 (13s, 1927字)
[gen] 以赛亚书 30章 · 发现版 …
[ok] 以赛亚书 30章 · 发现版 (15s, 2288字)
[gen] 以赛亚书 31章 · 讲解版 …
[ok] 以赛亚书 31章 · 讲解版 (15s, 2085字)
[gen] 以赛亚书 31章 · 发现版 …
[ok] 以赛亚书 31章 · 发现版 (14s, 2178字)
[gen] 以赛亚书 32章 · 讲解版 …
[ok] 以赛亚书 32章 · 讲解版 (15s, 2130字)
[gen] 以赛亚书 32章 · 发现版 …
[ok] 以赛亚书 32章 · 发现版 (16s, 2414字)
[gen] 以赛亚书 33章 · 讲解版 …
[ok] 以赛亚书 33章 · 讲解版 (17s, 2416字)
[gen] 以赛亚书 33章 · 发现版 …
[ok] 以赛亚书 33章 · 发现版 (13s, 2119字)
[gen] 以赛亚书 34章 · 讲解版 …
[ok] 以赛亚书 34章 · 讲解版 (15s, 1980字)
[gen] 以赛亚书 34章 · 发现版 …
[ok] 以赛亚书 34章 · 发现版 (13s, 1842字)
[gen] 以赛亚书 35章 · 讲解版 …
[ok] 以赛亚书 35章 · 讲解版 (16s, 2018字)
[gen] 以赛亚书 35章 · 发现版 …
[ok] 以赛亚书 35章 · 发现版 (15s, 2097字)
[gen] 以赛亚书 36章 · 讲解版 …
[ok] 以赛亚书 36章 · 讲解版 (14s, 1936字)
[gen] 以赛亚书 36章 · 发现版 …
[ok] 以赛亚书 36章 · 发现版 (13s, 1852字)
[gen] 以赛亚书 37章 · 讲解版 …
[ok] 以赛亚书 37章 · 讲解版 (18s, 2321字)
[gen] 以赛亚书 37章 · 发现版 …
[ok] 以赛亚书 37章 · 发现版 (12s, 1799字)
[gen] 以赛亚书 38章 · 讲解版 …
[ok] 以赛亚书 38章 · 讲解版 (15s, 2051字)
[gen] 以赛亚书 38章 · 发现版 …
[ok] 以赛亚书 38章 · 发现版 (14s, 2197字)
[gen] 以赛亚书 39章 · 讲解版 …
[ok] 以赛亚书 39章 · 讲解版 (15s, 2016字)
[gen] 以赛亚书 39章 · 发现版 …
[ok] 以赛亚书 39章 · 发现版 (11s, 1784字)
[gen] 以赛亚书 40章 · 讲解版 …
[ok] 以赛亚书 40章 · 讲解版 (15s, 1871字)
[gen] 以赛亚书 40章 · 发现版 …
[ok] 以赛亚书 40章 · 发现版 (15s, 2054字)
[gen] 以赛亚书 41章 · 讲解版 …
[ok] 以赛亚书 41章 · 讲解版 (16s, 2015字)
[gen] 以赛亚书 41章 · 发现版 …
[ok] 以赛亚书 41章 · 发现版 (15s, 2315字)
[gen] 以赛亚书 42章 · 讲解版 …
[ok] 以赛亚书 42章 · 讲解版 (19s, 2491字)
[gen] 以赛亚书 42章 · 发现版 …
[ok] 以赛亚书 42章 · 发现版 (17s, 2382字)
[gen] 以赛亚书 43章 · 讲解版 …
[ok] 以赛亚书 43章 · 讲解版 (17s, 2293字)
[gen] 以赛亚书 43章 · 发现版 …
[ok] 以赛亚书 43章 · 发现版 (15s, 2370字)
[gen] 以赛亚书 44章 · 讲解版 …
[ok] 以赛亚书 44章 · 讲解版 (18s, 2410字)
[gen] 以赛亚书 44章 · 发现版 …
[ok] 以赛亚书 44章 · 发现版 (14s, 2012字)
[gen] 以赛亚书 45章 · 讲解版 …
[ok] 以赛亚书 45章 · 讲解版 (17s, 2289字)
[gen] 以赛亚书 45章 · 发现版 …
[ok] 以赛亚书 45章 · 发现版 (16s, 2206字)
[gen] 以赛亚书 46章 · 讲解版 …
[ok] 以赛亚书 46章 · 讲解版 (12s, 1782字)
[gen] 以赛亚书 46章 · 发现版 …
[ok] 以赛亚书 46章 · 发现版 (14s, 2064字)
[gen] 以赛亚书 47章 · 讲解版 …
[ok] 以赛亚书 47章 · 讲解版 (11s, 1668字)
[gen] 以赛亚书 47章 · 发现版 …
[ok] 以赛亚书 47章 · 发现版 (15s, 2239字)
[gen] 以赛亚书 48章 · 讲解版 …
[ok] 以赛亚书 48章 · 讲解版 (16s, 2116字)
[gen] 以赛亚书 48章 · 发现版 …
[ok] 以赛亚书 48章 · 发现版 (17s, 2419字)
[gen] 以赛亚书 49章 · 讲解版 …
[ok] 以赛亚书 49章 · 讲解版 (17s, 2314字)
[gen] 以赛亚书 49章 · 发现版 …
[ok] 以赛亚书 49章 · 发现版 (15s, 2165字)
[gen] 以赛亚书 50章 · 讲解版 …
[ok] 以赛亚书 50章 · 讲解版 (16s, 2202字)
[gen] 以赛亚书 50章 · 发现版 …
[ok] 以赛亚书 50章 · 发现版 (11s, 1667字)
[gen] 以赛亚书 51章 · 讲解版 …
[ok] 以赛亚书 51章 · 讲解版 (19s, 2438字)
[gen] 以赛亚书 51章 · 发现版 …
[ok] 以赛亚书 51章 · 发现版 (15s, 2281字)
[gen] 以赛亚书 52章 · 讲解版 …
[ok] 以赛亚书 52章 · 讲解版 (17s, 2310字)
[gen] 以赛亚书 52章 · 发现版 …

--- batch start 2026-05-20T00:06:04.958Z ---
Batch: info + guide | pipeline: reader-generate (plan→execute) | 导读 role=info_edition_v1 | 引导 role=role_356f0ffb | 导读描述规则 0 字 | books ISA…REV | skip existing | local only
[gen] 以赛亚书 52章 · 发现版 …
[ok] 以赛亚书 52章 · 发现版 (22s, 2784字)
[gen] 以赛亚书 53章 · 讲解版 …
[ok] 以赛亚书 53章 · 讲解版 (14s, 1742字)
[gen] 以赛亚书 53章 · 发现版 …
[ok] 以赛亚书 53章 · 发现版 (14s, 1991字)
[gen] 以赛亚书 54章 · 讲解版 …
[ok] 以赛亚书 54章 · 讲解版 (19s, 2129字)
[gen] 以赛亚书 54章 · 发现版 …
[ok] 以赛亚书 54章 · 发现版 (18s, 2142字)
[gen] 以赛亚书 55章 · 讲解版 …
[ok] 以赛亚书 55章 · 讲解版 (17s, 1957字)
[gen] 以赛亚书 55章 · 发现版 …
[ok] 以赛亚书 55章 · 发现版 (17s, 2167字)
[gen] 以赛亚书 56章 · 讲解版 …
[ok] 以赛亚书 56章 · 讲解版 (17s, 2002字)
[gen] 以赛亚书 56章 · 发现版 …
[ok] 以赛亚书 56章 · 发现版 (22s, 2658字)
[gen] 以赛亚书 57章 · 讲解版 …
[ok] 以赛亚书 57章 · 讲解版 (17s, 2019字)
[gen] 以赛亚书 57章 · 发现版 …
[ok] 以赛亚书 57章 · 发现版 (15s, 2046字)
[gen] 以赛亚书 58章 · 讲解版 …
[ok] 以赛亚书 58章 · 讲解版 (17s, 1934字)
[gen] 以赛亚书 58章 · 发现版 …
[ok] 以赛亚书 58章 · 发现版 (25s, 2987字)
[gen] 以赛亚书 59章 · 讲解版 …
[ok] 以赛亚书 59章 · 讲解版 (17s, 1888字)
[gen] 以赛亚书 59章 · 发现版 …
[ok] 以赛亚书 59章 · 发现版 (17s, 2188字)
[gen] 以赛亚书 60章 · 讲解版 …
[ok] 以赛亚书 60章 · 讲解版 (15s, 1799字)
[gen] 以赛亚书 60章 · 发现版 …
[ok] 以赛亚书 60章 · 发现版 (19s, 2412字)
[gen] 以赛亚书 61章 · 讲解版 …
[ok] 以赛亚书 61章 · 讲解版 (15s, 1712字)
[gen] 以赛亚书 61章 · 发现版 …
[ok] 以赛亚书 61章 · 发现版 (14s, 1737字)
[gen] 以赛亚书 62章 · 讲解版 …
[ok] 以赛亚书 62章 · 讲解版 (19s, 2171字)
[gen] 以赛亚书 62章 · 发现版 …
[ok] 以赛亚书 62章 · 发现版 (17s, 2291字)
[gen] 以赛亚书 63章 · 讲解版 …
[ok] 以赛亚书 63章 · 讲解版 (22s, 2451字)
[gen] 以赛亚书 63章 · 发现版 …
[ok] 以赛亚书 63章 · 发现版 (19s, 2650字)
[gen] 以赛亚书 64章 · 讲解版 …
[ok] 以赛亚书 64章 · 讲解版 (15s, 1871字)
[gen] 以赛亚书 64章 · 发现版 …
[ok] 以赛亚书 64章 · 发现版 (15s, 1813字)
[gen] 以赛亚书 65章 · 讲解版 …
[ok] 以赛亚书 65章 · 讲解版 (18s, 2110字)
[gen] 以赛亚书 65章 · 发现版 …
[ok] 以赛亚书 65章 · 发现版 (16s, 2277字)
[gen] 以赛亚书 66章 · 讲解版 …
[ok] 以赛亚书 66章 · 讲解版 (21s, 2599字)
[gen] 以赛亚书 66章 · 发现版 …
[ok] 以赛亚书 66章 · 发现版 (16s, 1979字)
[gen] 耶利米书 1章 · 讲解版 …
[ok] 耶利米书 1章 · 讲解版 (14s, 1774字)
[gen] 耶利米书 1章 · 发现版 …
[ok] 耶利米书 1章 · 发现版 (17s, 2228字)
[gen] 耶利米书 2章 · 讲解版 …
[ok] 耶利米书 2章 · 讲解版 (24s, 2708字)
[gen] 耶利米书 2章 · 发现版 …
[ok] 耶利米书 2章 · 发现版 (18s, 2331字)
[gen] 耶利米书 3章 · 讲解版 …
[ok] 耶利米书 3章 · 讲解版 (21s, 2529字)
[gen] 耶利米书 3章 · 发现版 …
[ok] 耶利米书 3章 · 发现版 (22s, 2840字)
[gen] 耶利米书 4章 · 讲解版 …
[ok] 耶利米书 4章 · 讲解版 (16s, 1919字)
[gen] 耶利米书 4章 · 发现版 …
[ok] 耶利米书 4章 · 发现版 (19s, 2599字)
[gen] 耶利米书 5章 · 讲解版 …
[ok] 耶利米书 5章 · 讲解版 (16s, 1751字)
[gen] 耶利米书 5章 · 发现版 …
[ok] 耶利米书 5章 · 发现版 (17s, 2097字)
[gen] 耶利米书 6章 · 讲解版 …
[ok] 耶利米书 6章 · 讲解版 (14s, 1654字)
[gen] 耶利米书 6章 · 发现版 …
[ok] 耶利米书 6章 · 发现版 (17s, 2117字)
[gen] 耶利米书 7章 · 讲解版 …
[ok] 耶利米书 7章 · 讲解版 (16s, 1818字)
[gen] 耶利米书 7章 · 发现版 …
[ok] 耶利米书 7章 · 发现版 (17s, 2166字)
[gen] 耶利米书 8章 · 讲解版 …
[ok] 耶利米书 8章 · 讲解版 (18s, 2236字)
[gen] 耶利米书 8章 · 发现版 …
[ok] 耶利米书 8章 · 发现版 (19s, 2579字)
[gen] 耶利米书 9章 · 讲解版 …
[ok] 耶利米书 9章 · 讲解版 (19s, 2434字)
[gen] 耶利米书 9章 · 发现版 …
[ok] 耶利米书 9章 · 发现版 (17s, 2096字)
[gen] 耶利米书 10章 · 讲解版 …
[ok] 耶利米书 10章 · 讲解版 (19s, 2353字)
[gen] 耶利米书 10章 · 发现版 …
[ok] 耶利米书 10章 · 发现版 (18s, 2176字)
[gen] 耶利米书 11章 · 讲解版 …
[ok] 耶利米书 11章 · 讲解版 (22s, 2407字)
[gen] 耶利米书 11章 · 发现版 …
[ok] 耶利米书 11章 · 发现版 (18s, 2404字)
[gen] 耶利米书 12章 · 讲解版 …
[ok] 耶利米书 12章 · 讲解版 (20s, 2350字)
[gen] 耶利米书 12章 · 发现版 …
[ok] 耶利米书 12章 · 发现版 (17s, 2291字)
[gen] 耶利米书 13章 · 讲解版 …
[ok] 耶利米书 13章 · 讲解版 (18s, 2281字)
[gen] 耶利米书 13章 · 发现版 …
[ok] 耶利米书 13章 · 发现版 (17s, 2232字)
[gen] 耶利米书 14章 · 讲解版 …
[ok] 耶利米书 14章 · 讲解版 (16s, 1859字)
[gen] 耶利米书 14章 · 发现版 …
[ok] 耶利米书 14章 · 发现版 (19s, 2376字)
[gen] 耶利米书 15章 · 讲解版 …
[ok] 耶利米书 15章 · 讲解版 (22s, 2633字)
[gen] 耶利米书 15章 · 发现版 …
[ok] 耶利米书 15章 · 发现版 (16s, 2152字)
[gen] 耶利米书 16章 · 讲解版 …
[ok] 耶利米书 16章 · 讲解版 (18s, 2110字)
[gen] 耶利米书 16章 · 发现版 …
[ok] 耶利米书 16章 · 发现版 (17s, 2350字)
[gen] 耶利米书 17章 · 讲解版 …
[ok] 耶利米书 17章 · 讲解版 (17s, 2101字)
[gen] 耶利米书 17章 · 发现版 …
[ok] 耶利米书 17章 · 发现版 (18s, 2270字)
[gen] 耶利米书 18章 · 讲解版 …
[ok] 耶利米书 18章 · 讲解版 (23s, 2591字)
[gen] 耶利米书 18章 · 发现版 …
[ok] 耶利米书 18章 · 发现版 (17s, 2112字)
[gen] 耶利米书 19章 · 讲解版 …
[ok] 耶利米书 19章 · 讲解版 (17s, 2015字)
[gen] 耶利米书 19章 · 发现版 …
[ok] 耶利米书 19章 · 发现版 (18s, 2257字)
[gen] 耶利米书 20章 · 讲解版 …
[ok] 耶利米书 20章 · 讲解版 (19s, 2336字)
[gen] 耶利米书 20章 · 发现版 …
[ok] 耶利米书 20章 · 发现版 (17s, 2221字)
[gen] 耶利米书 21章 · 讲解版 …
[ok] 耶利米书 21章 · 讲解版 (17s, 2019字)
[gen] 耶利米书 21章 · 发现版 …
[ok] 耶利米书 21章 · 发现版 (16s, 2087字)
[gen] 耶利米书 22章 · 讲解版 …
[ok] 耶利米书 22章 · 讲解版 (20s, 2286字)
[gen] 耶利米书 22章 · 发现版 …
[ok] 耶利米书 22章 · 发现版 (18s, 2361字)
[gen] 耶利米书 23章 · 讲解版 …
[ok] 耶利米书 23章 · 讲解版 (20s, 2492字)
[gen] 耶利米书 23章 · 发现版 …
[ok] 耶利米书 23章 · 发现版 (19s, 2312字)
[gen] 耶利米书 24章 · 讲解版 …
[ok] 耶利米书 24章 · 讲解版 (19s, 2228字)
[gen] 耶利米书 24章 · 发现版 …
[ok] 耶利米书 24章 · 发现版 (12s, 1689字)
[gen] 耶利米书 25章 · 讲解版 …
[ok] 耶利米书 25章 · 讲解版 (17s, 2025字)
[gen] 耶利米书 25章 · 发现版 …
[ok] 耶利米书 25章 · 发现版 (17s, 2015字)
[gen] 耶利米书 26章 · 讲解版 …
[ok] 耶利米书 26章 · 讲解版 (16s, 1746字)
[gen] 耶利米书 26章 · 发现版 …
[ok] 耶利米书 26章 · 发现版 (20s, 2413字)
[gen] 耶利米书 27章 · 讲解版 …
[ok] 耶利米书 27章 · 讲解版 (19s, 2251字)
[gen] 耶利米书 27章 · 发现版 …
[ok] 耶利米书 27章 · 发现版 (13s, 1779字)
[gen] 耶利米书 28章 · 讲解版 …
[ok] 耶利米书 28章 · 讲解版 (18s, 2205字)
[gen] 耶利米书 28章 · 发现版 …
[ok] 耶利米书 28章 · 发现版 (17s, 2207字)
[gen] 耶利米书 29章 · 讲解版 …
[ok] 耶利米书 29章 · 讲解版 (18s, 2045字)
[gen] 耶利米书 29章 · 发现版 …
[ok] 耶利米书 29章 · 发现版 (17s, 2174字)
[gen] 耶利米书 30章 · 讲解版 …
[ok] 耶利米书 30章 · 讲解版 (15s, 1674字)
[gen] 耶利米书 30章 · 发现版 …
[ok] 耶利米书 30章 · 发现版 (17s, 2294字)
[gen] 耶利米书 31章 · 讲解版 …
[ok] 耶利米书 31章 · 讲解版 (19s, 2197字)
[gen] 耶利米书 31章 · 发现版 …
[ok] 耶利米书 31章 · 发现版 (20s, 2521字)
[gen] 耶利米书 32章 · 讲解版 …
[ok] 耶利米书 32章 · 讲解版 (20s, 2367字)
[gen] 耶利米书 32章 · 发现版 …
[ok] 耶利米书 32章 · 发现版 (18s, 2312字)
[gen] 耶利米书 33章 · 讲解版 …
[ok] 耶利米书 33章 · 讲解版 (17s, 2033字)
[gen] 耶利米书 33章 · 发现版 …
[ok] 耶利米书 33章 · 发现版 (16s, 2005字)
[gen] 耶利米书 34章 · 讲解版 …
[ok] 耶利米书 34章 · 讲解版 (18s, 2203字)
[gen] 耶利米书 34章 · 发现版 …
[ok] 耶利米书 34章 · 发现版 (18s, 2105字)
[gen] 耶利米书 35章 · 讲解版 …
[ok] 耶利米书 35章 · 讲解版 (17s, 2028字)
[gen] 耶利米书 35章 · 发现版 …
[ok] 耶利米书 35章 · 发现版 (12s, 1666字)
[gen] 耶利米书 36章 · 讲解版 …
[ok] 耶利米书 36章 · 讲解版 (15s, 1775字)
[gen] 耶利米书 36章 · 发现版 …
[ok] 耶利米书 36章 · 发现版 (14s, 1837字)
[gen] 耶利米书 37章 · 讲解版 …
[ok] 耶利米书 37章 · 讲解版 (18s, 2039字)
[gen] 耶利米书 37章 · 发现版 …
[ok] 耶利米书 37章 · 发现版 (18s, 2430字)
[gen] 耶利米书 38章 · 讲解版 …
[ok] 耶利米书 38章 · 讲解版 (22s, 2606字)
[gen] 耶利米书 38章 · 发现版 …
[ok] 耶利米书 38章 · 发现版 (17s, 2161字)
[gen] 耶利米书 39章 · 讲解版 …
[ok] 耶利米书 39章 · 讲解版 (15s, 1720字)
[gen] 耶利米书 39章 · 发现版 …
[ok] 耶利米书 39章 · 发现版 (17s, 2009字)
[gen] 耶利米书 40章 · 讲解版 …
[ok] 耶利米书 40章 · 讲解版 (16s, 1971字)
[gen] 耶利米书 40章 · 发现版 …
[ok] 耶利米书 40章 · 发现版 (14s, 1863字)
[gen] 耶利米书 41章 · 讲解版 …
[ok] 耶利米书 41章 · 讲解版 (18s, 2155字)
[gen] 耶利米书 41章 · 发现版 …
[ok] 耶利米书 41章 · 发现版 (16s, 2042字)
[gen] 耶利米书 42章 · 讲解版 …
[ok] 耶利米书 42章 · 讲解版 (16s, 1989字)
[gen] 耶利米书 42章 · 发现版 …
[ok] 耶利米书 42章 · 发现版 (15s, 1912字)
[gen] 耶利米书 43章 · 讲解版 …
[ok] 耶利米书 43章 · 讲解版 (15s, 1793字)
[gen] 耶利米书 43章 · 发现版 …
[ok] 耶利米书 43章 · 发现版 (16s, 1989字)
[gen] 耶利米书 44章 · 讲解版 …
[ok] 耶利米书 44章 · 讲解版 (18s, 1983字)
[gen] 耶利米书 44章 · 发现版 …
[ok] 耶利米书 44章 · 发现版 (17s, 2173字)
[gen] 耶利米书 45章 · 讲解版 …
[ok] 耶利米书 45章 · 讲解版 (15s, 1789字)
[gen] 耶利米书 45章 · 发现版 …
[ok] 耶利米书 45章 · 发现版 (16s, 2051字)
[gen] 耶利米书 46章 · 讲解版 …
[ok] 耶利米书 46章 · 讲解版 (18s, 2051字)
[gen] 耶利米书 46章 · 发现版 …
[ok] 耶利米书 46章 · 发现版 (18s, 2147字)
[gen] 耶利米书 47章 · 讲解版 …
[ok] 耶利米书 47章 · 讲解版 (18s, 2295字)
[gen] 耶利米书 47章 · 发现版 …
[ok] 耶利米书 47章 · 发现版 (17s, 2148字)
[gen] 耶利米书 48章 · 讲解版 …
[ok] 耶利米书 48章 · 讲解版 (19s, 2537字)
[gen] 耶利米书 48章 · 发现版 …
[ok] 耶利米书 48章 · 发现版 (16s, 2124字)
[gen] 耶利米书 49章 · 讲解版 …
[ok] 耶利米书 49章 · 讲解版 (18s, 2080字)
[gen] 耶利米书 49章 · 发现版 …
[ok] 耶利米书 49章 · 发现版 (14s, 1905字)
[gen] 耶利米书 50章 · 讲解版 …
[ok] 耶利米书 50章 · 讲解版 (17s, 2032字)
[gen] 耶利米书 50章 · 发现版 …
[ok] 耶利米书 50章 · 发现版 (16s, 2294字)
[gen] 耶利米书 51章 · 讲解版 …
[ok] 耶利米书 51章 · 讲解版 (15s, 1908字)
[gen] 耶利米书 51章 · 发现版 …
[ok] 耶利米书 51章 · 发现版 (13s, 1786字)
[gen] 耶利米书 52章 · 讲解版 …
[ok] 耶利米书 52章 · 讲解版 (19s, 2154字)
[gen] 耶利米书 52章 · 发现版 …
[ok] 耶利米书 52章 · 发现版 (15s, 1809字)
[gen] 耶利米哀歌 1章 · 讲解版 …
[ok] 耶利米哀歌 1章 · 讲解版 (16s, 1869字)
[gen] 耶利米哀歌 1章 · 发现版 …
[ok] 耶利米哀歌 1章 · 发现版 (17s, 2286字)
[gen] 耶利米哀歌 2章 · 讲解版 …
[ok] 耶利米哀歌 2章 · 讲解版 (16s, 1905字)
[gen] 耶利米哀歌 2章 · 发现版 …
[ok] 耶利米哀歌 2章 · 发现版 (17s, 2097字)
[gen] 耶利米哀歌 3章 · 讲解版 …
[ok] 耶利米哀歌 3章 · 讲解版 (19s, 2202字)
[gen] 耶利米哀歌 3章 · 发现版 …
[ok] 耶利米哀歌 3章 · 发现版 (14s, 1877字)
[gen] 耶利米哀歌 4章 · 讲解版 …
[ok] 耶利米哀歌 4章 · 讲解版 (16s, 1988字)
[gen] 耶利米哀歌 4章 · 发现版 …
[ok] 耶利米哀歌 4章 · 发现版 (20s, 2415字)
[gen] 耶利米哀歌 5章 · 讲解版 …
[ok] 耶利米哀歌 5章 · 讲解版 (14s, 1753字)
[gen] 耶利米哀歌 5章 · 发现版 …
[ok] 耶利米哀歌 5章 · 发现版 (14s, 2020字)
[gen] 以西结书 1章 · 讲解版 …
[ok] 以西结书 1章 · 讲解版 (17s, 1920字)
[gen] 以西结书 1章 · 发现版 …
[ok] 以西结书 1章 · 发现版 (19s, 2322字)
[gen] 以西结书 2章 · 讲解版 …
[ok] 以西结书 2章 · 讲解版 (14s, 1683字)
[gen] 以西结书 2章 · 发现版 …
[ok] 以西结书 2章 · 发现版 (14s, 1766字)
[gen] 以西结书 3章 · 讲解版 …
[ok] 以西结书 3章 · 讲解版 (21s, 2485字)
[gen] 以西结书 3章 · 发现版 …
[ok] 以西结书 3章 · 发现版 (15s, 1910字)
[gen] 以西结书 4章 · 讲解版 …
[ok] 以西结书 4章 · 讲解版 (18s, 1913字)
[gen] 以西结书 4章 · 发现版 …
[ok] 以西结书 4章 · 发现版 (18s, 2245字)
[gen] 以西结书 5章 · 讲解版 …
[ok] 以西结书 5章 · 讲解版 (21s, 2452字)
[gen] 以西结书 5章 · 发现版 …
[ok] 以西结书 5章 · 发现版 (18s, 2283字)
[gen] 以西结书 6章 · 讲解版 …
[ok] 以西结书 6章 · 讲解版 (17s, 2151字)
[gen] 以西结书 6章 · 发现版 …
[ok] 以西结书 6章 · 发现版 (17s, 2205字)
[gen] 以西结书 7章 · 讲解版 …
[ok] 以西结书 7章 · 讲解版 (17s, 1992字)
[gen] 以西结书 7章 · 发现版 …
[ok] 以西结书 7章 · 发现版 (15s, 2012字)
[gen] 以西结书 8章 · 讲解版 …
[ok] 以西结书 8章 · 讲解版 (18s, 2103字)
[gen] 以西结书 8章 · 发现版 …
[ok] 以西结书 8章 · 发现版 (15s, 1858字)
[gen] 以西结书 9章 · 讲解版 …
[ok] 以西结书 9章 · 讲解版 (17s, 1904字)
[gen] 以西结书 9章 · 发现版 …
[ok] 以西结书 9章 · 发现版 (18s, 2074字)
[gen] 以西结书 10章 · 讲解版 …
[ok] 以西结书 10章 · 讲解版 (17s, 1937字)
[gen] 以西结书 10章 · 发现版 …
[ok] 以西结书 10章 · 发现版 (14s, 1825字)
[gen] 以西结书 11章 · 讲解版 …
[ok] 以西结书 11章 · 讲解版 (19s, 2295字)
[gen] 以西结书 11章 · 发现版 …
[ok] 以西结书 11章 · 发现版 (19s, 2525字)
[gen] 以西结书 12章 · 讲解版 …
[ok] 以西结书 12章 · 讲解版 (18s, 2067字)
[gen] 以西结书 12章 · 发现版 …
[ok] 以西结书 12章 · 发现版 (16s, 2176字)
[gen] 以西结书 13章 · 讲解版 …
[ok] 以西结书 13章 · 讲解版 (17s, 1988字)
[gen] 以西结书 13章 · 发现版 …
[ok] 以西结书 13章 · 发现版 (16s, 2158字)
[gen] 以西结书 14章 · 讲解版 …
[ok] 以西结书 14章 · 讲解版 (17s, 1948字)
[gen] 以西结书 14章 · 发现版 …
[ok] 以西结书 14章 · 发现版 (18s, 2248字)
[gen] 以西结书 15章 · 讲解版 …
[ok] 以西结书 15章 · 讲解版 (15s, 1809字)
[gen] 以西结书 15章 · 发现版 …
[ok] 以西结书 15章 · 发现版 (15s, 1964字)
[gen] 以西结书 16章 · 讲解版 …
[ok] 以西结书 16章 · 讲解版 (19s, 2139字)
[gen] 以西结书 16章 · 发现版 …
[ok] 以西结书 16章 · 发现版 (13s, 1632字)
[gen] 以西结书 17章 · 讲解版 …
[ok] 以西结书 17章 · 讲解版 (17s, 1911字)
[gen] 以西结书 17章 · 发现版 …
[ok] 以西结书 17章 · 发现版 (16s, 2019字)
[gen] 以西结书 18章 · 讲解版 …
[ok] 以西结书 18章 · 讲解版 (21s, 2738字)
[gen] 以西结书 18章 · 发现版 …
[ok] 以西结书 18章 · 发现版 (17s, 2229字)
[gen] 以西结书 19章 · 讲解版 …
[ok] 以西结书 19章 · 讲解版 (23s, 2256字)
[gen] 以西结书 19章 · 发现版 …
[ok] 以西结书 19章 · 发现版 (23s, 2221字)
[gen] 以西结书 20章 · 讲解版 …
[ok] 以西结书 20章 · 讲解版 (22s, 2034字)
[gen] 以西结书 20章 · 发现版 …
[ok] 以西结书 20章 · 发现版 (24s, 2537字)
[gen] 以西结书 21章 · 讲解版 …
[ok] 以西结书 21章 · 讲解版 (23s, 2129字)
[gen] 以西结书 21章 · 发现版 …
[ok] 以西结书 21章 · 发现版 (16s, 1690字)
[gen] 以西结书 22章 · 讲解版 …
[ok] 以西结书 22章 · 讲解版 (19s, 2124字)
[gen] 以西结书 22章 · 发现版 …
[ok] 以西结书 22章 · 发现版 (18s, 2036字)
[gen] 以西结书 23章 · 讲解版 …
[ok] 以西结书 23章 · 讲解版 (20s, 2106字)
[gen] 以西结书 23章 · 发现版 …
[ok] 以西结书 23章 · 发现版 (21s, 2277字)
[gen] 以西结书 24章 · 讲解版 …
[ok] 以西结书 24章 · 讲解版 (21s, 2284字)
[gen] 以西结书 24章 · 发现版 …
[ok] 以西结书 24章 · 发现版 (17s, 1916字)
[gen] 以西结书 25章 · 讲解版 …
[ok] 以西结书 25章 · 讲解版 (16s, 1920字)
[gen] 以西结书 25章 · 发现版 …
[ok] 以西结书 25章 · 发现版 (16s, 1983字)
[gen] 以西结书 26章 · 讲解版 …
[ok] 以西结书 26章 · 讲解版 (17s, 1818字)
[gen] 以西结书 26章 · 发现版 …
[ok] 以西结书 26章 · 发现版 (19s, 2245字)
[gen] 以西结书 27章 · 讲解版 …
[ok] 以西结书 27章 · 讲解版 (20s, 2113字)
[gen] 以西结书 27章 · 发现版 …
[ok] 以西结书 27章 · 发现版 (15s, 1961字)
[gen] 以西结书 28章 · 讲解版 …
[ok] 以西结书 28章 · 讲解版 (20s, 2255字)
[gen] 以西结书 28章 · 发现版 …
[ok] 以西结书 28章 · 发现版 (18s, 2299字)
[gen] 以西结书 29章 · 讲解版 …
[ok] 以西结书 29章 · 讲解版 (21s, 2214字)
[gen] 以西结书 29章 · 发现版 …
[ok] 以西结书 29章 · 发现版 (18s, 2116字)
[gen] 以西结书 30章 · 讲解版 …
[ok] 以西结书 30章 · 讲解版 (18s, 2164字)
[gen] 以西结书 30章 · 发现版 …
[ok] 以西结书 30章 · 发现版 (17s, 2007字)
[gen] 以西结书 31章 · 讲解版 …
[ok] 以西结书 31章 · 讲解版 (17s, 1899字)
[gen] 以西结书 31章 · 发现版 …
[ok] 以西结书 31章 · 发现版 (15s, 1804字)
[gen] 以西结书 32章 · 讲解版 …
[ok] 以西结书 32章 · 讲解版 (20s, 2116字)
[gen] 以西结书 32章 · 发现版 …
[ok] 以西结书 32章 · 发现版 (18s, 2239字)
[gen] 以西结书 33章 · 讲解版 …
[ok] 以西结书 33章 · 讲解版 (19s, 2207字)
[gen] 以西结书 33章 · 发现版 …
[ok] 以西结书 33章 · 发现版 (23s, 2868字)
[gen] 以西结书 34章 · 讲解版 …
[ok] 以西结书 34章 · 讲解版 (16s, 1739字)
[gen] 以西结书 34章 · 发现版 …
[ok] 以西结书 34章 · 发现版 (15s, 1906字)
[gen] 以西结书 35章 · 讲解版 …
[ok] 以西结书 35章 · 讲解版 (19s, 2065字)
[gen] 以西结书 35章 · 发现版 …
[ok] 以西结书 35章 · 发现版 (15s, 1864字)
[gen] 以西结书 36章 · 讲解版 …
[ok] 以西结书 36章 · 讲解版 (18s, 2184字)
[gen] 以西结书 36章 · 发现版 …
[ok] 以西结书 36章 · 发现版 (19s, 2328字)
[gen] 以西结书 37章 · 讲解版 …
[ok] 以西结书 37章 · 讲解版 (15s, 1728字)
[gen] 以西结书 37章 · 发现版 …
[ok] 以西结书 37章 · 发现版 (16s, 2112字)
[gen] 以西结书 38章 · 讲解版 …
[ok] 以西结书 38章 · 讲解版 (17s, 1977字)
[gen] 以西结书 38章 · 发现版 …
[ok] 以西结书 38章 · 发现版 (18s, 2225字)
[gen] 以西结书 39章 · 讲解版 …
[ok] 以西结书 39章 · 讲解版 (17s, 1852字)
[gen] 以西结书 39章 · 发现版 …
[ok] 以西结书 39章 · 发现版 (18s, 2110字)
[gen] 以西结书 40章 · 讲解版 …
[ok] 以西结书 40章 · 讲解版 (20s, 2279字)
[gen] 以西结书 40章 · 发现版 …
[ok] 以西结书 40章 · 发现版 (20s, 2643字)
[gen] 以西结书 41章 · 讲解版 …
[ok] 以西结书 41章 · 讲解版 (19s, 2166字)
[gen] 以西结书 41章 · 发现版 …
[ok] 以西结书 41章 · 发现版 (20s, 2242字)
[gen] 以西结书 42章 · 讲解版 …
[ok] 以西结书 42章 · 讲解版 (17s, 1777字)
[gen] 以西结书 42章 · 发现版 …
[ok] 以西结书 42章 · 发现版 (14s, 1628字)
[gen] 以西结书 43章 · 讲解版 …
[ok] 以西结书 43章 · 讲解版 (18s, 2038字)
[gen] 以西结书 43章 · 发现版 …
[ok] 以西结书 43章 · 发现版 (15s, 1818字)
[gen] 以西结书 44章 · 讲解版 …
[ok] 以西结书 44章 · 讲解版 (21s, 2095字)
[gen] 以西结书 44章 · 发现版 …
[ok] 以西结书 44章 · 发现版 (16s, 1970字)
[gen] 以西结书 45章 · 讲解版 …
[ok] 以西结书 45章 · 讲解版 (21s, 2391字)
[gen] 以西结书 45章 · 发现版 …
[ok] 以西结书 45章 · 发现版 (16s, 1937字)
[gen] 以西结书 46章 · 讲解版 …
[ok] 以西结书 46章 · 讲解版 (19s, 2132字)
[gen] 以西结书 46章 · 发现版 …
[ok] 以西结书 46章 · 发现版 (17s, 2104字)
[gen] 以西结书 47章 · 讲解版 …
[ok] 以西结书 47章 · 讲解版 (18s, 2041字)
[gen] 以西结书 47章 · 发现版 …
[ok] 以西结书 47章 · 发现版 (15s, 1817字)
[gen] 以西结书 48章 · 讲解版 …
[ok] 以西结书 48章 · 讲解版 (16s, 1708字)
[gen] 以西结书 48章 · 发现版 …
[ok] 以西结书 48章 · 发现版 (16s, 1858字)
[gen] 但以理书 1章 · 讲解版 …
[ok] 但以理书 1章 · 讲解版 (21s, 2327字)
[gen] 但以理书 1章 · 发现版 …
[ok] 但以理书 1章 · 发现版 (22s, 2565字)
[gen] 但以理书 2章 · 讲解版 …
[ok] 但以理书 2章 · 讲解版 (26s, 2866字)
[gen] 但以理书 2章 · 发现版 …
[ok] 但以理书 2章 · 发现版 (17s, 2235字)
[gen] 但以理书 3章 · 讲解版 …
[ok] 但以理书 3章 · 讲解版 (19s, 2018字)
[gen] 但以理书 3章 · 发现版 …
[ok] 但以理书 3章 · 发现版 (20s, 2348字)
[gen] 但以理书 4章 · 讲解版 …
[ok] 但以理书 4章 · 讲解版 (19s, 1932字)
[gen] 但以理书 4章 · 发现版 …
[ok] 但以理书 4章 · 发现版 (21s, 2373字)
[gen] 但以理书 5章 · 讲解版 …
[ok] 但以理书 5章 · 讲解版 (17s, 1910字)
[gen] 但以理书 5章 · 发现版 …
[ok] 但以理书 5章 · 发现版 (20s, 2453字)
[gen] 但以理书 6章 · 讲解版 …
[ok] 但以理书 6章 · 讲解版 (22s, 2341字)
[gen] 但以理书 6章 · 发现版 …
[ok] 但以理书 6章 · 发现版 (17s, 2091字)
[gen] 但以理书 7章 · 讲解版 …
[ok] 但以理书 7章 · 讲解版 (20s, 2127字)
[gen] 但以理书 7章 · 发现版 …
[ok] 但以理书 7章 · 发现版 (17s, 1928字)
[gen] 但以理书 8章 · 讲解版 …
[ok] 但以理书 8章 · 讲解版 (20s, 1976字)
[gen] 但以理书 8章 · 发现版 …
[ok] 但以理书 8章 · 发现版 (18s, 2147字)
[gen] 但以理书 9章 · 讲解版 …
[ok] 但以理书 9章 · 讲解版 (17s, 1880字)
[gen] 但以理书 9章 · 发现版 …
[ok] 但以理书 9章 · 发现版 (16s, 1914字)
[gen] 但以理书 10章 · 讲解版 …
[ok] 但以理书 10章 · 讲解版 (19s, 2138字)
[gen] 但以理书 10章 · 发现版 …
[ok] 但以理书 10章 · 发现版 (19s, 2320字)
[gen] 但以理书 11章 · 讲解版 …
[ok] 但以理书 11章 · 讲解版 (24s, 2697字)
[gen] 但以理书 11章 · 发现版 …
[ok] 但以理书 11章 · 发现版 (18s, 2154字)
[gen] 但以理书 12章 · 讲解版 …
[ok] 但以理书 12章 · 讲解版 (18s, 1871字)
[gen] 但以理书 12章 · 发现版 …
[ok] 但以理书 12章 · 发现版 (16s, 1936字)
[gen] 何西阿书 1章 · 讲解版 …
[ok] 何西阿书 1章 · 讲解版 (19s, 2174字)
[gen] 何西阿书 1章 · 发现版 …
[ok] 何西阿书 1章 · 发现版 (20s, 2359字)
[gen] 何西阿书 2章 · 讲解版 …
[ok] 何西阿书 2章 · 讲解版 (18s, 2023字)
[gen] 何西阿书 2章 · 发现版 …
[ok] 何西阿书 2章 · 发现版 (20s, 2511字)
[gen] 何西阿书 3章 · 讲解版 …
[ok] 何西阿书 3章 · 讲解版 (17s, 1944字)
[gen] 何西阿书 3章 · 发现版 …
[ok] 何西阿书 3章 · 发现版 (19s, 2182字)
[gen] 何西阿书 4章 · 讲解版 …
[ok] 何西阿书 4章 · 讲解版 (22s, 2388字)
[gen] 何西阿书 4章 · 发现版 …
[ok] 何西阿书 4章 · 发现版 (22s, 2578字)
[gen] 何西阿书 5章 · 讲解版 …
[ok] 何西阿书 5章 · 讲解版 (20s, 2053字)
[gen] 何西阿书 5章 · 发现版 …
[ok] 何西阿书 5章 · 发现版 (18s, 2101字)
[gen] 何西阿书 6章 · 讲解版 …
[ok] 何西阿书 6章 · 讲解版 (19s, 1944字)
[gen] 何西阿书 6章 · 发现版 …
[ok] 何西阿书 6章 · 发现版 (18s, 2028字)
[gen] 何西阿书 7章 · 讲解版 …
[ok] 何西阿书 7章 · 讲解版 (16s, 1678字)
[gen] 何西阿书 7章 · 发现版 …
[ok] 何西阿书 7章 · 发现版 (22s, 2470字)
[gen] 何西阿书 8章 · 讲解版 …
[ok] 何西阿书 8章 · 讲解版 (16s, 1742字)
[gen] 何西阿书 8章 · 发现版 …
[ok] 何西阿书 8章 · 发现版 (20s, 2253字)
[gen] 何西阿书 9章 · 讲解版 …
[ok] 何西阿书 9章 · 讲解版 (23s, 2323字)
[gen] 何西阿书 9章 · 发现版 …
[ok] 何西阿书 9章 · 发现版 (20s, 2352字)
[gen] 何西阿书 10章 · 讲解版 …
[ok] 何西阿书 10章 · 讲解版 (17s, 1922字)
[gen] 何西阿书 10章 · 发现版 …
[ok] 何西阿书 10章 · 发现版 (23s, 2815字)
[gen] 何西阿书 11章 · 讲解版 …
[ok] 何西阿书 11章 · 讲解版 (19s, 2174字)
[gen] 何西阿书 11章 · 发现版 …
[ok] 何西阿书 11章 · 发现版 (22s, 2392字)
[gen] 何西阿书 12章 · 讲解版 …
[ok] 何西阿书 12章 · 讲解版 (17s, 1830字)
[gen] 何西阿书 12章 · 发现版 …
[ok] 何西阿书 12章 · 发现版 (17s, 2139字)
[gen] 何西阿书 13章 · 讲解版 …
[ok] 何西阿书 13章 · 讲解版 (22s, 2285字)
[gen] 何西阿书 13章 · 发现版 …
[ok] 何西阿书 13章 · 发现版 (19s, 2111字)
[gen] 何西阿书 14章 · 讲解版 …
[ok] 何西阿书 14章 · 讲解版 (22s, 2364字)
[gen] 何西阿书 14章 · 发现版 …
[ok] 何西阿书 14章 · 发现版 (16s, 1940字)
[gen] 约珥书 1章 · 讲解版 …
[ok] 约珥书 1章 · 讲解版 (21s, 2353字)
[gen] 约珥书 1章 · 发现版 …
[ok] 约珥书 1章 · 发现版 (17s, 2017字)
[gen] 约珥书 2章 · 讲解版 …
[ok] 约珥书 2章 · 讲解版 (22s, 2370字)
[gen] 约珥书 2章 · 发现版 …
[ok] 约珥书 2章 · 发现版 (18s, 1932字)
[gen] 约珥书 3章 · 讲解版 …
[ok] 约珥书 3章 · 讲解版 (23s, 2063字)
[gen] 约珥书 3章 · 发现版 …
[ok] 约珥书 3章 · 发现版 (15s, 1812字)
[gen] 阿摩司书 1章 · 讲解版 …
[ok] 阿摩司书 1章 · 讲解版 (17s, 1645字)
[gen] 阿摩司书 1章 · 发现版 …
[ok] 阿摩司书 1章 · 发现版 (19s, 2069字)
[gen] 阿摩司书 2章 · 讲解版 …
[ok] 阿摩司书 2章 · 讲解版 (21s, 2154字)
[gen] 阿摩司书 2章 · 发现版 …
[ok] 阿摩司书 2章 · 发现版 (25s, 2820字)
[gen] 阿摩司书 3章 · 讲解版 …
[ok] 阿摩司书 3章 · 讲解版 (19s, 1963字)
[gen] 阿摩司书 3章 · 发现版 …
[ok] 阿摩司书 3章 · 发现版 (18s, 2068字)
[gen] 阿摩司书 4章 · 讲解版 …
[ok] 阿摩司书 4章 · 讲解版 (19s, 1972字)
[gen] 阿摩司书 4章 · 发现版 …
[ok] 阿摩司书 4章 · 发现版 (19s, 1938字)
[gen] 阿摩司书 5章 · 讲解版 …
[ok] 阿摩司书 5章 · 讲解版 (21s, 2323字)
[gen] 阿摩司书 5章 · 发现版 …
[ok] 阿摩司书 5章 · 发现版 (22s, 2514字)
[gen] 阿摩司书 6章 · 讲解版 …
[ok] 阿摩司书 6章 · 讲解版 (19s, 1996字)
[gen] 阿摩司书 6章 · 发现版 …
[ok] 阿摩司书 6章 · 发现版 (17s, 1907字)
[gen] 阿摩司书 7章 · 讲解版 …
[ok] 阿摩司书 7章 · 讲解版 (26s, 2533字)
[gen] 阿摩司书 7章 · 发现版 …
[ok] 阿摩司书 7章 · 发现版 (18s, 1957字)
[gen] 阿摩司书 8章 · 讲解版 …
[ok] 阿摩司书 8章 · 讲解版 (19s, 2119字)
[gen] 阿摩司书 8章 · 发现版 …
[ok] 阿摩司书 8章 · 发现版 (16s, 1912字)
[gen] 阿摩司书 9章 · 讲解版 …
[ok] 阿摩司书 9章 · 讲解版 (17s, 1925字)
[gen] 阿摩司书 9章 · 发现版 …
[ok] 阿摩司书 9章 · 发现版 (14s, 1604字)
[gen] 俄巴底亚书 1章 · 讲解版 …
[ok] 俄巴底亚书 1章 · 讲解版 (19s, 1976字)
[gen] 俄巴底亚书 1章 · 发现版 …
[ok] 俄巴底亚书 1章 · 发现版 (18s, 2102字)
[gen] 约拿书 1章 · 讲解版 …
[ok] 约拿书 1章 · 讲解版 (17s, 1863字)
[gen] 约拿书 1章 · 发现版 …
[ok] 约拿书 1章 · 发现版 (17s, 1832字)
[gen] 约拿书 2章 · 讲解版 …
[ok] 约拿书 2章 · 讲解版 (18s, 1803字)

> selah@0.1.0 info-edition:batch
> NODE_ENV=development NODE_OPTIONS='--require ./scripts/register-server-only.cjs' tsx scripts/batch-info-edition-volumes.ts

Batch: info + guide | pipeline: reader-generate (plan→execute) | 导读 role=info_edition_v1 | 引导 role=role_356f0ffb | 导读描述规则 0 字 | books JON…REV | skip existing | local only
[skip] 约拿书 2章 · 讲解版
[gen] 约拿书 2章 · 发现版 …
[ok] 约拿书 2章 · 发现版 (17s, 1724字)
[gen] 约拿书 3章 · 讲解版 …
[ok] 约拿书 3章 · 讲解版 (21s, 2073字)
[gen] 约拿书 3章 · 发现版 …
[ok] 约拿书 3章 · 发现版 (21s, 2209字)
[gen] 约拿书 4章 · 讲解版 …
[ok] 约拿书 4章 · 讲解版 (19s, 1818字)
[gen] 约拿书 4章 · 发现版 …
[ok] 约拿书 4章 · 发现版 (16s, 1551字)
[gen] 弥迦书 1章 · 讲解版 …
[ok] 弥迦书 1章 · 讲解版 (23s, 2120字)
[gen] 弥迦书 1章 · 发现版 …
[ok] 弥迦书 1章 · 发现版 (17s, 1685字)
[gen] 弥迦书 2章 · 讲解版 …
[ok] 弥迦书 2章 · 讲解版 (24s, 2052字)
[gen] 弥迦书 2章 · 发现版 …
[ok] 弥迦书 2章 · 发现版 (18s, 1747字)
[gen] 弥迦书 3章 · 讲解版 …
[ok] 弥迦书 3章 · 讲解版 (28s, 2509字)
[gen] 弥迦书 3章 · 发现版 …
[ok] 弥迦书 3章 · 发现版 (18s, 1619字)
[gen] 弥迦书 4章 · 讲解版 …
[ok] 弥迦书 4章 · 讲解版 (23s, 1983字)
[gen] 弥迦书 4章 · 发现版 …
[ok] 弥迦书 4章 · 发现版 (25s, 2492字)
[gen] 弥迦书 5章 · 讲解版 …
[ok] 弥迦书 5章 · 讲解版 (23s, 2088字)
[gen] 弥迦书 5章 · 发现版 …
[ok] 弥迦书 5章 · 发现版 (21s, 2184字)
[gen] 弥迦书 6章 · 讲解版 …
[ok] 弥迦书 6章 · 讲解版 (26s, 2344字)
[gen] 弥迦书 6章 · 发现版 …
[ok] 弥迦书 6章 · 发现版 (21s, 2118字)
[gen] 弥迦书 7章 · 讲解版 …
[ok] 弥迦书 7章 · 讲解版 (22s, 2107字)
[gen] 弥迦书 7章 · 发现版 …
[ok] 弥迦书 7章 · 发现版 (18s, 1875字)
[gen] 那鸿书 1章 · 讲解版 …
[ok] 那鸿书 1章 · 讲解版 (25s, 2033字)
[gen] 那鸿书 1章 · 发现版 …
[ok] 那鸿书 1章 · 发现版 (18s, 1681字)
[gen] 那鸿书 2章 · 讲解版 …
[ok] 那鸿书 2章 · 讲解版 (20s, 1679字)
[gen] 那鸿书 2章 · 发现版 …
[ok] 那鸿书 2章 · 发现版 (19s, 1966字)
[gen] 那鸿书 3章 · 讲解版 …
[ok] 那鸿书 3章 · 讲解版 (22s, 2070字)
[gen] 那鸿书 3章 · 发现版 …
[ok] 那鸿书 3章 · 发现版 (21s, 2084字)
[gen] 哈巴谷书 1章 · 讲解版 …
[ok] 哈巴谷书 1章 · 讲解版 (22s, 1972字)
[gen] 哈巴谷书 1章 · 发现版 …
[ok] 哈巴谷书 1章 · 发现版 (21s, 2095字)
[gen] 哈巴谷书 2章 · 讲解版 …
[ok] 哈巴谷书 2章 · 讲解版 (22s, 2105字)
[gen] 哈巴谷书 2章 · 发现版 …
[ok] 哈巴谷书 2章 · 发现版 (18s, 1915字)
[gen] 哈巴谷书 3章 · 讲解版 …
[ok] 哈巴谷书 3章 · 讲解版 (23s, 2253字)
[gen] 哈巴谷书 3章 · 发现版 …
[ok] 哈巴谷书 3章 · 发现版 (22s, 2245字)
[gen] 西番雅书 1章 · 讲解版 …
[ok] 西番雅书 1章 · 讲解版 (26s, 2510字)
[gen] 西番雅书 1章 · 发现版 …
[ok] 西番雅书 1章 · 发现版 (22s, 2229字)
[gen] 西番雅书 2章 · 讲解版 …
[ok] 西番雅书 2章 · 讲解版 (21s, 2009字)
[gen] 西番雅书 2章 · 发现版 …
[ok] 西番雅书 2章 · 发现版 (21s, 2036字)
[gen] 西番雅书 3章 · 讲解版 …
[ok] 西番雅书 3章 · 讲解版 (20s, 1923字)
[gen] 西番雅书 3章 · 发现版 …
[ok] 西番雅书 3章 · 发现版 (18s, 1809字)
[gen] 哈该书 1章 · 讲解版 …
[ok] 哈该书 1章 · 讲解版 (25s, 2314字)
[gen] 哈该书 1章 · 发现版 …
[ok] 哈该书 1章 · 发现版 (18s, 1759字)
[gen] 哈该书 2章 · 讲解版 …
[ok] 哈该书 2章 · 讲解版 (28s, 2407字)
[gen] 哈该书 2章 · 发现版 …
[ok] 哈该书 2章 · 发现版 (21s, 1979字)
[gen] 撒迦利亚书 1章 · 讲解版 …
[ok] 撒迦利亚书 1章 · 讲解版 (21s, 1938字)
[gen] 撒迦利亚书 1章 · 发现版 …
[ok] 撒迦利亚书 1章 · 发现版 (16s, 1627字)
[gen] 撒迦利亚书 2章 · 讲解版 …
[ok] 撒迦利亚书 2章 · 讲解版 (28s, 2518字)
[gen] 撒迦利亚书 2章 · 发现版 …
[ok] 撒迦利亚书 2章 · 发现版 (18s, 1639字)
[gen] 撒迦利亚书 3章 · 讲解版 …
[ok] 撒迦利亚书 3章 · 讲解版 (24s, 2317字)
[gen] 撒迦利亚书 3章 · 发现版 …
[ok] 撒迦利亚书 3章 · 发现版 (20s, 1996字)
[gen] 撒迦利亚书 4章 · 讲解版 …
[ok] 撒迦利亚书 4章 · 讲解版 (23s, 2184字)
[gen] 撒迦利亚书 4章 · 发现版 …
[ok] 撒迦利亚书 4章 · 发现版 (17s, 1750字)
[gen] 撒迦利亚书 5章 · 讲解版 …
[ok] 撒迦利亚书 5章 · 讲解版 (21s, 1972字)
[gen] 撒迦利亚书 5章 · 发现版 …
[ok] 撒迦利亚书 5章 · 发现版 (15s, 1515字)
[gen] 撒迦利亚书 6章 · 讲解版 …
[ok] 撒迦利亚书 6章 · 讲解版 (24s, 2125字)
[gen] 撒迦利亚书 6章 · 发现版 …
[ok] 撒迦利亚书 6章 · 发现版 (17s, 1691字)
[gen] 撒迦利亚书 7章 · 讲解版 …
[ok] 撒迦利亚书 7章 · 讲解版 (21s, 1978字)
[gen] 撒迦利亚书 7章 · 发现版 …
[ok] 撒迦利亚书 7章 · 发现版 (22s, 2333字)
[gen] 撒迦利亚书 8章 · 讲解版 …
[ok] 撒迦利亚书 8章 · 讲解版 (21s, 1852字)
[gen] 撒迦利亚书 8章 · 发现版 …
[ok] 撒迦利亚书 8章 · 发现版 (19s, 1787字)
[gen] 撒迦利亚书 9章 · 讲解版 …
[ok] 撒迦利亚书 9章 · 讲解版 (23s, 2022字)
[gen] 撒迦利亚书 9章 · 发现版 …
[ok] 撒迦利亚书 9章 · 发现版 (21s, 1974字)
[gen] 撒迦利亚书 10章 · 讲解版 …
[ok] 撒迦利亚书 10章 · 讲解版 (28s, 2373字)
[gen] 撒迦利亚书 10章 · 发现版 …
[ok] 撒迦利亚书 10章 · 发现版 (23s, 2140字)
[gen] 撒迦利亚书 11章 · 讲解版 …
[ok] 撒迦利亚书 11章 · 讲解版 (20s, 1970字)
[gen] 撒迦利亚书 11章 · 发现版 …
[ok] 撒迦利亚书 11章 · 发现版 (24s, 2416字)
[gen] 撒迦利亚书 12章 · 讲解版 …
[ok] 撒迦利亚书 12章 · 讲解版 (22s, 1959字)
[gen] 撒迦利亚书 12章 · 发现版 …
[ok] 撒迦利亚书 12章 · 发现版 (18s, 1751字)
[gen] 撒迦利亚书 13章 · 讲解版 …
[ok] 撒迦利亚书 13章 · 讲解版 (23s, 2065字)
[gen] 撒迦利亚书 13章 · 发现版 …
[ok] 撒迦利亚书 13章 · 发现版 (15s, 1502字)
[gen] 撒迦利亚书 14章 · 讲解版 …
[ok] 撒迦利亚书 14章 · 讲解版 (22s, 1977字)
[gen] 撒迦利亚书 14章 · 发现版 …
[ok] 撒迦利亚书 14章 · 发现版 (21s, 2007字)
[gen] 玛拉基书 1章 · 讲解版 …
[ok] 玛拉基书 1章 · 讲解版 (23s, 2276字)
[gen] 玛拉基书 1章 · 发现版 …
[ok] 玛拉基书 1章 · 发现版 (17s, 1776字)
[gen] 玛拉基书 2章 · 讲解版 …
[ok] 玛拉基书 2章 · 讲解版 (24s, 2124字)
[gen] 玛拉基书 2章 · 发现版 …
[ok] 玛拉基书 2章 · 发现版 (19s, 1934字)
[gen] 玛拉基书 3章 · 讲解版 …
[ok] 玛拉基书 3章 · 讲解版 (24s, 2294字)
[gen] 玛拉基书 3章 · 发现版 …
[ok] 玛拉基书 3章 · 发现版 (17s, 1741字)
[gen] 玛拉基书 4章 · 讲解版 …
[ok] 玛拉基书 4章 · 讲解版 (21s, 1951字)
[gen] 玛拉基书 4章 · 发现版 …
[ok] 玛拉基书 4章 · 发现版 (20s, 1892字)
[gen] 马太福音 1章 · 讲解版 …
[ok] 马太福音 1章 · 讲解版 (22s, 2025字)
[gen] 马太福音 1章 · 发现版 …
[ok] 马太福音 1章 · 发现版 (20s, 2115字)
[gen] 马太福音 2章 · 讲解版 …
[ok] 马太福音 2章 · 讲解版 (24s, 2157字)
[gen] 马太福音 2章 · 发现版 …
[ok] 马太福音 2章 · 发现版 (23s, 2240字)
[gen] 马太福音 3章 · 讲解版 …
[ok] 马太福音 3章 · 讲解版 (21s, 2078字)
[gen] 马太福音 3章 · 发现版 …
[ok] 马太福音 3章 · 发现版 (16s, 1806字)
[gen] 马太福音 4章 · 讲解版 …
[ok] 马太福音 4章 · 讲解版 (23s, 2015字)
[gen] 马太福音 4章 · 发现版 …
[ok] 马太福音 4章 · 发现版 (23s, 2142字)
[gen] 马太福音 5章 · 讲解版 …
[ok] 马太福音 5章 · 讲解版 (20s, 1810字)
[gen] 马太福音 5章 · 发现版 …
[ok] 马太福音 5章 · 发现版 (25s, 2474字)
[gen] 马太福音 6章 · 讲解版 …
[ok] 马太福音 6章 · 讲解版 (28s, 2444字)
[gen] 马太福音 6章 · 发现版 …
[ok] 马太福音 6章 · 发现版 (22s, 2197字)
[gen] 马太福音 7章 · 讲解版 …
[ok] 马太福音 7章 · 讲解版 (24s, 2354字)
[gen] 马太福音 7章 · 发现版 …
[ok] 马太福音 7章 · 发现版 (21s, 1921字)
[gen] 马太福音 8章 · 讲解版 …
[ok] 马太福音 8章 · 讲解版 (23s, 2131字)
[gen] 马太福音 8章 · 发现版 …
[ok] 马太福音 8章 · 发现版 (17s, 1733字)
[gen] 马太福音 9章 · 讲解版 …
[ok] 马太福音 9章 · 讲解版 (29s, 2568字)
[gen] 马太福音 9章 · 发现版 …
[ok] 马太福音 9章 · 发现版 (25s, 2617字)
[gen] 马太福音 10章 · 讲解版 …
[ok] 马太福音 10章 · 讲解版 (18s, 1552字)
[gen] 马太福音 10章 · 发现版 …
[ok] 马太福音 10章 · 发现版 (23s, 2257字)
[gen] 马太福音 11章 · 讲解版 …
[ok] 马太福音 11章 · 讲解版 (19s, 1777字)
[gen] 马太福音 11章 · 发现版 …
[ok] 马太福音 11章 · 发现版 (24s, 2313字)
[gen] 马太福音 12章 · 讲解版 …
[ok] 马太福音 12章 · 讲解版 (30s, 2464字)
[gen] 马太福音 12章 · 发现版 …
[ok] 马太福音 12章 · 发现版 (24s, 2265字)
[gen] 马太福音 13章 · 讲解版 …
[ok] 马太福音 13章 · 讲解版 (23s, 2068字)
[gen] 马太福音 13章 · 发现版 …
[ok] 马太福音 13章 · 发现版 (19s, 1970字)
[gen] 马太福音 14章 · 讲解版 …
[ok] 马太福音 14章 · 讲解版 (27s, 2434字)
[gen] 马太福音 14章 · 发现版 …
[ok] 马太福音 14章 · 发现版 (20s, 2117字)
[gen] 马太福音 15章 · 讲解版 …
[ok] 马太福音 15章 · 讲解版 (22s, 1978字)
[gen] 马太福音 15章 · 发现版 …
[ok] 马太福音 15章 · 发现版 (15s, 1493字)
[gen] 马太福音 16章 · 讲解版 …
[ok] 马太福音 16章 · 讲解版 (22s, 2083字)
[gen] 马太福音 16章 · 发现版 …
[ok] 马太福音 16章 · 发现版 (20s, 2123字)
[gen] 马太福音 17章 · 讲解版 …
[ok] 马太福音 17章 · 讲解版 (27s, 2347字)
[gen] 马太福音 17章 · 发现版 …
[ok] 马太福音 17章 · 发现版 (18s, 1799字)
[gen] 马太福音 18章 · 讲解版 …
[ok] 马太福音 18章 · 讲解版 (23s, 2206字)
[gen] 马太福音 18章 · 发现版 …
[ok] 马太福音 18章 · 发现版 (22s, 2312字)
[gen] 马太福音 19章 · 讲解版 …
[ok] 马太福音 19章 · 讲解版 (24s, 2205字)
[gen] 马太福音 19章 · 发现版 …
[ok] 马太福音 19章 · 发现版 (21s, 2323字)
[gen] 马太福音 20章 · 讲解版 …
[ok] 马太福音 20章 · 讲解版 (29s, 2879字)
[gen] 马太福音 20章 · 发现版 …
[ok] 马太福音 20章 · 发现版 (31s, 2774字)
[gen] 马太福音 21章 · 讲解版 …
[ok] 马太福音 21章 · 讲解版 (23s, 1845字)
[gen] 马太福音 21章 · 发现版 …
[ok] 马太福音 21章 · 发现版 (23s, 2103字)
[gen] 马太福音 22章 · 讲解版 …
[ok] 马太福音 22章 · 讲解版 (26s, 2355字)
[gen] 马太福音 22章 · 发现版 …
[ok] 马太福音 22章 · 发现版 (21s, 2179字)
[gen] 马太福音 23章 · 讲解版 …
[ok] 马太福音 23章 · 讲解版 (26s, 2313字)
[gen] 马太福音 23章 · 发现版 …
[ok] 马太福音 23章 · 发现版 (23s, 2332字)
[gen] 马太福音 24章 · 讲解版 …
[ok] 马太福音 24章 · 讲解版 (26s, 2359字)
[gen] 马太福音 24章 · 发现版 …
[ok] 马太福音 24章 · 发现版 (20s, 2008字)
[gen] 马太福音 25章 · 讲解版 …
[ok] 马太福音 25章 · 讲解版 (26s, 2389字)
[gen] 马太福音 25章 · 发现版 …
[ok] 马太福音 25章 · 发现版 (20s, 2067字)
[gen] 马太福音 26章 · 讲解版 …
[ok] 马太福音 26章 · 讲解版 (21s, 2051字)
[gen] 马太福音 26章 · 发现版 …
[ok] 马太福音 26章 · 发现版 (21s, 2196字)
[gen] 马太福音 27章 · 讲解版 …
[ok] 马太福音 27章 · 讲解版 (20s, 1788字)
[gen] 马太福音 27章 · 发现版 …
[ok] 马太福音 27章 · 发现版 (22s, 2111字)
[gen] 马太福音 28章 · 讲解版 …
[ok] 马太福音 28章 · 讲解版 (25s, 2285字)
[gen] 马太福音 28章 · 发现版 …
[ok] 马太福音 28章 · 发现版 (14s, 1388字)
[gen] 马可福音 1章 · 讲解版 …
[ok] 马可福音 1章 · 讲解版 (24s, 2052字)
[gen] 马可福音 1章 · 发现版 …
[ok] 马可福音 1章 · 发现版 (20s, 2002字)
[gen] 马可福音 2章 · 讲解版 …
[ok] 马可福音 2章 · 讲解版 (24s, 2296字)
[gen] 马可福音 2章 · 发现版 …
[ok] 马可福音 2章 · 发现版 (16s, 1696字)
[gen] 马可福音 3章 · 讲解版 …
[ok] 马可福音 3章 · 讲解版 (25s, 2136字)
[gen] 马可福音 3章 · 发现版 …
[ok] 马可福音 3章 · 发现版 (22s, 2142字)
[gen] 马可福音 4章 · 讲解版 …
[ok] 马可福音 4章 · 讲解版 (22s, 1939字)
[gen] 马可福音 4章 · 发现版 …
[ok] 马可福音 4章 · 发现版 (21s, 2004字)
[gen] 马可福音 5章 · 讲解版 …
[ok] 马可福音 5章 · 讲解版 (28s, 2476字)
[gen] 马可福音 5章 · 发现版 …
[ok] 马可福音 5章 · 发现版 (18s, 1995字)
[gen] 马可福音 6章 · 讲解版 …
[ok] 马可福音 6章 · 讲解版 (25s, 2159字)
[gen] 马可福音 6章 · 发现版 …
[ok] 马可福音 6章 · 发现版 (26s, 2407字)
[gen] 马可福音 7章 · 讲解版 …
[ok] 马可福音 7章 · 讲解版 (21s, 2039字)
[gen] 马可福音 7章 · 发现版 …
[ok] 马可福音 7章 · 发现版 (21s, 2025字)
[gen] 马可福音 8章 · 讲解版 …
[ok] 马可福音 8章 · 讲解版 (26s, 2320字)
[gen] 马可福音 8章 · 发现版 …
[ok] 马可福音 8章 · 发现版 (21s, 2203字)
[gen] 马可福音 9章 · 讲解版 …
[ok] 马可福音 9章 · 讲解版 (21s, 1799字)
[gen] 马可福音 9章 · 发现版 …
[ok] 马可福音 9章 · 发现版 (22s, 1957字)
[gen] 马可福音 10章 · 讲解版 …
[ok] 马可福音 10章 · 讲解版 (33s, 2934字)
[gen] 马可福音 10章 · 发现版 …
[ok] 马可福音 10章 · 发现版 (27s, 2395字)
[gen] 马可福音 11章 · 讲解版 …
[ok] 马可福音 11章 · 讲解版 (18s, 1425字)
[gen] 马可福音 11章 · 发现版 …
[ok] 马可福音 11章 · 发现版 (20s, 1858字)
[gen] 马可福音 12章 · 讲解版 …
[ok] 马可福音 12章 · 讲解版 (30s, 2454字)
[gen] 马可福音 12章 · 发现版 …
[ok] 马可福音 12章 · 发现版 (26s, 2241字)
[gen] 马可福音 13章 · 讲解版 …
[ok] 马可福音 13章 · 讲解版 (24s, 2001字)
[gen] 马可福音 13章 · 发现版 …
[ok] 马可福音 13章 · 发现版 (21s, 2031字)
[gen] 马可福音 14章 · 讲解版 …
[ok] 马可福音 14章 · 讲解版 (25s, 2325字)
[gen] 马可福音 14章 · 发现版 …
[ok] 马可福音 14章 · 发现版 (19s, 2072字)
[gen] 马可福音 15章 · 讲解版 …
[ok] 马可福音 15章 · 讲解版 (23s, 2095字)
[gen] 马可福音 15章 · 发现版 …
[ok] 马可福音 15章 · 发现版 (19s, 1793字)
[gen] 马可福音 16章 · 讲解版 …
[ok] 马可福音 16章 · 讲解版 (27s, 2532字)
[gen] 马可福音 16章 · 发现版 …
[ok] 马可福音 16章 · 发现版 (17s, 1762字)
[gen] 路加福音 1章 · 讲解版 …
[ok] 路加福音 1章 · 讲解版 (25s, 2344字)
[gen] 路加福音 1章 · 发现版 …
[ok] 路加福音 1章 · 发现版 (24s, 2111字)
[gen] 路加福音 2章 · 讲解版 …
[ok] 路加福音 2章 · 讲解版 (32s, 2471字)
[gen] 路加福音 2章 · 发现版 …
[ok] 路加福音 2章 · 发现版 (27s, 2308字)
[gen] 路加福音 3章 · 讲解版 …
[ok] 路加福音 3章 · 讲解版 (31s, 2448字)
[gen] 路加福音 3章 · 发现版 …
[ok] 路加福音 3章 · 发现版 (25s, 2057字)
[gen] 路加福音 4章 · 讲解版 …
[ok] 路加福音 4章 · 讲解版 (29s, 2104字)
[gen] 路加福音 4章 · 发现版 …
[ok] 路加福音 4章 · 发现版 (23s, 1725字)
[gen] 路加福音 5章 · 讲解版 …
[ok] 路加福音 5章 · 讲解版 (36s, 2659字)
[gen] 路加福音 5章 · 发现版 …
[ok] 路加福音 5章 · 发现版 (31s, 2390字)
[gen] 路加福音 6章 · 讲解版 …
[ok] 路加福音 6章 · 讲解版 (32s, 2355字)
[gen] 路加福音 6章 · 发现版 …
[ok] 路加福音 6章 · 发现版 (28s, 2259字)
[gen] 路加福音 7章 · 讲解版 …
[ok] 路加福音 7章 · 讲解版 (26s, 1933字)
[gen] 路加福音 7章 · 发现版 …
[ok] 路加福音 7章 · 发现版 (25s, 2209字)
[gen] 路加福音 8章 · 讲解版 …
[ok] 路加福音 8章 · 讲解版 (34s, 2493字)
[gen] 路加福音 8章 · 发现版 …
[ok] 路加福音 8章 · 发现版 (25s, 1916字)
[gen] 路加福音 9章 · 讲解版 …
[ok] 路加福音 9章 · 讲解版 (28s, 2118字)
[gen] 路加福音 9章 · 发现版 …
[ok] 路加福音 9章 · 发现版 (33s, 2605字)
[gen] 路加福音 10章 · 讲解版 …
[ok] 路加福音 10章 · 讲解版 (33s, 2410字)
[gen] 路加福音 10章 · 发现版 …
[ok] 路加福音 10章 · 发现版 (23s, 1898字)
[gen] 路加福音 11章 · 讲解版 …
[ok] 路加福音 11章 · 讲解版 (31s, 2311字)
[gen] 路加福音 11章 · 发现版 …
[ok] 路加福音 11章 · 发现版 (25s, 2006字)
[gen] 路加福音 12章 · 讲解版 …
[ok] 路加福音 12章 · 讲解版 (27s, 1993字)
[gen] 路加福音 12章 · 发现版 …
[ok] 路加福音 12章 · 发现版 (27s, 2148字)
[gen] 路加福音 13章 · 讲解版 …
[ok] 路加福音 13章 · 讲解版 (31s, 2380字)
[gen] 路加福音 13章 · 发现版 …
[ok] 路加福音 13章 · 发现版 (32s, 2654字)
[gen] 路加福音 14章 · 讲解版 …
[ok] 路加福音 14章 · 讲解版 (29s, 2250字)
[gen] 路加福音 14章 · 发现版 …
[ok] 路加福音 14章 · 发现版 (25s, 1950字)
[gen] 路加福音 15章 · 讲解版 …
[ok] 路加福音 15章 · 讲解版 (32s, 2450字)
[gen] 路加福音 15章 · 发现版 …
[ok] 路加福音 15章 · 发现版 (25s, 2050字)
[gen] 路加福音 16章 · 讲解版 …
[ok] 路加福音 16章 · 讲解版 (30s, 2388字)
[gen] 路加福音 16章 · 发现版 …
[ok] 路加福音 16章 · 发现版 (25s, 2211字)
[gen] 路加福音 17章 · 讲解版 …
[ok] 路加福音 17章 · 讲解版 (35s, 2811字)
[gen] 路加福音 17章 · 发现版 …
[ok] 路加福音 17章 · 发现版 (33s, 2585字)
[gen] 路加福音 18章 · 讲解版 …
[ok] 路加福音 18章 · 讲解版 (30s, 2440字)
[gen] 路加福音 18章 · 发现版 …
[ok] 路加福音 18章 · 发现版 (23s, 1868字)
[gen] 路加福音 19章 · 讲解版 …
[ok] 路加福音 19章 · 讲解版 (30s, 2170字)
[gen] 路加福音 19章 · 发现版 …
[ok] 路加福音 19章 · 发现版 (23s, 1990字)
[gen] 路加福音 20章 · 讲解版 …
[ok] 路加福音 20章 · 讲解版 (32s, 2373字)
[gen] 路加福音 20章 · 发现版 …
[ok] 路加福音 20章 · 发现版 (27s, 2187字)
[gen] 路加福音 21章 · 讲解版 …
[ok] 路加福音 21章 · 讲解版 (33s, 2534字)
[gen] 路加福音 21章 · 发现版 …
[ok] 路加福音 21章 · 发现版 (27s, 2035字)
[gen] 路加福音 22章 · 讲解版 …
[ok] 路加福音 22章 · 讲解版 (25s, 2073字)
[gen] 路加福音 22章 · 发现版 …
[ok] 路加福音 22章 · 发现版 (25s, 2231字)
[gen] 路加福音 23章 · 讲解版 …
[ok] 路加福音 23章 · 讲解版 (30s, 2299字)
[gen] 路加福音 23章 · 发现版 …
[ok] 路加福音 23章 · 发现版 (24s, 1990字)
[gen] 路加福音 24章 · 讲解版 …
[ok] 路加福音 24章 · 讲解版 (28s, 2059字)
[gen] 路加福音 24章 · 发现版 …
[ok] 路加福音 24章 · 发现版 (17s, 1552字)
[gen] 约翰福音 1章 · 讲解版 …
[ok] 约翰福音 1章 · 讲解版 (28s, 2291字)
[gen] 约翰福音 1章 · 发现版 …
[ok] 约翰福音 1章 · 发现版 (21s, 1715字)
[gen] 约翰福音 2章 · 讲解版 …
[ok] 约翰福音 2章 · 讲解版 (31s, 2188字)
[gen] 约翰福音 2章 · 发现版 …
[ok] 约翰福音 2章 · 发现版 (25s, 2005字)
[gen] 约翰福音 3章 · 讲解版 …
[ok] 约翰福音 3章 · 讲解版 (28s, 2167字)
[gen] 约翰福音 3章 · 发现版 …
[ok] 约翰福音 3章 · 发现版 (29s, 2285字)
[gen] 约翰福音 4章 · 讲解版 …
[ok] 约翰福音 4章 · 讲解版 (29s, 2297字)
[gen] 约翰福音 4章 · 发现版 …
[ok] 约翰福音 4章 · 发现版 (27s, 2203字)
[gen] 约翰福音 5章 · 讲解版 …
[ok] 约翰福音 5章 · 讲解版 (38s, 2702字)
[gen] 约翰福音 5章 · 发现版 …
[ok] 约翰福音 5章 · 发现版 (22s, 1650字)
[gen] 约翰福音 6章 · 讲解版 …
[ok] 约翰福音 6章 · 讲解版 (36s, 2564字)
[skip] 约翰福音 6章 · 发现版
[gen] 约翰福音 7章 · 讲解版 …
[ok] 约翰福音 7章 · 讲解版 (36s, 2495字)
[gen] 约翰福音 7章 · 发现版 …
[ok] 约翰福音 7章 · 发现版 (26s, 2232字)
[gen] 约翰福音 8章 · 讲解版 …
[ok] 约翰福音 8章 · 讲解版 (34s, 2654字)
[gen] 约翰福音 8章 · 发现版 …
[ok] 约翰福音 8章 · 发现版 (22s, 1748字)
[gen] 约翰福音 9章 · 讲解版 …
[ok] 约翰福音 9章 · 讲解版 (30s, 2101字)
[gen] 约翰福音 9章 · 发现版 …
[ok] 约翰福音 9章 · 发现版 (23s, 1859字)
[gen] 约翰福音 10章 · 讲解版 …
[ok] 约翰福音 10章 · 讲解版 (32s, 2199字)
[gen] 约翰福音 10章 · 发现版 …
[ok] 约翰福音 10章 · 发现版 (30s, 2314字)
[gen] 约翰福音 11章 · 讲解版 …
[ok] 约翰福音 11章 · 讲解版 (26s, 1996字)
[gen] 约翰福音 11章 · 发现版 …
[ok] 约翰福音 11章 · 发现版 (24s, 2034字)
[gen] 约翰福音 12章 · 讲解版 …
[ok] 约翰福音 12章 · 讲解版 (34s, 2706字)
[gen] 约翰福音 12章 · 发现版 …
[ok] 约翰福音 12章 · 发现版 (27s, 2178字)
[gen] 约翰福音 13章 · 讲解版 …
[ok] 约翰福音 13章 · 讲解版 (34s, 2496字)
[gen] 约翰福音 13章 · 发现版 …
[ok] 约翰福音 13章 · 发现版 (30s, 2432字)
[gen] 约翰福音 14章 · 讲解版 …
[ok] 约翰福音 14章 · 讲解版 (31s, 2425字)
[gen] 约翰福音 14章 · 发现版 …
[ok] 约翰福音 14章 · 发现版 (22s, 1994字)
[gen] 约翰福音 15章 · 讲解版 …
[ok] 约翰福音 15章 · 讲解版 (35s, 2648字)
[gen] 约翰福音 15章 · 发现版 …
[ok] 约翰福音 15章 · 发现版 (24s, 2044字)
[gen] 约翰福音 16章 · 讲解版 …
[ok] 约翰福音 16章 · 讲解版 (31s, 2434字)
[gen] 约翰福音 16章 · 发现版 …
[ok] 约翰福音 16章 · 发现版 (26s, 2352字)
[gen] 约翰福音 17章 · 讲解版 …
[ok] 约翰福音 17章 · 讲解版 (33s, 2427字)
[gen] 约翰福音 17章 · 发现版 …
[ok] 约翰福音 17章 · 发现版 (21s, 1927字)
[gen] 约翰福音 18章 · 讲解版 …
[ok] 约翰福音 18章 · 讲解版 (25s, 1889字)
[gen] 约翰福音 18章 · 发现版 …
[ok] 约翰福音 18章 · 发现版 (24s, 2003字)
[gen] 约翰福音 19章 · 讲解版 …
[ok] 约翰福音 19章 · 讲解版 (27s, 1990字)
[gen] 约翰福音 19章 · 发现版 …
[ok] 约翰福音 19章 · 发现版 (24s, 2017字)
[gen] 约翰福音 20章 · 讲解版 …
[ok] 约翰福音 20章 · 讲解版 (30s, 2195字)
[gen] 约翰福音 20章 · 发现版 …
[ok] 约翰福音 20章 · 发现版 (21s, 1997字)
[gen] 约翰福音 21章 · 讲解版 …
[ok] 约翰福音 21章 · 讲解版 (27s, 2125字)
[gen] 约翰福音 21章 · 发现版 …
[ok] 约翰福音 21章 · 发现版 (21s, 1832字)
[gen] 使徒行传 1章 · 讲解版 …
[ok] 使徒行传 1章 · 讲解版 (36s, 2841字)
[gen] 使徒行传 1章 · 发现版 …
[ok] 使徒行传 1章 · 发现版 (22s, 1769字)
[gen] 使徒行传 2章 · 讲解版 …
[ok] 使徒行传 2章 · 讲解版 (28s, 1980字)
[gen] 使徒行传 2章 · 发现版 …
[ok] 使徒行传 2章 · 发现版 (26s, 2087字)
[gen] 使徒行传 3章 · 讲解版 …
[ok] 使徒行传 3章 · 讲解版 (30s, 2151字)
[gen] 使徒行传 3章 · 发现版 …
[ok] 使徒行传 3章 · 发现版 (21s, 1775字)
[gen] 使徒行传 4章 · 讲解版 …
[ok] 使徒行传 4章 · 讲解版 (32s, 2344字)
[gen] 使徒行传 4章 · 发现版 …
[ok] 使徒行传 4章 · 发现版 (22s, 1770字)
[gen] 使徒行传 5章 · 讲解版 …
[ok] 使徒行传 5章 · 讲解版 (30s, 2210字)
[gen] 使徒行传 5章 · 发现版 …
[ok] 使徒行传 5章 · 发现版 (28s, 2179字)
[gen] 使徒行传 6章 · 讲解版 …
[ok] 使徒行传 6章 · 讲解版 (28s, 2050字)
[gen] 使徒行传 6章 · 发现版 …
[ok] 使徒行传 6章 · 发现版 (21s, 1605字)
[gen] 使徒行传 7章 · 讲解版 …
[ok] 使徒行传 7章 · 讲解版 (39s, 2879字)
[skip] 使徒行传 7章 · 发现版
[gen] 使徒行传 8章 · 讲解版 …
[ok] 使徒行传 8章 · 讲解版 (27s, 2123字)
[gen] 使徒行传 8章 · 发现版 …
[ok] 使徒行传 8章 · 发现版 (32s, 2393字)
[gen] 使徒行传 9章 · 讲解版 …
[ok] 使徒行传 9章 · 讲解版 (36s, 2748字)
[gen] 使徒行传 9章 · 发现版 …
[ok] 使徒行传 9章 · 发现版 (19s, 1604字)
[gen] 使徒行传 10章 · 讲解版 …
[ok] 使徒行传 10章 · 讲解版 (29s, 2143字)
[gen] 使徒行传 10章 · 发现版 …
[ok] 使徒行传 10章 · 发现版 (22s, 1808字)
[gen] 使徒行传 11章 · 讲解版 …
[ok] 使徒行传 11章 · 讲解版 (26s, 2053字)
[gen] 使徒行传 11章 · 发现版 …
[ok] 使徒行传 11章 · 发现版 (25s, 2092字)
[gen] 使徒行传 12章 · 讲解版 …
[ok] 使徒行传 12章 · 讲解版 (25s, 1870字)
[gen] 使徒行传 12章 · 发现版 …
[ok] 使徒行传 12章 · 发现版 (20s, 1600字)
[gen] 使徒行传 13章 · 讲解版 …
[ok] 使徒行传 13章 · 讲解版 (25s, 1956字)
[gen] 使徒行传 13章 · 发现版 …
[ok] 使徒行传 13章 · 发现版 (26s, 2074字)
[gen] 使徒行传 14章 · 讲解版 …
[ok] 使徒行传 14章 · 讲解版 (33s, 2555字)
[gen] 使徒行传 14章 · 发现版 …
[ok] 使徒行传 14章 · 发现版 (19s, 1525字)
[gen] 使徒行传 15章 · 讲解版 …
[ok] 使徒行传 15章 · 讲解版 (27s, 2075字)
[gen] 使徒行传 15章 · 发现版 …
[ok] 使徒行传 15章 · 发现版 (18s, 1721字)
[gen] 使徒行传 16章 · 讲解版 …
[ok] 使徒行传 16章 · 讲解版 (26s, 2039字)
[gen] 使徒行传 16章 · 发现版 …
[ok] 使徒行传 16章 · 发现版 (22s, 1795字)
[gen] 使徒行传 17章 · 讲解版 …
[ok] 使徒行传 17章 · 讲解版 (33s, 2510字)
[gen] 使徒行传 17章 · 发现版 …
[ok] 使徒行传 17章 · 发现版 (26s, 2079字)
[gen] 使徒行传 18章 · 讲解版 …
[ok] 使徒行传 18章 · 讲解版 (30s, 2216字)
[gen] 使徒行传 18章 · 发现版 …
[ok] 使徒行传 18章 · 发现版 (22s, 1887字)
[gen] 使徒行传 19章 · 讲解版 …
[ok] 使徒行传 19章 · 讲解版 (32s, 2352字)
[gen] 使徒行传 19章 · 发现版 …
[ok] 使徒行传 19章 · 发现版 (24s, 2011字)
[gen] 使徒行传 20章 · 讲解版 …
[ok] 使徒行传 20章 · 讲解版 (37s, 2670字)
[gen] 使徒行传 20章 · 发现版 …
[ok] 使徒行传 20章 · 发现版 (23s, 1959字)
[gen] 使徒行传 21章 · 讲解版 …
[ok] 使徒行传 21章 · 讲解版 (28s, 2127字)
[gen] 使徒行传 21章 · 发现版 …
[ok] 使徒行传 21章 · 发现版 (20s, 1747字)
[gen] 使徒行传 22章 · 讲解版 …
[ok] 使徒行传 22章 · 讲解版 (26s, 1847字)
[gen] 使徒行传 22章 · 发现版 …
[ok] 使徒行传 22章 · 发现版 (20s, 1795字)
[gen] 使徒行传 23章 · 讲解版 …
[ok] 使徒行传 23章 · 讲解版 (33s, 2535字)
[gen] 使徒行传 23章 · 发现版 …
[ok] 使徒行传 23章 · 发现版 (20s, 1664字)
[gen] 使徒行传 24章 · 讲解版 …
[ok] 使徒行传 24章 · 讲解版 (22s, 1683字)
[gen] 使徒行传 24章 · 发现版 …
[ok] 使徒行传 24章 · 发现版 (24s, 1912字)
[gen] 使徒行传 25章 · 讲解版 …
[ok] 使徒行传 25章 · 讲解版 (23s, 1866字)
[gen] 使徒行传 25章 · 发现版 …
[ok] 使徒行传 25章 · 发现版 (26s, 2104字)
[gen] 使徒行传 26章 · 讲解版 …
[ok] 使徒行传 26章 · 讲解版 (24s, 1858字)
[gen] 使徒行传 26章 · 发现版 …
[ok] 使徒行传 26章 · 发现版 (20s, 1815字)
[gen] 使徒行传 27章 · 讲解版 …
[ok] 使徒行传 27章 · 讲解版 (26s, 2202字)
[gen] 使徒行传 27章 · 发现版 …
[ok] 使徒行传 27章 · 发现版 (23s, 2081字)
[gen] 使徒行传 28章 · 讲解版 …
[ok] 使徒行传 28章 · 讲解版 (25s, 2000字)
[gen] 使徒行传 28章 · 发现版 …
[ok] 使徒行传 28章 · 发现版 (19s, 1601字)
[gen] 罗马书 1章 · 讲解版 …
[ok] 罗马书 1章 · 讲解版 (32s, 2577字)
[gen] 罗马书 1章 · 发现版 …
[ok] 罗马书 1章 · 发现版 (29s, 2602字)
[gen] 罗马书 2章 · 讲解版 …
[ok] 罗马书 2章 · 讲解版 (32s, 2423字)
[gen] 罗马书 2章 · 发现版 …
[ok] 罗马书 2章 · 发现版 (18s, 1620字)
[gen] 罗马书 3章 · 讲解版 …
[ok] 罗马书 3章 · 讲解版 (33s, 2584字)
[gen] 罗马书 3章 · 发现版 …
[ok] 罗马书 3章 · 发现版 (18s, 1557字)
[gen] 罗马书 4章 · 讲解版 …
[ok] 罗马书 4章 · 讲解版 (27s, 2253字)
[gen] 罗马书 4章 · 发现版 …
[ok] 罗马书 4章 · 发现版 (20s, 1836字)
[gen] 罗马书 5章 · 讲解版 …
[ok] 罗马书 5章 · 讲解版 (28s, 2284字)
[gen] 罗马书 5章 · 发现版 …
[ok] 罗马书 5章 · 发现版 (18s, 1722字)
[gen] 罗马书 6章 · 讲解版 …
[ok] 罗马书 6章 · 讲解版 (28s, 2338字)
[gen] 罗马书 6章 · 发现版 …
[ok] 罗马书 6章 · 发现版 (21s, 2105字)
[gen] 罗马书 7章 · 讲解版 …
[ok] 罗马书 7章 · 讲解版 (25s, 2154字)
[gen] 罗马书 7章 · 发现版 …
[ok] 罗马书 7章 · 发现版 (19s, 1640字)
[gen] 罗马书 8章 · 讲解版 …
[ok] 罗马书 8章 · 讲解版 (26s, 2310字)
[gen] 罗马书 8章 · 发现版 …
[ok] 罗马书 8章 · 发现版 (24s, 2356字)
[gen] 罗马书 9章 · 讲解版 …
[ok] 罗马书 9章 · 讲解版 (27s, 2350字)
[gen] 罗马书 9章 · 发现版 …
[ok] 罗马书 9章 · 发现版 (22s, 2036字)
[gen] 罗马书 10章 · 讲解版 …
[ok] 罗马书 10章 · 讲解版 (28s, 2415字)
[gen] 罗马书 10章 · 发现版 …
[ok] 罗马书 10章 · 发现版 (19s, 2005字)
[gen] 罗马书 11章 · 讲解版 …
[ok] 罗马书 11章 · 讲解版 (23s, 2181字)
[gen] 罗马书 11章 · 发现版 …
[ok] 罗马书 11章 · 发现版 (19s, 1980字)
[gen] 罗马书 12章 · 讲解版 …
[ok] 罗马书 12章 · 讲解版 (28s, 2506字)
[gen] 罗马书 12章 · 发现版 …
[ok] 罗马书 12章 · 发现版 (17s, 1575字)
[gen] 罗马书 13章 · 讲解版 …
[ok] 罗马书 13章 · 讲解版 (24s, 2174字)
[gen] 罗马书 13章 · 发现版 …
[ok] 罗马书 13章 · 发现版 (20s, 1753字)
[gen] 罗马书 14章 · 讲解版 …
[ok] 罗马书 14章 · 讲解版 (23s, 2227字)
[gen] 罗马书 14章 · 发现版 …
[ok] 罗马书 14章 · 发现版 (22s, 1905字)
[gen] 罗马书 15章 · 讲解版 …
[ok] 罗马书 15章 · 讲解版 (25s, 2085字)
[gen] 罗马书 15章 · 发现版 …
[ok] 罗马书 15章 · 发现版 (19s, 1784字)
[gen] 罗马书 16章 · 讲解版 …
[ok] 罗马书 16章 · 讲解版 (29s, 2400字)
[gen] 罗马书 16章 · 发现版 …
[ok] 罗马书 16章 · 发现版 (21s, 1815字)
[gen] 哥林多前书 1章 · 讲解版 …
[ok] 哥林多前书 1章 · 讲解版 (31s, 2589字)
[gen] 哥林多前书 1章 · 发现版 …
[ok] 哥林多前书 1章 · 发现版 (22s, 2057字)
[gen] 哥林多前书 2章 · 讲解版 …
[ok] 哥林多前书 2章 · 讲解版 (26s, 2171字)
[gen] 哥林多前书 2章 · 发现版 …
[ok] 哥林多前书 2章 · 发现版 (17s, 1655字)
[gen] 哥林多前书 3章 · 讲解版 …
[ok] 哥林多前书 3章 · 讲解版 (33s, 2869字)
[gen] 哥林多前书 3章 · 发现版 …
[ok] 哥林多前书 3章 · 发现版 (23s, 2177字)
[gen] 哥林多前书 4章 · 讲解版 …
[ok] 哥林多前书 4章 · 讲解版 (23s, 1859字)
[gen] 哥林多前书 4章 · 发现版 …
[ok] 哥林多前书 4章 · 发现版 (20s, 1960字)
[gen] 哥林多前书 5章 · 讲解版 …
[ok] 哥林多前书 5章 · 讲解版 (20s, 1867字)
[gen] 哥林多前书 5章 · 发现版 …
[ok] 哥林多前书 5章 · 发现版 (20s, 1902字)
[gen] 哥林多前书 6章 · 讲解版 …
[ok] 哥林多前书 6章 · 讲解版 (23s, 2208字)
[gen] 哥林多前书 6章 · 发现版 …
[ok] 哥林多前书 6章 · 发现版 (18s, 1825字)
[gen] 哥林多前书 7章 · 讲解版 …
[ok] 哥林多前书 7章 · 讲解版 (25s, 2471字)
[gen] 哥林多前书 7章 · 发现版 …
[ok] 哥林多前书 7章 · 发现版 (25s, 2462字)
[gen] 哥林多前书 8章 · 讲解版 …
[ok] 哥林多前书 8章 · 讲解版 (21s, 1997字)
[gen] 哥林多前书 8章 · 发现版 …
[ok] 哥林多前书 8章 · 发现版 (16s, 1653字)
[gen] 哥林多前书 9章 · 讲解版 …
[ok] 哥林多前书 9章 · 讲解版 (22s, 2077字)
[gen] 哥林多前书 9章 · 发现版 …
[ok] 哥林多前书 9章 · 发现版 (19s, 1968字)
[gen] 哥林多前书 10章 · 讲解版 …
[ok] 哥林多前书 10章 · 讲解版 (22s, 2145字)
[gen] 哥林多前书 10章 · 发现版 …
[ok] 哥林多前书 10章 · 发现版 (21s, 2006字)
[gen] 哥林多前书 11章 · 讲解版 …
[ok] 哥林多前书 11章 · 讲解版 (26s, 2516字)
[gen] 哥林多前书 11章 · 发现版 …
[ok] 哥林多前书 11章 · 发现版 (16s, 1556字)
[gen] 哥林多前书 12章 · 讲解版 …
[ok] 哥林多前书 12章 · 讲解版 (23s, 2312字)
[gen] 哥林多前书 12章 · 发现版 …
[ok] 哥林多前书 12章 · 发现版 (16s, 1669字)
[gen] 哥林多前书 13章 · 讲解版 …
[ok] 哥林多前书 13章 · 讲解版 (25s, 2306字)
[gen] 哥林多前书 13章 · 发现版 …
[ok] 哥林多前书 13章 · 发现版 (16s, 1644字)
[gen] 哥林多前书 14章 · 讲解版 …
[ok] 哥林多前书 14章 · 讲解版 (25s, 2230字)
[gen] 哥林多前书 14章 · 发现版 …
[ok] 哥林多前书 14章 · 发现版 (21s, 2083字)
[gen] 哥林多前书 15章 · 讲解版 …
[ok] 哥林多前书 15章 · 讲解版 (28s, 2514字)
[gen] 哥林多前书 15章 · 发现版 …
[ok] 哥林多前书 15章 · 发现版 (19s, 2011字)
[gen] 哥林多前书 16章 · 讲解版 …
[ok] 哥林多前书 16章 · 讲解版 (23s, 2043字)
[gen] 哥林多前书 16章 · 发现版 …
[ok] 哥林多前书 16章 · 发现版 (18s, 1662字)
[gen] 哥林多后书 1章 · 讲解版 …
[ok] 哥林多后书 1章 · 讲解版 (27s, 2636字)
[gen] 哥林多后书 1章 · 发现版 …
[ok] 哥林多后书 1章 · 发现版 (21s, 2263字)
[gen] 哥林多后书 2章 · 讲解版 …
[ok] 哥林多后书 2章 · 讲解版 (26s, 2455字)
[gen] 哥林多后书 2章 · 发现版 …
[ok] 哥林多后书 2章 · 发现版 (15s, 1744字)
[gen] 哥林多后书 3章 · 讲解版 …
[ok] 哥林多后书 3章 · 讲解版 (22s, 2389字)
[gen] 哥林多后书 3章 · 发现版 …
[ok] 哥林多后书 3章 · 发现版 (20s, 2148字)
[gen] 哥林多后书 4章 · 讲解版 …
[ok] 哥林多后书 4章 · 讲解版 (25s, 2399字)
[gen] 哥林多后书 4章 · 发现版 …
[ok] 哥林多后书 4章 · 发现版 (16s, 1672字)
[gen] 哥林多后书 5章 · 讲解版 …
[ok] 哥林多后书 5章 · 讲解版 (26s, 2427字)
[gen] 哥林多后书 5章 · 发现版 …
[ok] 哥林多后书 5章 · 发现版 (21s, 2195字)
[gen] 哥林多后书 6章 · 讲解版 …
[ok] 哥林多后书 6章 · 讲解版 (25s, 2390字)
[gen] 哥林多后书 6章 · 发现版 …
[ok] 哥林多后书 6章 · 发现版 (18s, 1908字)
[gen] 哥林多后书 7章 · 讲解版 …
[ok] 哥林多后书 7章 · 讲解版 (20s, 1989字)
[gen] 哥林多后书 7章 · 发现版 …
[ok] 哥林多后书 7章 · 发现版 (22s, 2166字)
[gen] 哥林多后书 8章 · 讲解版 …
[ok] 哥林多后书 8章 · 讲解版 (21s, 2183字)
[gen] 哥林多后书 8章 · 发现版 …
[ok] 哥林多后书 8章 · 发现版 (16s, 1679字)
[gen] 哥林多后书 9章 · 讲解版 …
[ok] 哥林多后书 9章 · 讲解版 (22s, 1999字)
[gen] 哥林多后书 9章 · 发现版 …
[ok] 哥林多后书 9章 · 发现版 (15s, 1496字)
[gen] 哥林多后书 10章 · 讲解版 …
[ok] 哥林多后书 10章 · 讲解版 (19s, 1973字)
[gen] 哥林多后书 10章 · 发现版 …
[ok] 哥林多后书 10章 · 发现版 (18s, 1883字)
[gen] 哥林多后书 11章 · 讲解版 …
[ok] 哥林多后书 11章 · 讲解版 (24s, 2044字)
[gen] 哥林多后书 11章 · 发现版 …
[ok] 哥林多后书 11章 · 发现版 (17s, 1753字)
[gen] 哥林多后书 12章 · 讲解版 …
[ok] 哥林多后书 12章 · 讲解版 (24s, 2416字)
[gen] 哥林多后书 12章 · 发现版 …
[ok] 哥林多后书 12章 · 发现版 (18s, 1913字)
[gen] 哥林多后书 13章 · 讲解版 …
[ok] 哥林多后书 13章 · 讲解版 (24s, 2314字)
[gen] 哥林多后书 13章 · 发现版 …
[ok] 哥林多后书 13章 · 发现版 (18s, 1934字)
[gen] 加拉太书 1章 · 讲解版 …
[ok] 加拉太书 1章 · 讲解版 (19s, 1815字)
[gen] 加拉太书 1章 · 发现版 …
[ok] 加拉太书 1章 · 发现版 (15s, 1672字)
[gen] 加拉太书 2章 · 讲解版 …
[ok] 加拉太书 2章 · 讲解版 (22s, 2226字)
[gen] 加拉太书 2章 · 发现版 …
[ok] 加拉太书 2章 · 发现版 (14s, 1573字)
[gen] 加拉太书 3章 · 讲解版 …
[ok] 加拉太书 3章 · 讲解版 (21s, 2094字)
[gen] 加拉太书 3章 · 发现版 …
[ok] 加拉太书 3章 · 发现版 (17s, 1644字)
[gen] 加拉太书 4章 · 讲解版 …
[ok] 加拉太书 4章 · 讲解版 (23s, 2260字)
[gen] 加拉太书 4章 · 发现版 …
[ok] 加拉太书 4章 · 发现版 (22s, 2274字)
[gen] 加拉太书 5章 · 讲解版 …
[ok] 加拉太书 5章 · 讲解版 (20s, 2065字)
[gen] 加拉太书 5章 · 发现版 …
[ok] 加拉太书 5章 · 发现版 (17s, 1763字)
[gen] 加拉太书 6章 · 讲解版 …
[ok] 加拉太书 6章 · 讲解版 (28s, 2746字)
[gen] 加拉太书 6章 · 发现版 …
[ok] 加拉太书 6章 · 发现版 (15s, 1466字)
[gen] 以弗所书 1章 · 讲解版 …
[ok] 以弗所书 1章 · 讲解版 (24s, 2264字)
[gen] 以弗所书 1章 · 发现版 …
[ok] 以弗所书 1章 · 发现版 (24s, 2299字)
[gen] 以弗所书 2章 · 讲解版 …
[ok] 以弗所书 2章 · 讲解版 (22s, 2235字)
[gen] 以弗所书 2章 · 发现版 …
[ok] 以弗所书 2章 · 发现版 (20s, 2044字)
[gen] 以弗所书 3章 · 讲解版 …
[ok] 以弗所书 3章 · 讲解版 (24s, 2304字)
[gen] 以弗所书 3章 · 发现版 …
[ok] 以弗所书 3章 · 发现版 (14s, 1395字)
[gen] 以弗所书 4章 · 讲解版 …
[ok] 以弗所书 4章 · 讲解版 (20s, 1985字)
[gen] 以弗所书 4章 · 发现版 …
[ok] 以弗所书 4章 · 发现版 (20s, 2150字)
[gen] 以弗所书 5章 · 讲解版 …
[ok] 以弗所书 5章 · 讲解版 (26s, 2555字)
[gen] 以弗所书 5章 · 发现版 …
[ok] 以弗所书 5章 · 发现版 (19s, 1893字)
[gen] 以弗所书 6章 · 讲解版 …
[ok] 以弗所书 6章 · 讲解版 (21s, 2037字)
[gen] 以弗所书 6章 · 发现版 …
[ok] 以弗所书 6章 · 发现版 (20s, 2207字)
[gen] 腓立比书 1章 · 讲解版 …
[ok] 腓立比书 1章 · 讲解版 (22s, 2041字)
[gen] 腓立比书 1章 · 发现版 …
[ok] 腓立比书 1章 · 发现版 (19s, 1886字)
[gen] 腓立比书 2章 · 讲解版 …
[ok] 腓立比书 2章 · 讲解版 (27s, 2347字)
[gen] 腓立比书 2章 · 发现版 …
[ok] 腓立比书 2章 · 发现版 (18s, 2192字)
[gen] 腓立比书 3章 · 讲解版 …
[ok] 腓立比书 3章 · 讲解版 (25s, 2549字)
[gen] 腓立比书 3章 · 发现版 …
[ok] 腓立比书 3章 · 发现版 (14s, 1438字)
[gen] 腓立比书 4章 · 讲解版 …
[ok] 腓立比书 4章 · 讲解版 (19s, 2025字)
[gen] 腓立比书 4章 · 发现版 …
[ok] 腓立比书 4章 · 发现版 (22s, 2454字)
[gen] 歌罗西书 1章 · 讲解版 …
[ok] 歌罗西书 1章 · 讲解版 (25s, 2381字)
[gen] 歌罗西书 1章 · 发现版 …
[ok] 歌罗西书 1章 · 发现版 (21s, 2074字)
[gen] 歌罗西书 2章 · 讲解版 …
[ok] 歌罗西书 2章 · 讲解版 (31s, 2982字)
[gen] 歌罗西书 2章 · 发现版 …
[ok] 歌罗西书 2章 · 发现版 (18s, 1905字)
[gen] 歌罗西书 3章 · 讲解版 …
[ok] 歌罗西书 3章 · 讲解版 (26s, 2600字)
[gen] 歌罗西书 3章 · 发现版 …
[ok] 歌罗西书 3章 · 发现版 (23s, 2352字)
[gen] 歌罗西书 4章 · 讲解版 …
[ok] 歌罗西书 4章 · 讲解版 (25s, 2501字)
[gen] 歌罗西书 4章 · 发现版 …
[ok] 歌罗西书 4章 · 发现版 (16s, 1615字)
[gen] 帖撒罗尼迦前书 1章 · 讲解版 …
[ok] 帖撒罗尼迦前书 1章 · 讲解版 (25s, 2423字)
[gen] 帖撒罗尼迦前书 1章 · 发现版 …
[ok] 帖撒罗尼迦前书 1章 · 发现版 (23s, 2358字)
[gen] 帖撒罗尼迦前书 2章 · 讲解版 …
[ok] 帖撒罗尼迦前书 2章 · 讲解版 (20s, 1999字)
[gen] 帖撒罗尼迦前书 2章 · 发现版 …
[ok] 帖撒罗尼迦前书 2章 · 发现版 (22s, 2232字)
[gen] 帖撒罗尼迦前书 3章 · 讲解版 …
[ok] 帖撒罗尼迦前书 3章 · 讲解版 (19s, 1971字)
[gen] 帖撒罗尼迦前书 3章 · 发现版 …
[ok] 帖撒罗尼迦前书 3章 · 发现版 (15s, 1646字)
[gen] 帖撒罗尼迦前书 4章 · 讲解版 …
[ok] 帖撒罗尼迦前书 4章 · 讲解版 (18s, 1938字)
[gen] 帖撒罗尼迦前书 4章 · 发现版 …
[ok] 帖撒罗尼迦前书 4章 · 发现版 (19s, 1913字)
[gen] 帖撒罗尼迦前书 5章 · 讲解版 …
[ok] 帖撒罗尼迦前书 5章 · 讲解版 (21s, 2081字)
[gen] 帖撒罗尼迦前书 5章 · 发现版 …
[ok] 帖撒罗尼迦前书 5章 · 发现版 (19s, 1833字)
[gen] 帖撒罗尼迦后书 1章 · 讲解版 …
[ok] 帖撒罗尼迦后书 1章 · 讲解版 (24s, 2323字)
[gen] 帖撒罗尼迦后书 1章 · 发现版 …
[ok] 帖撒罗尼迦后书 1章 · 发现版 (21s, 2109字)
[gen] 帖撒罗尼迦后书 2章 · 讲解版 …
[ok] 帖撒罗尼迦后书 2章 · 讲解版 (32s, 2923字)
[gen] 帖撒罗尼迦后书 2章 · 发现版 …
[ok] 帖撒罗尼迦后书 2章 · 发现版 (20s, 1961字)
[gen] 帖撒罗尼迦后书 3章 · 讲解版 …
[ok] 帖撒罗尼迦后书 3章 · 讲解版 (24s, 2203字)
[gen] 帖撒罗尼迦后书 3章 · 发现版 …
[ok] 帖撒罗尼迦后书 3章 · 发现版 (18s, 1837字)
[gen] 提摩太前书 1章 · 讲解版 …
[ok] 提摩太前书 1章 · 讲解版 (24s, 2244字)
[gen] 提摩太前书 1章 · 发现版 …
[ok] 提摩太前书 1章 · 发现版 (17s, 1634字)
[gen] 提摩太前书 2章 · 讲解版 …
[ok] 提摩太前书 2章 · 讲解版 (21s, 1917字)
[gen] 提摩太前书 2章 · 发现版 …
[ok] 提摩太前书 2章 · 发现版 (18s, 1673字)
[gen] 提摩太前书 3章 · 讲解版 …
[ok] 提摩太前书 3章 · 讲解版 (23s, 2145字)
[gen] 提摩太前书 3章 · 发现版 …
[ok] 提摩太前书 3章 · 发现版 (17s, 1725字)
[gen] 提摩太前书 4章 · 讲解版 …
[ok] 提摩太前书 4章 · 讲解版 (21s, 2063字)
[gen] 提摩太前书 4章 · 发现版 …
[ok] 提摩太前书 4章 · 发现版 (19s, 1840字)
[gen] 提摩太前书 5章 · 讲解版 …
[ok] 提摩太前书 5章 · 讲解版 (20s, 1806字)
[gen] 提摩太前书 5章 · 发现版 …
[ok] 提摩太前书 5章 · 发现版 (20s, 2044字)
[gen] 提摩太前书 6章 · 讲解版 …
[ok] 提摩太前书 6章 · 讲解版 (23s, 2203字)
[gen] 提摩太前书 6章 · 发现版 …
[ok] 提摩太前书 6章 · 发现版 (20s, 2006字)
[gen] 提摩太后书 1章 · 讲解版 …
[ok] 提摩太后书 1章 · 讲解版 (25s, 2207字)
[gen] 提摩太后书 1章 · 发现版 …
[ok] 提摩太后书 1章 · 发现版 (17s, 1818字)
[gen] 提摩太后书 2章 · 讲解版 …
[ok] 提摩太后书 2章 · 讲解版 (21s, 2204字)
[gen] 提摩太后书 2章 · 发现版 …
[ok] 提摩太后书 2章 · 发现版 (26s, 2716字)
[gen] 提摩太后书 3章 · 讲解版 …
[ok] 提摩太后书 3章 · 讲解版 (19s, 1986字)
[gen] 提摩太后书 3章 · 发现版 …
[ok] 提摩太后书 3章 · 发现版 (16s, 1680字)
[gen] 提摩太后书 4章 · 讲解版 …
[ok] 提摩太后书 4章 · 讲解版 (19s, 1915字)
[gen] 提摩太后书 4章 · 发现版 …
[ok] 提摩太后书 4章 · 发现版 (20s, 1925字)
[gen] 提多书 1章 · 讲解版 …
[ok] 提多书 1章 · 讲解版 (25s, 2241字)
[gen] 提多书 1章 · 发现版 …
[ok] 提多书 1章 · 发现版 (19s, 1925字)
[gen] 提多书 2章 · 讲解版 …
[ok] 提多书 2章 · 讲解版 (23s, 2154字)
[gen] 提多书 2章 · 发现版 …
[ok] 提多书 2章 · 发现版 (19s, 1845字)
[gen] 提多书 3章 · 讲解版 …
[ok] 提多书 3章 · 讲解版 (22s, 1914字)
[gen] 提多书 3章 · 发现版 …
[ok] 提多书 3章 · 发现版 (19s, 1947字)
[gen] 腓利门书 1章 · 讲解版 …
[ok] 腓利门书 1章 · 讲解版 (18s, 1816字)
[gen] 腓利门书 1章 · 发现版 …
[ok] 腓利门书 1章 · 发现版 (21s, 2323字)
[gen] 希伯来书 1章 · 讲解版 …
[ok] 希伯来书 1章 · 讲解版 (24s, 2374字)
[gen] 希伯来书 1章 · 发现版 …
[ok] 希伯来书 1章 · 发现版 (18s, 1710字)
[gen] 希伯来书 2章 · 讲解版 …
[ok] 希伯来书 2章 · 讲解版 (23s, 2113字)
[gen] 希伯来书 2章 · 发现版 …
[ok] 希伯来书 2章 · 发现版 (19s, 1904字)
[gen] 希伯来书 3章 · 讲解版 …
[ok] 希伯来书 3章 · 讲解版 (21s, 1901字)
[gen] 希伯来书 3章 · 发现版 …
[ok] 希伯来书 3章 · 发现版 (20s, 1994字)
[gen] 希伯来书 4章 · 讲解版 …
[ok] 希伯来书 4章 · 讲解版 (22s, 2084字)
[gen] 希伯来书 4章 · 发现版 …
[ok] 希伯来书 4章 · 发现版 (19s, 1794字)
[gen] 希伯来书 5章 · 讲解版 …
[ok] 希伯来书 5章 · 讲解版 (23s, 2205字)
[gen] 希伯来书 5章 · 发现版 …
[ok] 希伯来书 5章 · 发现版 (17s, 1750字)
[gen] 希伯来书 6章 · 讲解版 …
[ok] 希伯来书 6章 · 讲解版 (23s, 2239字)
[gen] 希伯来书 6章 · 发现版 …
[ok] 希伯来书 6章 · 发现版 (21s, 2134字)
[gen] 希伯来书 7章 · 讲解版 …
[ok] 希伯来书 7章 · 讲解版 (26s, 2495字)
[gen] 希伯来书 7章 · 发现版 …
[ok] 希伯来书 7章 · 发现版 (19s, 2173字)
[gen] 希伯来书 8章 · 讲解版 …
[ok] 希伯来书 8章 · 讲解版 (20s, 1827字)
[gen] 希伯来书 8章 · 发现版 …
[ok] 希伯来书 8章 · 发现版 (17s, 1644字)
[gen] 希伯来书 9章 · 讲解版 …
[ok] 希伯来书 9章 · 讲解版 (29s, 2473字)
[gen] 希伯来书 9章 · 发现版 …
[ok] 希伯来书 9章 · 发现版 (21s, 2053字)
[gen] 希伯来书 10章 · 讲解版 …
[ok] 希伯来书 10章 · 讲解版 (27s, 2446字)
[gen] 希伯来书 10章 · 发现版 …
[ok] 希伯来书 10章 · 发现版 (22s, 2238字)
[gen] 希伯来书 11章 · 讲解版 …
[ok] 希伯来书 11章 · 讲解版 (26s, 2453字)
[gen] 希伯来书 11章 · 发现版 …
[ok] 希伯来书 11章 · 发现版 (28s, 2573字)
[gen] 希伯来书 12章 · 讲解版 …
[ok] 希伯来书 12章 · 讲解版 (31s, 2759字)
[gen] 希伯来书 12章 · 发现版 …
[ok] 希伯来书 12章 · 发现版 (28s, 2455字)
[gen] 希伯来书 13章 · 讲解版 …
[ok] 希伯来书 13章 · 讲解版 (24s, 2013字)
[gen] 希伯来书 13章 · 发现版 …
[ok] 希伯来书 13章 · 发现版 (28s, 2553字)
[gen] 雅各书 1章 · 讲解版 …
[ok] 雅各书 1章 · 讲解版 (27s, 2359字)
[gen] 雅各书 1章 · 发现版 …
[ok] 雅各书 1章 · 发现版 (26s, 2271字)
[gen] 雅各书 2章 · 讲解版 …
[ok] 雅各书 2章 · 讲解版 (26s, 2371字)
[gen] 雅各书 2章 · 发现版 …
[ok] 雅各书 2章 · 发现版 (22s, 2131字)
[gen] 雅各书 3章 · 讲解版 …
[ok] 雅各书 3章 · 讲解版 (25s, 2145字)
[gen] 雅各书 3章 · 发现版 …
[ok] 雅各书 3章 · 发现版 (19s, 1832字)
[gen] 雅各书 4章 · 讲解版 …
[ok] 雅各书 4章 · 讲解版 (24s, 1930字)
[gen] 雅各书 4章 · 发现版 …
[ok] 雅各书 4章 · 发现版 (23s, 2028字)
[gen] 雅各书 5章 · 讲解版 …
[ok] 雅各书 5章 · 讲解版 (28s, 2172字)
[gen] 雅各书 5章 · 发现版 …
[ok] 雅各书 5章 · 发现版 (22s, 1876字)
[gen] 彼得前书 1章 · 讲解版 …
[ok] 彼得前书 1章 · 讲解版 (30s, 2795字)
[gen] 彼得前书 1章 · 发现版 …
[ok] 彼得前书 1章 · 发现版 (21s, 2011字)
[gen] 彼得前书 2章 · 讲解版 …
[ok] 彼得前书 2章 · 讲解版 (29s, 2487字)
[gen] 彼得前书 2章 · 发现版 …
[ok] 彼得前书 2章 · 发现版 (28s, 2585字)
[gen] 彼得前书 3章 · 讲解版 …
[ok] 彼得前书 3章 · 讲解版 (29s, 2322字)
[gen] 彼得前书 3章 · 发现版 …
[ok] 彼得前书 3章 · 发现版 (20s, 1729字)
[gen] 彼得前书 4章 · 讲解版 …
[ok] 彼得前书 4章 · 讲解版 (25s, 2131字)
[gen] 彼得前书 4章 · 发现版 …
[ok] 彼得前书 4章 · 发现版 (25s, 2353字)
[gen] 彼得前书 5章 · 讲解版 …
[ok] 彼得前书 5章 · 讲解版 (32s, 2461字)
[gen] 彼得前书 5章 · 发现版 …
[ok] 彼得前书 5章 · 发现版 (19s, 1644字)
[gen] 彼得后书 1章 · 讲解版 …
[ok] 彼得后书 1章 · 讲解版 (29s, 2478字)
[gen] 彼得后书 1章 · 发现版 …
[ok] 彼得后书 1章 · 发现版 (19s, 1737字)
[gen] 彼得后书 2章 · 讲解版 …
[ok] 彼得后书 2章 · 讲解版 (24s, 1776字)
[gen] 彼得后书 2章 · 发现版 …
[ok] 彼得后书 2章 · 发现版 (18s, 1715字)
[gen] 彼得后书 3章 · 讲解版 …
[ok] 彼得后书 3章 · 讲解版 (21s, 1743字)
[gen] 彼得后书 3章 · 发现版 …
[ok] 彼得后书 3章 · 发现版 (19s, 1693字)
[gen] 约翰一书 1章 · 讲解版 …
[ok] 约翰一书 1章 · 讲解版 (24s, 2008字)
[gen] 约翰一书 1章 · 发现版 …
[ok] 约翰一书 1章 · 发现版 (21s, 1790字)
[gen] 约翰一书 2章 · 讲解版 …
[ok] 约翰一书 2章 · 讲解版 (28s, 2421字)
[gen] 约翰一书 2章 · 发现版 …
[ok] 约翰一书 2章 · 发现版 (18s, 1820字)
[gen] 约翰一书 3章 · 讲解版 …
[ok] 约翰一书 3章 · 讲解版 (31s, 2599字)
[gen] 约翰一书 3章 · 发现版 …
[ok] 约翰一书 3章 · 发现版 (27s, 2393字)
[gen] 约翰一书 4章 · 讲解版 …
[ok] 约翰一书 4章 · 讲解版 (20s, 1796字)
[gen] 约翰一书 4章 · 发现版 …
[ok] 约翰一书 4章 · 发现版 (21s, 1902字)
[gen] 约翰一书 5章 · 讲解版 …
[ok] 约翰一书 5章 · 讲解版 (22s, 2013字)
[gen] 约翰一书 5章 · 发现版 …
[ok] 约翰一书 5章 · 发现版 (23s, 2404字)
[gen] 约翰二书 1章 · 讲解版 …
[ok] 约翰二书 1章 · 讲解版 (22s, 1743字)
[gen] 约翰二书 1章 · 发现版 …
[ok] 约翰二书 1章 · 发现版 (18s, 1538字)
[gen] 约翰三书 1章 · 讲解版 …
[ok] 约翰三书 1章 · 讲解版 (19s, 1629字)
[gen] 约翰三书 1章 · 发现版 …
[ok] 约翰三书 1章 · 发现版 (18s, 1591字)
[gen] 犹大书 1章 · 讲解版 …
[ok] 犹大书 1章 · 讲解版 (23s, 2129字)
[gen] 犹大书 1章 · 发现版 …
[ok] 犹大书 1章 · 发现版 (21s, 1745字)
[gen] 启示录 1章 · 讲解版 …
[ok] 启示录 1章 · 讲解版 (29s, 2449字)
[gen] 启示录 1章 · 发现版 …
[ok] 启示录 1章 · 发现版 (25s, 2162字)
[gen] 启示录 2章 · 讲解版 …
[ok] 启示录 2章 · 讲解版 (29s, 2201字)
[gen] 启示录 2章 · 发现版 …
[ok] 启示录 2章 · 发现版 (21s, 2053字)
[gen] 启示录 3章 · 讲解版 …
[ok] 启示录 3章 · 讲解版 (20s, 1774字)
[gen] 启示录 3章 · 发现版 …
[ok] 启示录 3章 · 发现版 (32s, 2896字)
[gen] 启示录 4章 · 讲解版 …
[ok] 启示录 4章 · 讲解版 (20s, 1757字)
[gen] 启示录 4章 · 发现版 …
[ok] 启示录 4章 · 发现版 (17s, 1585字)
[gen] 启示录 5章 · 讲解版 …
[ok] 启示录 5章 · 讲解版 (22s, 1992字)
[gen] 启示录 5章 · 发现版 …
[ok] 启示录 5章 · 发现版 (15s, 1464字)
[gen] 启示录 6章 · 讲解版 …
[ok] 启示录 6章 · 讲解版 (28s, 2261字)
[gen] 启示录 6章 · 发现版 …
[ok] 启示录 6章 · 发现版 (18s, 1569字)
[gen] 启示录 7章 · 讲解版 …
[ok] 启示录 7章 · 讲解版 (32s, 2659字)
[gen] 启示录 7章 · 发现版 …
[ok] 启示录 7章 · 发现版 (19s, 1680字)
[gen] 启示录 8章 · 讲解版 …
[ok] 启示录 8章 · 讲解版 (29s, 2196字)
[gen] 启示录 8章 · 发现版 …
[ok] 启示录 8章 · 发现版 (17s, 1536字)
[gen] 启示录 9章 · 讲解版 …
[ok] 启示录 9章 · 讲解版 (22s, 1745字)
[gen] 启示录 9章 · 发现版 …
[ok] 启示录 9章 · 发现版 (22s, 1756字)
[gen] 启示录 10章 · 讲解版 …
[ok] 启示录 10章 · 讲解版 (29s, 2234字)
[gen] 启示录 10章 · 发现版 …
[ok] 启示录 10章 · 发现版 (17s, 1380字)
[gen] 启示录 11章 · 讲解版 …
[ok] 启示录 11章 · 讲解版 (28s, 2284字)
[gen] 启示录 11章 · 发现版 …
[ok] 启示录 11章 · 发现版 (24s, 1892字)
[gen] 启示录 12章 · 讲解版 …
[ok] 启示录 12章 · 讲解版 (29s, 2502字)
[gen] 启示录 12章 · 发现版 …
[ok] 启示录 12章 · 发现版 (27s, 2152字)
[gen] 启示录 13章 · 讲解版 …
[ok] 启示录 13章 · 讲解版 (24s, 1876字)
[gen] 启示录 13章 · 发现版 …
[ok] 启示录 13章 · 发现版 (25s, 2242字)
[gen] 启示录 14章 · 讲解版 …
[ok] 启示录 14章 · 讲解版 (24s, 2219字)
[gen] 启示录 14章 · 发现版 …
[ok] 启示录 14章 · 发现版 (21s, 1935字)
[gen] 启示录 15章 · 讲解版 …
[ok] 启示录 15章 · 讲解版 (24s, 1958字)
[gen] 启示录 15章 · 发现版 …
[ok] 启示录 15章 · 发现版 (21s, 1697字)
[gen] 启示录 16章 · 讲解版 …
[ok] 启示录 16章 · 讲解版 (26s, 2109字)
[gen] 启示录 16章 · 发现版 …
[ok] 启示录 16章 · 发现版 (23s, 2082字)
[gen] 启示录 17章 · 讲解版 …
[ok] 启示录 17章 · 讲解版 (26s, 2162字)
[gen] 启示录 17章 · 发现版 …
[ok] 启示录 17章 · 发现版 (19s, 1776字)
[gen] 启示录 18章 · 讲解版 …
[ok] 启示录 18章 · 讲解版 (29s, 2675字)
[gen] 启示录 18章 · 发现版 …
[ok] 启示录 18章 · 发现版 (22s, 2059字)
[gen] 启示录 19章 · 讲解版 …
[ok] 启示录 19章 · 讲解版 (26s, 2156字)
[gen] 启示录 19章 · 发现版 …
[ok] 启示录 19章 · 发现版 (22s, 2049字)
[gen] 启示录 20章 · 讲解版 …
[ok] 启示录 20章 · 讲解版 (27s, 2468字)
[gen] 启示录 20章 · 发现版 …
[ok] 启示录 20章 · 发现版 (15s, 1468字)
[gen] 启示录 21章 · 讲解版 …
[ok] 启示录 21章 · 讲解版 (29s, 2654字)
[gen] 启示录 21章 · 发现版 …
[ok] 启示录 21章 · 发现版 (21s, 1733字)
[gen] 启示录 22章 · 讲解版 …
[ok] 启示录 22章 · 讲解版 (22s, 1953字)
[gen] 启示录 22章 · 发现版 …
[ok] 启示录 22章 · 发现版 (19s, 1747字)

Done. ok=2487 skipped=197 failed=0 (100%)
Tip: push all to Render: INFO_EDITION_REMOTE_SCP_TARGET='…' npm run info-edition:push-remote

--- batch start 2026-05-22T04:20:26.388Z ---
Batch: info + guide | pipeline: reader-generate (plan→execute) | lang=en | translation=web-en | 导读 role=info_edition_v1_en | 引导 role=role_guide_v2_en | 导读描述规则 0 字 | books JDG…REV | skip existing | local only
[gen] 士师记 2章 · 讲解版 …
[ok] 士师记 2章 · 讲解版 (14s, 4084字)
[gen] 士师记 2章 · 发现版 …
[ok] 士师记 2章 · 发现版 (9s, 2598字)
[gen] 士师记 3章 · 讲解版 …
[ok] 士师记 3章 · 讲解版 (14s, 3950字)
[gen] 士师记 3章 · 发现版 …
[ok] 士师记 3章 · 发现版 (12s, 3518字)
[gen] 士师记 4章 · 讲解版 …
[ok] 士师记 4章 · 讲解版 (15s, 4568字)
[gen] 士师记 4章 · 发现版 …
[ok] 士师记 4章 · 发现版 (9s, 2777字)
[gen] 士师记 5章 · 讲解版 …
[ok] 士师记 5章 · 讲解版 (14s, 3937字)
[gen] 士师记 5章 · 发现版 …
[ok] 士师记 5章 · 发现版 (10s, 3096字)
[gen] 士师记 6章 · 讲解版 …
[ok] 士师记 6章 · 讲解版 (13s, 3822字)
[gen] 士师记 6章 · 发现版 …
[ok] 士师记 6章 · 发现版 (11s, 3452字)
[gen] 士师记 7章 · 讲解版 …
[ok] 士师记 7章 · 讲解版 (14s, 3948字)
[gen] 士师记 7章 · 发现版 …
[ok] 士师记 7章 · 发现版 (10s, 3057字)
[gen] 士师记 8章 · 讲解版 …
[ok] 士师记 8章 · 讲解版 (13s, 3833字)
[gen] 士师记 8章 · 发现版 …
[ok] 士师记 8章 · 发现版 (11s, 3614字)
[gen] 士师记 9章 · 讲解版 …
[ok] 士师记 9章 · 讲解版 (16s, 4668字)
[gen] 士师记 9章 · 发现版 …
[ok] 士师记 9章 · 发现版 (12s, 3743字)
[gen] 士师记 10章 · 讲解版 …
[ok] 士师记 10章 · 讲解版 (11s, 3502字)
[gen] 士师记 10章 · 发现版 …
[ok] 士师记 10章 · 发现版 (8s, 2616字)
[gen] 士师记 11章 · 讲解版 …
[ok] 士师记 11章 · 讲解版 (11s, 3471字)
[gen] 士师记 11章 · 发现版 …
[ok] 士师记 11章 · 发现版 (9s, 2705字)
[gen] 士师记 12章 · 讲解版 …
[ok] 士师记 12章 · 讲解版 (12s, 3517字)
[gen] 士师记 12章 · 发现版 …
[ok] 士师记 12章 · 发现版 (11s, 3754字)
[gen] 士师记 13章 · 讲解版 …
[ok] 士师记 13章 · 讲解版 (14s, 4128字)
[gen] 士师记 13章 · 发现版 …
[ok] 士师记 13章 · 发现版 (12s, 3496字)
[gen] 士师记 14章 · 讲解版 …
[ok] 士师记 14章 · 讲解版 (12s, 3768字)
[gen] 士师记 14章 · 发现版 …
[ok] 士师记 14章 · 发现版 (11s, 3759字)
[gen] 士师记 15章 · 讲解版 …
[ok] 士师记 15章 · 讲解版 (13s, 4370字)
[gen] 士师记 15章 · 发现版 …
[ok] 士师记 15章 · 发现版 (9s, 3143字)
[gen] 士师记 16章 · 讲解版 …
[ok] 士师记 16章 · 讲解版 (13s, 4288字)
[gen] 士师记 16章 · 发现版 …
[ok] 士师记 16章 · 发现版 (10s, 3313字)
[gen] 士师记 17章 · 讲解版 …
[ok] 士师记 17章 · 讲解版 (13s, 4381字)
[gen] 士师记 17章 · 发现版 …
[ok] 士师记 17章 · 发现版 (10s, 3243字)
[gen] 士师记 18章 · 讲解版 …
[ok] 士师记 18章 · 讲解版 (13s, 3879字)
[gen] 士师记 18章 · 发现版 …
[ok] 士师记 18章 · 发现版 (11s, 3697字)
[gen] 士师记 19章 · 讲解版 …
[ok] 士师记 19章 · 讲解版 (15s, 5181字)
[gen] 士师记 19章 · 发现版 …
[ok] 士师记 19章 · 发现版 (9s, 3473字)
[gen] 士师记 20章 · 讲解版 …
[ok] 士师记 20章 · 讲解版 (13s, 4062字)
[gen] 士师记 20章 · 发现版 …
[ok] 士师记 20章 · 发现版 (9s, 3098字)
[gen] 士师记 21章 · 讲解版 …
[ok] 士师记 21章 · 讲解版 (12s, 3976字)
[gen] 士师记 21章 · 发现版 …
[ok] 士师记 21章 · 发现版 (10s, 3462字)
[gen] 路得记 1章 · 讲解版 …
[ok] 路得记 1章 · 讲解版 (11s, 3373字)
[gen] 路得记 1章 · 发现版 …
[ok] 路得记 1章 · 发现版 (11s, 3769字)
[gen] 路得记 2章 · 讲解版 …
[ok] 路得记 2章 · 讲解版 (14s, 4476字)
[gen] 路得记 2章 · 发现版 …
[ok] 路得记 2章 · 发现版 (9s, 3273字)
[gen] 路得记 3章 · 讲解版 …
[ok] 路得记 3章 · 讲解版 (11s, 3553字)
[gen] 路得记 3章 · 发现版 …
[ok] 路得记 3章 · 发现版 (9s, 3121字)
[gen] 路得记 4章 · 讲解版 …
[ok] 路得记 4章 · 讲解版 (13s, 4152字)
[gen] 路得记 4章 · 发现版 …
[ok] 路得记 4章 · 发现版 (9s, 2802字)
[gen] 撒母耳记上 1章 · 讲解版 …
[ok] 撒母耳记上 1章 · 讲解版 (12s, 3806字)
[gen] 撒母耳记上 1章 · 发现版 …
[ok] 撒母耳记上 1章 · 发现版 (8s, 2708字)
[gen] 撒母耳记上 2章 · 讲解版 …
[ok] 撒母耳记上 2章 · 讲解版 (12s, 4026字)
[gen] 撒母耳记上 2章 · 发现版 …
[ok] 撒母耳记上 2章 · 发现版 (9s, 3040字)
[gen] 撒母耳记上 3章 · 讲解版 …
[ok] 撒母耳记上 3章 · 讲解版 (11s, 3679字)
[gen] 撒母耳记上 3章 · 发现版 …
[ok] 撒母耳记上 3章 · 发现版 (8s, 2840字)
[gen] 撒母耳记上 4章 · 讲解版 …
[ok] 撒母耳记上 4章 · 讲解版 (11s, 3682字)
[gen] 撒母耳记上 4章 · 发现版 …
[ok] 撒母耳记上 4章 · 发现版 (11s, 3595字)
[gen] 撒母耳记上 5章 · 讲解版 …
[ok] 撒母耳记上 5章 · 讲解版 (12s, 3867字)
[gen] 撒母耳记上 5章 · 发现版 …
[ok] 撒母耳记上 5章 · 发现版 (11s, 3595字)
[gen] 撒母耳记上 6章 · 讲解版 …
[ok] 撒母耳记上 6章 · 讲解版 (14s, 4530字)
[gen] 撒母耳记上 6章 · 发现版 …
[ok] 撒母耳记上 6章 · 发现版 (7s, 2394字)
[gen] 撒母耳记上 7章 · 讲解版 …
[ok] 撒母耳记上 7章 · 讲解版 (11s, 3857字)
[gen] 撒母耳记上 7章 · 发现版 …
[ok] 撒母耳记上 7章 · 发现版 (8s, 3099字)
[gen] 撒母耳记上 8章 · 讲解版 …
[ok] 撒母耳记上 8章 · 讲解版 (11s, 3867字)
[gen] 撒母耳记上 8章 · 发现版 …
[ok] 撒母耳记上 8章 · 发现版 (8s, 2855字)
[gen] 撒母耳记上 9章 · 讲解版 …
[ok] 撒母耳记上 9章 · 讲解版 (16s, 5373字)
[gen] 撒母耳记上 9章 · 发现版 …
[ok] 撒母耳记上 9章 · 发现版 (8s, 2859字)
[gen] 撒母耳记上 10章 · 讲解版 …
[ok] 撒母耳记上 10章 · 讲解版 (13s, 4236字)
[gen] 撒母耳记上 10章 · 发现版 …
[ok] 撒母耳记上 10章 · 发现版 (8s, 2621字)
[gen] 撒母耳记上 11章 · 讲解版 …
[ok] 撒母耳记上 11章 · 讲解版 (10s, 3056字)
[gen] 撒母耳记上 11章 · 发现版 …
[ok] 撒母耳记上 11章 · 发现版 (9s, 3106字)
[gen] 撒母耳记上 12章 · 讲解版 …
[ok] 撒母耳记上 12章 · 讲解版 (12s, 3809字)
[gen] 撒母耳记上 12章 · 发现版 …
[ok] 撒母耳记上 12章 · 发现版 (9s, 3235字)
[gen] 撒母耳记上 13章 · 讲解版 …
[ok] 撒母耳记上 13章 · 讲解版 (13s, 4372字)
[gen] 撒母耳记上 13章 · 发现版 …
[ok] 撒母耳记上 13章 · 发现版 (8s, 2696字)
[gen] 撒母耳记上 14章 · 讲解版 …
[ok] 撒母耳记上 14章 · 讲解版 (15s, 4888字)
[gen] 撒母耳记上 14章 · 发现版 …
[ok] 撒母耳记上 14章 · 发现版 (11s, 3648字)
[gen] 撒母耳记上 15章 · 讲解版 …
[ok] 撒母耳记上 15章 · 讲解版 (12s, 3952字)
[gen] 撒母耳记上 15章 · 发现版 …
[ok] 撒母耳记上 15章 · 发现版 (10s, 3624字)
[gen] 撒母耳记上 16章 · 讲解版 …
[ok] 撒母耳记上 16章 · 讲解版 (11s, 3930字)
[gen] 撒母耳记上 16章 · 发现版 …
[ok] 撒母耳记上 16章 · 发现版 (8s, 2911字)
[gen] 撒母耳记上 17章 · 讲解版 …
[ok] 撒母耳记上 17章 · 讲解版 (13s, 4565字)
[gen] 撒母耳记上 17章 · 发现版 …
[ok] 撒母耳记上 17章 · 发现版 (9s, 3056字)
[gen] 撒母耳记上 18章 · 讲解版 …
[ok] 撒母耳记上 18章 · 讲解版 (11s, 3977字)
[gen] 撒母耳记上 18章 · 发现版 …
[ok] 撒母耳记上 18章 · 发现版 (10s, 3390字)
[gen] 撒母耳记上 19章 · 讲解版 …
[ok] 撒母耳记上 19章 · 讲解版 (12s, 3984字)
[gen] 撒母耳记上 19章 · 发现版 …
[ok] 撒母耳记上 19章 · 发现版 (10s, 3408字)
[gen] 撒母耳记上 20章 · 讲解版 …
[ok] 撒母耳记上 20章 · 讲解版 (16s, 5491字)
[gen] 撒母耳记上 20章 · 发现版 …
[ok] 撒母耳记上 20章 · 发现版 (11s, 3935字)
[gen] 撒母耳记上 21章 · 讲解版 …
[ok] 撒母耳记上 21章 · 讲解版 (14s, 4648字)
[gen] 撒母耳记上 21章 · 发现版 …
[ok] 撒母耳记上 21章 · 发现版 (8s, 2902字)
[gen] 撒母耳记上 22章 · 讲解版 …
[ok] 撒母耳记上 22章 · 讲解版 (12s, 3937字)
[gen] 撒母耳记上 22章 · 发现版 …
[ok] 撒母耳记上 22章 · 发现版 (10s, 3499字)
[gen] 撒母耳记上 23章 · 讲解版 …
[ok] 撒母耳记上 23章 · 讲解版 (12s, 4082字)
[gen] 撒母耳记上 23章 · 发现版 …
[ok] 撒母耳记上 23章 · 发现版 (11s, 3895字)
[gen] 撒母耳记上 24章 · 讲解版 …
[ok] 撒母耳记上 24章 · 讲解版 (14s, 4486字)
[gen] 撒母耳记上 24章 · 发现版 …
[ok] 撒母耳记上 24章 · 发现版 (7s, 2382字)
[gen] 撒母耳记上 25章 · 讲解版 …
[ok] 撒母耳记上 25章 · 讲解版 (12s, 4165字)
[gen] 撒母耳记上 25章 · 发现版 …
[ok] 撒母耳记上 25章 · 发现版 (10s, 3440字)
[gen] 撒母耳记上 26章 · 讲解版 …
[ok] 撒母耳记上 26章 · 讲解版 (15s, 4889字)
[gen] 撒母耳记上 26章 · 发现版 …
[ok] 撒母耳记上 26章 · 发现版 (8s, 2614字)
[gen] 撒母耳记上 27章 · 讲解版 …
[ok] 撒母耳记上 27章 · 讲解版 (13s, 4465字)
[gen] 撒母耳记上 27章 · 发现版 …
[ok] 撒母耳记上 27章 · 发现版 (8s, 2811字)
[gen] 撒母耳记上 28章 · 讲解版 …
[ok] 撒母耳记上 28章 · 讲解版 (13s, 4338字)
[gen] 撒母耳记上 28章 · 发现版 …
[ok] 撒母耳记上 28章 · 发现版 (10s, 3594字)
[gen] 撒母耳记上 29章 · 讲解版 …
[ok] 撒母耳记上 29章 · 讲解版 (12s, 3880字)
[gen] 撒母耳记上 29章 · 发现版 …
[ok] 撒母耳记上 29章 · 发现版 (10s, 3285字)
[gen] 撒母耳记上 30章 · 讲解版 …
[ok] 撒母耳记上 30章 · 讲解版 (11s, 3611字)
[gen] 撒母耳记上 30章 · 发现版 …
[ok] 撒母耳记上 30章 · 发现版 (8s, 3117字)
[gen] 撒母耳记上 31章 · 讲解版 …
[ok] 撒母耳记上 31章 · 讲解版 (12s, 3847字)
[gen] 撒母耳记上 31章 · 发现版 …
[ok] 撒母耳记上 31章 · 发现版 (8s, 2762字)
[gen] 撒母耳记下 1章 · 讲解版 …
[ok] 撒母耳记下 1章 · 讲解版 (11s, 3669字)
[gen] 撒母耳记下 1章 · 发现版 …
[ok] 撒母耳记下 1章 · 发现版 (9s, 2771字)
[gen] 撒母耳记下 2章 · 讲解版 …
[ok] 撒母耳记下 2章 · 讲解版 (14s, 4622字)
[gen] 撒母耳记下 2章 · 发现版 …
[ok] 撒母耳记下 2章 · 发现版 (9s, 3015字)
[gen] 撒母耳记下 3章 · 讲解版 …
[ok] 撒母耳记下 3章 · 讲解版 (16s, 5178字)
[gen] 撒母耳记下 3章 · 发现版 …
[ok] 撒母耳记下 3章 · 发现版 (10s, 3403字)
[gen] 撒母耳记下 4章 · 讲解版 …
[ok] 撒母耳记下 4章 · 讲解版 (12s, 3978字)
[gen] 撒母耳记下 4章 · 发现版 …
[ok] 撒母耳记下 4章 · 发现版 (8s, 2600字)
[gen] 撒母耳记下 5章 · 讲解版 …
[ok] 撒母耳记下 5章 · 讲解版 (14s, 4339字)
[gen] 撒母耳记下 5章 · 发现版 …
[ok] 撒母耳记下 5章 · 发现版 (11s, 3962字)
[gen] 撒母耳记下 6章 · 讲解版 …
[ok] 撒母耳记下 6章 · 讲解版 (13s, 4614字)
[gen] 撒母耳记下 6章 · 发现版 …
[ok] 撒母耳记下 6章 · 发现版 (8s, 2961字)
[gen] 撒母耳记下 7章 · 讲解版 …
[ok] 撒母耳记下 7章 · 讲解版 (14s, 4567字)
[gen] 撒母耳记下 7章 · 发现版 …
[ok] 撒母耳记下 7章 · 发现版 (8s, 2734字)
[gen] 撒母耳记下 8章 · 讲解版 …
[ok] 撒母耳记下 8章 · 讲解版 (11s, 3667字)
[gen] 撒母耳记下 8章 · 发现版 …
[ok] 撒母耳记下 8章 · 发现版 (8s, 2914字)
[gen] 撒母耳记下 9章 · 讲解版 …
[ok] 撒母耳记下 9章 · 讲解版 (12s, 4120字)
[gen] 撒母耳记下 9章 · 发现版 …
[ok] 撒母耳记下 9章 · 发现版 (8s, 2504字)
[gen] 撒母耳记下 10章 · 讲解版 …
[ok] 撒母耳记下 10章 · 讲解版 (12s, 4147字)
[gen] 撒母耳记下 10章 · 发现版 …
[ok] 撒母耳记下 10章 · 发现版 (8s, 2852字)
[gen] 撒母耳记下 11章 · 讲解版 …
[ok] 撒母耳记下 11章 · 讲解版 (12s, 3753字)
[gen] 撒母耳记下 11章 · 发现版 …
[ok] 撒母耳记下 11章 · 发现版 (8s, 2835字)
[gen] 撒母耳记下 12章 · 讲解版 …
[ok] 撒母耳记下 12章 · 讲解版 (12s, 3919字)
[gen] 撒母耳记下 12章 · 发现版 …
[ok] 撒母耳记下 12章 · 发现版 (11s, 4006字)
[gen] 撒母耳记下 13章 · 讲解版 …
[ok] 撒母耳记下 13章 · 讲解版 (14s, 4452字)
[gen] 撒母耳记下 13章 · 发现版 …
[ok] 撒母耳记下 13章 · 发现版 (10s, 3482字)
[gen] 撒母耳记下 14章 · 讲解版 …
[ok] 撒母耳记下 14章 · 讲解版 (13s, 4025字)
[gen] 撒母耳记下 14章 · 发现版 …
[ok] 撒母耳记下 14章 · 发现版 (8s, 2835字)
[gen] 撒母耳记下 15章 · 讲解版 …
[ok] 撒母耳记下 15章 · 讲解版 (13s, 4360字)
[gen] 撒母耳记下 15章 · 发现版 …
[ok] 撒母耳记下 15章 · 发现版 (9s, 3088字)
[gen] 撒母耳记下 16章 · 讲解版 …
[ok] 撒母耳记下 16章 · 讲解版 (13s, 4221字)
[gen] 撒母耳记下 16章 · 发现版 …
[ok] 撒母耳记下 16章 · 发现版 (9s, 3351字)
[gen] 撒母耳记下 17章 · 讲解版 …
[ok] 撒母耳记下 17章 · 讲解版 (12s, 3968字)
[gen] 撒母耳记下 17章 · 发现版 …
[ok] 撒母耳记下 17章 · 发现版 (9s, 3332字)
[gen] 撒母耳记下 18章 · 讲解版 …
[ok] 撒母耳记下 18章 · 讲解版 (13s, 4432字)
[gen] 撒母耳记下 18章 · 发现版 …
[ok] 撒母耳记下 18章 · 发现版 (7s, 2476字)
[gen] 撒母耳记下 19章 · 讲解版 …
[ok] 撒母耳记下 19章 · 讲解版 (13s, 4301字)
[gen] 撒母耳记下 19章 · 发现版 …
[ok] 撒母耳记下 19章 · 发现版 (11s, 3929字)
[gen] 撒母耳记下 20章 · 讲解版 …
[ok] 撒母耳记下 20章 · 讲解版 (12s, 3960字)
[gen] 撒母耳记下 20章 · 发现版 …
[ok] 撒母耳记下 20章 · 发现版 (11s, 3644字)
[gen] 撒母耳记下 21章 · 讲解版 …
[ok] 撒母耳记下 21章 · 讲解版 (12s, 3916字)
[gen] 撒母耳记下 21章 · 发现版 …
[ok] 撒母耳记下 21章 · 发现版 (8s, 2800字)
[gen] 撒母耳记下 22章 · 讲解版 …
[ok] 撒母耳记下 22章 · 讲解版 (11s, 3347字)
[gen] 撒母耳记下 22章 · 发现版 …
[ok] 撒母耳记下 22章 · 发现版 (9s, 3217字)
[gen] 撒母耳记下 23章 · 讲解版 …
[ok] 撒母耳记下 23章 · 讲解版 (12s, 4021字)
[gen] 撒母耳记下 23章 · 发现版 …
[ok] 撒母耳记下 23章 · 发现版 (11s, 3783字)
[gen] 撒母耳记下 24章 · 讲解版 …
[ok] 撒母耳记下 24章 · 讲解版 (12s, 4211字)
[gen] 撒母耳记下 24章 · 发现版 …
[ok] 撒母耳记下 24章 · 发现版 (11s, 4015字)
[gen] 列王纪上 1章 · 讲解版 …
[ok] 列王纪上 1章 · 讲解版 (13s, 4181字)
[gen] 列王纪上 1章 · 发现版 …
[ok] 列王纪上 1章 · 发现版 (11s, 3916字)
[gen] 列王纪上 2章 · 讲解版 …
[ok] 列王纪上 2章 · 讲解版 (13s, 4452字)
[gen] 列王纪上 2章 · 发现版 …
[ok] 列王纪上 2章 · 发现版 (8s, 2826字)
[gen] 列王纪上 3章 · 讲解版 …
[ok] 列王纪上 3章 · 讲解版 (12s, 4432字)
[gen] 列王纪上 3章 · 发现版 …
[ok] 列王纪上 3章 · 发现版 (7s, 2540字)
[gen] 列王纪上 4章 · 讲解版 …
[ok] 列王纪上 4章 · 讲解版 (12s, 4610字)
[gen] 列王纪上 4章 · 发现版 …
[ok] 列王纪上 4章 · 发现版 (10s, 3754字)
[gen] 列王纪上 5章 · 讲解版 …
[ok] 列王纪上 5章 · 讲解版 (13s, 4587字)
[gen] 列王纪上 5章 · 发现版 …
[ok] 列王纪上 5章 · 发现版 (9s, 3096字)
[gen] 列王纪上 6章 · 讲解版 …
[ok] 列王纪上 6章 · 讲解版 (11s, 3770字)
[gen] 列王纪上 6章 · 发现版 …
[ok] 列王纪上 6章 · 发现版 (8s, 3334字)
[gen] 列王纪上 7章 · 讲解版 …
[ok] 列王纪上 7章 · 讲解版 (11s, 3911字)
[gen] 列王纪上 7章 · 发现版 …
[ok] 列王纪上 7章 · 发现版 (10s, 3243字)
[gen] 列王纪上 8章 · 讲解版 …
[ok] 列王纪上 8章 · 讲解版 (15s, 4841字)
[gen] 列王纪上 8章 · 发现版 …
[ok] 列王纪上 8章 · 发现版 (9s, 3211字)
[gen] 列王纪上 9章 · 讲解版 …
[ok] 列王纪上 9章 · 讲解版 (13s, 4313字)
[gen] 列王纪上 9章 · 发现版 …
[ok] 列王纪上 9章 · 发现版 (10s, 3633字)
[gen] 列王纪上 10章 · 讲解版 …
[ok] 列王纪上 10章 · 讲解版 (13s, 4217字)
[gen] 列王纪上 10章 · 发现版 …
[ok] 列王纪上 10章 · 发现版 (10s, 3673字)
[gen] 列王纪上 11章 · 讲解版 …
[ok] 列王纪上 11章 · 讲解版 (11s, 3718字)
[gen] 列王纪上 11章 · 发现版 …
[ok] 列王纪上 11章 · 发现版 (10s, 3806字)
[gen] 列王纪上 12章 · 讲解版 …
[ok] 列王纪上 12章 · 讲解版 (12s, 4054字)
[gen] 列王纪上 12章 · 发现版 …
[ok] 列王纪上 12章 · 发现版 (13s, 4327字)
[gen] 列王纪上 13章 · 讲解版 …
[ok] 列王纪上 13章 · 讲解版 (12s, 3972字)
[gen] 列王纪上 13章 · 发现版 …
[ok] 列王纪上 13章 · 发现版 (10s, 3525字)
[gen] 列王纪上 14章 · 讲解版 …
[ok] 列王纪上 14章 · 讲解版 (12s, 3928字)
[gen] 列王纪上 14章 · 发现版 …
[ok] 列王纪上 14章 · 发现版 (10s, 3395字)
[gen] 列王纪上 15章 · 讲解版 …
[ok] 列王纪上 15章 · 讲解版 (12s, 4040字)
[gen] 列王纪上 15章 · 发现版 …
[ok] 列王纪上 15章 · 发现版 (10s, 3135字)
[gen] 列王纪上 16章 · 讲解版 …
[ok] 列王纪上 16章 · 讲解版 (14s, 4666字)
[gen] 列王纪上 16章 · 发现版 …
[ok] 列王纪上 16章 · 发现版 (11s, 3649字)
[gen] 列王纪上 17章 · 讲解版 …
[ok] 列王纪上 17章 · 讲解版 (13s, 4563字)
[gen] 列王纪上 17章 · 发现版 …
[ok] 列王纪上 17章 · 发现版 (10s, 3497字)
[gen] 列王纪上 18章 · 讲解版 …
[ok] 列王纪上 18章 · 讲解版 (13s, 4092字)
[gen] 列王纪上 18章 · 发现版 …
[ok] 列王纪上 18章 · 发现版 (10s, 3349字)
[gen] 列王纪上 19章 · 讲解版 …
[ok] 列王纪上 19章 · 讲解版 (12s, 3856字)
[gen] 列王纪上 19章 · 发现版 …
[ok] 列王纪上 19章 · 发现版 (8s, 2559字)
[gen] 列王纪上 20章 · 讲解版 …
[ok] 列王纪上 20章 · 讲解版 (13s, 4276字)
[gen] 列王纪上 20章 · 发现版 …
[ok] 列王纪上 20章 · 发现版 (12s, 4320字)
[gen] 列王纪上 21章 · 讲解版 …
[ok] 列王纪上 21章 · 讲解版 (13s, 4342字)
[gen] 列王纪上 21章 · 发现版 …
[ok] 列王纪上 21章 · 发现版 (10s, 3310字)
[gen] 列王纪上 22章 · 讲解版 …
[ok] 列王纪上 22章 · 讲解版 (13s, 4051字)
[gen] 列王纪上 22章 · 发现版 …
[ok] 列王纪上 22章 · 发现版 (11s, 3818字)
[gen] 列王纪下 1章 · 讲解版 …
[ok] 列王纪下 1章 · 讲解版 (13s, 3766字)
[gen] 列王纪下 1章 · 发现版 …
[ok] 列王纪下 1章 · 发现版 (8s, 2691字)
[gen] 列王纪下 2章 · 讲解版 …
[ok] 列王纪下 2章 · 讲解版 (14s, 4529字)
[gen] 列王纪下 2章 · 发现版 …
[ok] 列王纪下 2章 · 发现版 (9s, 2983字)
[gen] 列王纪下 3章 · 讲解版 …
[ok] 列王纪下 3章 · 讲解版 (14s, 4264字)
[gen] 列王纪下 3章 · 发现版 …
[ok] 列王纪下 3章 · 发现版 (11s, 3580字)
[gen] 列王纪下 4章 · 讲解版 …
[ok] 列王纪下 4章 · 讲解版 (14s, 4314字)
[gen] 列王纪下 4章 · 发现版 …
[ok] 列王纪下 4章 · 发现版 (15s, 4996字)
[gen] 列王纪下 5章 · 讲解版 …
[ok] 列王纪下 5章 · 讲解版 (13s, 4169字)
[gen] 列王纪下 5章 · 发现版 …
[ok] 列王纪下 5章 · 发现版 (10s, 3380字)
[gen] 列王纪下 6章 · 讲解版 …
[ok] 列王纪下 6章 · 讲解版 (17s, 5518字)
[gen] 列王纪下 6章 · 发现版 …
[ok] 列王纪下 6章 · 发现版 (11s, 4081字)
[gen] 列王纪下 7章 · 讲解版 …
[ok] 列王纪下 7章 · 讲解版 (11s, 3429字)
[gen] 列王纪下 7章 · 发现版 …
[ok] 列王纪下 7章 · 发现版 (9s, 3252字)
[gen] 列王纪下 8章 · 讲解版 …
[ok] 列王纪下 8章 · 讲解版 (13s, 4077字)
[gen] 列王纪下 8章 · 发现版 …
[ok] 列王纪下 8章 · 发现版 (9s, 3178字)
[gen] 列王纪下 9章 · 讲解版 …
[ok] 列王纪下 9章 · 讲解版 (13s, 4027字)
[gen] 列王纪下 9章 · 发现版 …
[ok] 列王纪下 9章 · 发现版 (10s, 3517字)
[gen] 列王纪下 10章 · 讲解版 …
[ok] 列王纪下 10章 · 讲解版 (13s, 4135字)
[gen] 列王纪下 10章 · 发现版 …
[ok] 列王纪下 10章 · 发现版 (9s, 3203字)
[gen] 列王纪下 11章 · 讲解版 …
[ok] 列王纪下 11章 · 讲解版 (14s, 4725字)
[gen] 列王纪下 11章 · 发现版 …
[ok] 列王纪下 11章 · 发现版 (9s, 3325字)
[gen] 列王纪下 12章 · 讲解版 …
[ok] 列王纪下 12章 · 讲解版 (13s, 4461字)
[gen] 列王纪下 12章 · 发现版 …
[ok] 列王纪下 12章 · 发现版 (9s, 3235字)
[gen] 列王纪下 13章 · 讲解版 …
[ok] 列王纪下 13章 · 讲解版 (15s, 4943字)
[gen] 列王纪下 13章 · 发现版 …
[ok] 列王纪下 13章 · 发现版 (9s, 3068字)
[gen] 列王纪下 14章 · 讲解版 …
[ok] 列王纪下 14章 · 讲解版 (12s, 3959字)
[gen] 列王纪下 14章 · 发现版 …
[ok] 列王纪下 14章 · 发现版 (9s, 3028字)
[gen] 列王纪下 15章 · 讲解版 …
[ok] 列王纪下 15章 · 讲解版 (13s, 4394字)
[gen] 列王纪下 15章 · 发现版 …
[ok] 列王纪下 15章 · 发现版 (11s, 3979字)
[gen] 列王纪下 16章 · 讲解版 …
[ok] 列王纪下 16章 · 讲解版 (13s, 4502字)
[gen] 列王纪下 16章 · 发现版 …
[ok] 列王纪下 16章 · 发现版 (9s, 2938字)
[gen] 列王纪下 17章 · 讲解版 …
[ok] 列王纪下 17章 · 讲解版 (13s, 4401字)
[gen] 列王纪下 17章 · 发现版 …
[ok] 列王纪下 17章 · 发现版 (11s, 3741字)
[gen] 列王纪下 18章 · 讲解版 …
[ok] 列王纪下 18章 · 讲解版 (13s, 4518字)
[gen] 列王纪下 18章 · 发现版 …
[ok] 列王纪下 18章 · 发现版 (10s, 3350字)
[gen] 列王纪下 19章 · 讲解版 …
[ok] 列王纪下 19章 · 讲解版 (14s, 4622字)
[gen] 列王纪下 19章 · 发现版 …
[ok] 列王纪下 19章 · 发现版 (11s, 4099字)
[gen] 列王纪下 20章 · 讲解版 …
[ok] 列王纪下 20章 · 讲解版 (14s, 4787字)
[gen] 列王纪下 20章 · 发现版 …
[ok] 列王纪下 20章 · 发现版 (8s, 2586字)
[gen] 列王纪下 21章 · 讲解版 …
[ok] 列王纪下 21章 · 讲解版 (12s, 3927字)
[gen] 列王纪下 21章 · 发现版 …
[ok] 列王纪下 21章 · 发现版 (10s, 3279字)
[gen] 列王纪下 22章 · 讲解版 …
[ok] 列王纪下 22章 · 讲解版 (14s, 4557字)
[gen] 列王纪下 22章 · 发现版 …
[ok] 列王纪下 22章 · 发现版 (9s, 3128字)
[gen] 列王纪下 23章 · 讲解版 …
[ok] 列王纪下 23章 · 讲解版 (13s, 4597字)
[gen] 列王纪下 23章 · 发现版 …
[ok] 列王纪下 23章 · 发现版 (9s, 2818字)
[gen] 列王纪下 24章 · 讲解版 …
[ok] 列王纪下 24章 · 讲解版 (12s, 3677字)
[gen] 列王纪下 24章 · 发现版 …
[ok] 列王纪下 24章 · 发现版 (11s, 3465字)
[gen] 列王纪下 25章 · 讲解版 …
[ok] 列王纪下 25章 · 讲解版 (12s, 3816字)
[gen] 列王纪下 25章 · 发现版 …
[ok] 列王纪下 25章 · 发现版 (9s, 3201字)
[gen] 历代志上 1章 · 讲解版 …
[ok] 历代志上 1章 · 讲解版 (12s, 4122字)
[gen] 历代志上 1章 · 发现版 …
[ok] 历代志上 1章 · 发现版 (11s, 3742字)
[gen] 历代志上 2章 · 讲解版 …
[ok] 历代志上 2章 · 讲解版 (12s, 3828字)
[gen] 历代志上 2章 · 发现版 …
[ok] 历代志上 2章 · 发现版 (12s, 3794字)
[gen] 历代志上 3章 · 讲解版 …
[ok] 历代志上 3章 · 讲解版 (10s, 3196字)
[gen] 历代志上 3章 · 发现版 …
[ok] 历代志上 3章 · 发现版 (10s, 3489字)
[gen] 历代志上 4章 · 讲解版 …
[ok] 历代志上 4章 · 讲解版 (11s, 3519字)
[gen] 历代志上 4章 · 发现版 …
[ok] 历代志上 4章 · 发现版 (10s, 3389字)
[gen] 历代志上 5章 · 讲解版 …
[ok] 历代志上 5章 · 讲解版 (12s, 3975字)
[gen] 历代志上 5章 · 发现版 …
[ok] 历代志上 5章 · 发现版 (9s, 3091字)
[gen] 历代志上 6章 · 讲解版 …
[ok] 历代志上 6章 · 讲解版 (15s, 4784字)
[gen] 历代志上 6章 · 发现版 …
[ok] 历代志上 6章 · 发现版 (10s, 3353字)
[gen] 历代志上 7章 · 讲解版 …
[ok] 历代志上 7章 · 讲解版 (12s, 3863字)
[gen] 历代志上 7章 · 发现版 …
[ok] 历代志上 7章 · 发现版 (10s, 3403字)
[gen] 历代志上 8章 · 讲解版 …
[ok] 历代志上 8章 · 讲解版 (13s, 4074字)
[gen] 历代志上 8章 · 发现版 …
[ok] 历代志上 8章 · 发现版 (12s, 3759字)
[gen] 历代志上 9章 · 讲解版 …
[ok] 历代志上 9章 · 讲解版 (11s, 3571字)
[gen] 历代志上 9章 · 发现版 …
[ok] 历代志上 9章 · 发现版 (11s, 3829字)
[gen] 历代志上 10章 · 讲解版 …
[ok] 历代志上 10章 · 讲解版 (13s, 4416字)
[gen] 历代志上 10章 · 发现版 …
[ok] 历代志上 10章 · 发现版 (9s, 2969字)
[gen] 历代志上 11章 · 讲解版 …
[ok] 历代志上 11章 · 讲解版 (12s, 4019字)
[gen] 历代志上 11章 · 发现版 …
[ok] 历代志上 11章 · 发现版 (9s, 2975字)
[gen] 历代志上 12章 · 讲解版 …
[ok] 历代志上 12章 · 讲解版 (13s, 4227字)
[gen] 历代志上 12章 · 发现版 …
[ok] 历代志上 12章 · 发现版 (10s, 3167字)
[gen] 历代志上 13章 · 讲解版 …
[ok] 历代志上 13章 · 讲解版 (12s, 3682字)
[gen] 历代志上 13章 · 发现版 …
[ok] 历代志上 13章 · 发现版 (9s, 2909字)
[gen] 历代志上 14章 · 讲解版 …
[ok] 历代志上 14章 · 讲解版 (12s, 4165字)
[gen] 历代志上 14章 · 发现版 …
[ok] 历代志上 14章 · 发现版 (8s, 2677字)
[gen] 历代志上 15章 · 讲解版 …
[ok] 历代志上 15章 · 讲解版 (11s, 3419字)
[gen] 历代志上 15章 · 发现版 …
[ok] 历代志上 15章 · 发现版 (9s, 3089字)
[gen] 历代志上 16章 · 讲解版 …
[ok] 历代志上 16章 · 讲解版 (13s, 4470字)
[gen] 历代志上 16章 · 发现版 …
[ok] 历代志上 16章 · 发现版 (10s, 3589字)
[gen] 历代志上 17章 · 讲解版 …
[ok] 历代志上 17章 · 讲解版 (12s, 3805字)
[gen] 历代志上 17章 · 发现版 …
[ok] 历代志上 17章 · 发现版 (9s, 3048字)
[gen] 历代志上 18章 · 讲解版 …
[ok] 历代志上 18章 · 讲解版 (10s, 3496字)
[gen] 历代志上 18章 · 发现版 …
[ok] 历代志上 18章 · 发现版 (10s, 3643字)
[gen] 历代志上 19章 · 讲解版 …
[ok] 历代志上 19章 · 讲解版 (10s, 3316字)
[gen] 历代志上 19章 · 发现版 …
[ok] 历代志上 19章 · 发现版 (8s, 2902字)
[gen] 历代志上 20章 · 讲解版 …
[ok] 历代志上 20章 · 讲解版 (13s, 4160字)
[gen] 历代志上 20章 · 发现版 …
[ok] 历代志上 20章 · 发现版 (10s, 3467字)
[gen] 历代志上 21章 · 讲解版 …
[ok] 历代志上 21章 · 讲解版 (12s, 4314字)
[gen] 历代志上 21章 · 发现版 …
[ok] 历代志上 21章 · 发现版 (11s, 3917字)
[gen] 历代志上 22章 · 讲解版 …
[ok] 历代志上 22章 · 讲解版 (14s, 4513字)
[gen] 历代志上 22章 · 发现版 …
[ok] 历代志上 22章 · 发现版 (7s, 2420字)
[gen] 历代志上 23章 · 讲解版 …
[ok] 历代志上 23章 · 讲解版 (11s, 3678字)
[gen] 历代志上 23章 · 发现版 …
[ok] 历代志上 23章 · 发现版 (11s, 3774字)
[gen] 历代志上 24章 · 讲解版 …
[ok] 历代志上 24章 · 讲解版 (13s, 4313字)
[gen] 历代志上 24章 · 发现版 …
[ok] 历代志上 24章 · 发现版 (10s, 3154字)
[gen] 历代志上 25章 · 讲解版 …
[ok] 历代志上 25章 · 讲解版 (13s, 4472字)
[gen] 历代志上 25章 · 发现版 …
[ok] 历代志上 25章 · 发现版 (8s, 2395字)
[gen] 历代志上 26章 · 讲解版 …
[ok] 历代志上 26章 · 讲解版 (12s, 3739字)
[gen] 历代志上 26章 · 发现版 …
[ok] 历代志上 26章 · 发现版 (11s, 3533字)
[gen] 历代志上 27章 · 讲解版 …
[ok] 历代志上 27章 · 讲解版 (12s, 3794字)
[gen] 历代志上 27章 · 发现版 …
[ok] 历代志上 27章 · 发现版 (10s, 3745字)
[gen] 历代志上 28章 · 讲解版 …
[ok] 历代志上 28章 · 讲解版 (13s, 4743字)
[gen] 历代志上 28章 · 发现版 …
[ok] 历代志上 28章 · 发现版 (7s, 2397字)
[gen] 历代志上 29章 · 讲解版 …
[ok] 历代志上 29章 · 讲解版 (12s, 4285字)
[gen] 历代志上 29章 · 发现版 …
[ok] 历代志上 29章 · 发现版 (10s, 3747字)
[gen] 历代志下 1章 · 讲解版 …
[ok] 历代志下 1章 · 讲解版 (12s, 4125字)
[gen] 历代志下 1章 · 发现版 …
[ok] 历代志下 1章 · 发现版 (7s, 2555字)
[gen] 历代志下 2章 · 讲解版 …
[ok] 历代志下 2章 · 讲解版 (12s, 4203字)
[gen] 历代志下 2章 · 发现版 …
[ok] 历代志下 2章 · 发现版 (10s, 3611字)
[gen] 历代志下 3章 · 讲解版 …
[ok] 历代志下 3章 · 讲解版 (15s, 5160字)
[gen] 历代志下 3章 · 发现版 …
[ok] 历代志下 3章 · 发现版 (7s, 2497字)
[gen] 历代志下 4章 · 讲解版 …
[ok] 历代志下 4章 · 讲解版 (11s, 3448字)
[gen] 历代志下 4章 · 发现版 …
[ok] 历代志下 4章 · 发现版 (10s, 3714字)
[gen] 历代志下 5章 · 讲解版 …
[ok] 历代志下 5章 · 讲解版 (11s, 3997字)
[gen] 历代志下 5章 · 发现版 …
[ok] 历代志下 5章 · 发现版 (8s, 2806字)
[gen] 历代志下 6章 · 讲解版 …
[ok] 历代志下 6章 · 讲解版 (12s, 3887字)
[gen] 历代志下 6章 · 发现版 …
[ok] 历代志下 6章 · 发现版 (9s, 3134字)
[gen] 历代志下 7章 · 讲解版 …
[ok] 历代志下 7章 · 讲解版 (11s, 3787字)
[gen] 历代志下 7章 · 发现版 …
[ok] 历代志下 7章 · 发现版 (10s, 3390字)
[gen] 历代志下 8章 · 讲解版 …
[ok] 历代志下 8章 · 讲解版 (10s, 3156字)
[gen] 历代志下 8章 · 发现版 …
[ok] 历代志下 8章 · 发现版 (12s, 4565字)
[gen] 历代志下 9章 · 讲解版 …
[ok] 历代志下 9章 · 讲解版 (12s, 4105字)
[gen] 历代志下 9章 · 发现版 …
[ok] 历代志下 9章 · 发现版 (9s, 3052字)
[gen] 历代志下 10章 · 讲解版 …
[ok] 历代志下 10章 · 讲解版 (10s, 3191字)
[gen] 历代志下 10章 · 发现版 …
[ok] 历代志下 10章 · 发现版 (9s, 3006字)
[gen] 历代志下 11章 · 讲解版 …
[ok] 历代志下 11章 · 讲解版 (12s, 4018字)
[gen] 历代志下 11章 · 发现版 …
[ok] 历代志下 11章 · 发现版 (9s, 3180字)
[gen] 历代志下 12章 · 讲解版 …
[ok] 历代志下 12章 · 讲解版 (11s, 3901字)
[gen] 历代志下 12章 · 发现版 …
[ok] 历代志下 12章 · 发现版 (8s, 2741字)
[gen] 历代志下 13章 · 讲解版 …
[ok] 历代志下 13章 · 讲解版 (14s, 4639字)
[gen] 历代志下 13章 · 发现版 …
[ok] 历代志下 13章 · 发现版 (9s, 3266字)
[gen] 历代志下 14章 · 讲解版 …
[ok] 历代志下 14章 · 讲解版 (12s, 3909字)
[gen] 历代志下 14章 · 发现版 …
[ok] 历代志下 14章 · 发现版 (9s, 3118字)
[gen] 历代志下 15章 · 讲解版 …
[ok] 历代志下 15章 · 讲解版 (11s, 3636字)
[gen] 历代志下 15章 · 发现版 …
[ok] 历代志下 15章 · 发现版 (9s, 2901字)
[gen] 历代志下 16章 · 讲解版 …
[ok] 历代志下 16章 · 讲解版 (12s, 3800字)
[gen] 历代志下 16章 · 发现版 …
[ok] 历代志下 16章 · 发现版 (8s, 2688字)
[gen] 历代志下 17章 · 讲解版 …
[ok] 历代志下 17章 · 讲解版 (12s, 3793字)
[gen] 历代志下 17章 · 发现版 …
[ok] 历代志下 17章 · 发现版 (9s, 3025字)
[gen] 历代志下 18章 · 讲解版 …
[ok] 历代志下 18章 · 讲解版 (12s, 3799字)
[gen] 历代志下 18章 · 发现版 …
[ok] 历代志下 18章 · 发现版 (11s, 3622字)
[gen] 历代志下 19章 · 讲解版 …
[ok] 历代志下 19章 · 讲解版 (12s, 3849字)
[gen] 历代志下 19章 · 发现版 …
[ok] 历代志下 19章 · 发现版 (8s, 2759字)
[gen] 历代志下 20章 · 讲解版 …
[ok] 历代志下 20章 · 讲解版 (14s, 4290字)
[gen] 历代志下 20章 · 发现版 …
[ok] 历代志下 20章 · 发现版 (10s, 3454字)
[gen] 历代志下 21章 · 讲解版 …
[ok] 历代志下 21章 · 讲解版 (13s, 4009字)
[gen] 历代志下 21章 · 发现版 …
[ok] 历代志下 21章 · 发现版 (10s, 3016字)
[gen] 历代志下 22章 · 讲解版 …
[ok] 历代志下 22章 · 讲解版 (12s, 3844字)
[gen] 历代志下 22章 · 发现版 …
[ok] 历代志下 22章 · 发现版 (10s, 2963字)
[gen] 历代志下 23章 · 讲解版 …
[ok] 历代志下 23章 · 讲解版 (12s, 3641字)
[gen] 历代志下 23章 · 发现版 …
[ok] 历代志下 23章 · 发现版 (8s, 2718字)
[gen] 历代志下 24章 · 讲解版 …
[ok] 历代志下 24章 · 讲解版 (12s, 3876字)
[gen] 历代志下 24章 · 发现版 …
[ok] 历代志下 24章 · 发现版 (9s, 2660字)
[gen] 历代志下 25章 · 讲解版 …
[ok] 历代志下 25章 · 讲解版 (14s, 4389字)
[gen] 历代志下 25章 · 发现版 …
[ok] 历代志下 25章 · 发现版 (9s, 2943字)
[gen] 历代志下 26章 · 讲解版 …
[ok] 历代志下 26章 · 讲解版 (13s, 4010字)
[gen] 历代志下 26章 · 发现版 …
[ok] 历代志下 26章 · 发现版 (10s, 3396字)
[gen] 历代志下 27章 · 讲解版 …
[ok] 历代志下 27章 · 讲解版 (12s, 3764字)
[gen] 历代志下 27章 · 发现版 …
[ok] 历代志下 27章 · 发现版 (9s, 2930字)
[gen] 历代志下 28章 · 讲解版 …
[ok] 历代志下 28章 · 讲解版 (13s, 3829字)
[gen] 历代志下 28章 · 发现版 …
[ok] 历代志下 28章 · 发现版 (10s, 3256字)
[gen] 历代志下 29章 · 讲解版 …
[ok] 历代志下 29章 · 讲解版 (13s, 4163字)
[gen] 历代志下 29章 · 发现版 …
[ok] 历代志下 29章 · 发现版 (11s, 3914字)
[gen] 历代志下 30章 · 讲解版 …
[ok] 历代志下 30章 · 讲解版 (13s, 4172字)
[gen] 历代志下 30章 · 发现版 …
[ok] 历代志下 30章 · 发现版 (10s, 3371字)
[gen] 历代志下 31章 · 讲解版 …
[ok] 历代志下 31章 · 讲解版 (12s, 4092字)
[gen] 历代志下 31章 · 发现版 …
[ok] 历代志下 31章 · 发现版 (8s, 2815字)
[gen] 历代志下 32章 · 讲解版 …
[ok] 历代志下 32章 · 讲解版 (12s, 3912字)
[gen] 历代志下 32章 · 发现版 …
[ok] 历代志下 32章 · 发现版 (8s, 2746字)
[gen] 历代志下 33章 · 讲解版 …
[ok] 历代志下 33章 · 讲解版 (15s, 4591字)
[gen] 历代志下 33章 · 发现版 …
[ok] 历代志下 33章 · 发现版 (9s, 2912字)
[gen] 历代志下 34章 · 讲解版 …
[ok] 历代志下 34章 · 讲解版 (12s, 3753字)
[gen] 历代志下 34章 · 发现版 …
[ok] 历代志下 34章 · 发现版 (11s, 4038字)
[gen] 历代志下 35章 · 讲解版 …
[ok] 历代志下 35章 · 讲解版 (12s, 3931字)
[gen] 历代志下 35章 · 发现版 …
[ok] 历代志下 35章 · 发现版 (10s, 3480字)
[gen] 历代志下 36章 · 讲解版 …
[ok] 历代志下 36章 · 讲解版 (13s, 4303字)
[gen] 历代志下 36章 · 发现版 …
[ok] 历代志下 36章 · 发现版 (10s, 3287字)
[gen] 以斯拉记 1章 · 讲解版 …
[ok] 以斯拉记 1章 · 讲解版 (13s, 4104字)
[gen] 以斯拉记 1章 · 发现版 …
[ok] 以斯拉记 1章 · 发现版 (10s, 3287字)
[gen] 以斯拉记 2章 · 讲解版 …
[ok] 以斯拉记 2章 · 讲解版 (12s, 3934字)
[gen] 以斯拉记 2章 · 发现版 …
[ok] 以斯拉记 2章 · 发现版 (10s, 3264字)
[gen] 以斯拉记 3章 · 讲解版 …
[ok] 以斯拉记 3章 · 讲解版 (11s, 3470字)
[gen] 以斯拉记 3章 · 发现版 …
[ok] 以斯拉记 3章 · 发现版 (9s, 3232字)
[gen] 以斯拉记 4章 · 讲解版 …
[ok] 以斯拉记 4章 · 讲解版 (16s, 4749字)
[gen] 以斯拉记 4章 · 发现版 …
[ok] 以斯拉记 4章 · 发现版 (9s, 3094字)
[gen] 以斯拉记 5章 · 讲解版 …
[ok] 以斯拉记 5章 · 讲解版 (11s, 3216字)
[gen] 以斯拉记 5章 · 发现版 …
[ok] 以斯拉记 5章 · 发现版 (10s, 3137字)
[gen] 以斯拉记 6章 · 讲解版 …
[ok] 以斯拉记 6章 · 讲解版 (11s, 3346字)
[gen] 以斯拉记 6章 · 发现版 …
[ok] 以斯拉记 6章 · 发现版 (10s, 3187字)
[gen] 以斯拉记 7章 · 讲解版 …
[ok] 以斯拉记 7章 · 讲解版 (15s, 4690字)
[gen] 以斯拉记 7章 · 发现版 …
[ok] 以斯拉记 7章 · 发现版 (10s, 3141字)
[gen] 以斯拉记 8章 · 讲解版 …
[ok] 以斯拉记 8章 · 讲解版 (13s, 3909字)
[gen] 以斯拉记 8章 · 发现版 …
[ok] 以斯拉记 8章 · 发现版 (11s, 3640字)
[gen] 以斯拉记 9章 · 讲解版 …
[ok] 以斯拉记 9章 · 讲解版 (12s, 3914字)
[gen] 以斯拉记 9章 · 发现版 …
[ok] 以斯拉记 9章 · 发现版 (10s, 2958字)
[gen] 以斯拉记 10章 · 讲解版 …
[ok] 以斯拉记 10章 · 讲解版 (13s, 4167字)
[gen] 以斯拉记 10章 · 发现版 …
[ok] 以斯拉记 10章 · 发现版 (11s, 3648字)
[gen] 尼希米记 1章 · 讲解版 …
[ok] 尼希米记 1章 · 讲解版 (11s, 3999字)
[gen] 尼希米记 1章 · 发现版 …
[ok] 尼希米记 1章 · 发现版 (8s, 2671字)
[gen] 尼希米记 2章 · 讲解版 …
[ok] 尼希米记 2章 · 讲解版 (13s, 4166字)
[gen] 尼希米记 2章 · 发现版 …
[ok] 尼希米记 2章 · 发现版 (10s, 3068字)
[gen] 尼希米记 3章 · 讲解版 …
[ok] 尼希米记 3章 · 讲解版 (15s, 4490字)
[gen] 尼希米记 3章 · 发现版 …
[ok] 尼希米记 3章 · 发现版 (10s, 3260字)
[gen] 尼希米记 4章 · 讲解版 …
[ok] 尼希米记 4章 · 讲解版 (13s, 4157字)
[gen] 尼希米记 4章 · 发现版 …
[ok] 尼希米记 4章 · 发现版 (9s, 2773字)
[gen] 尼希米记 5章 · 讲解版 …
[ok] 尼希米记 5章 · 讲解版 (15s, 4764字)
[gen] 尼希米记 5章 · 发现版 …
[ok] 尼希米记 5章 · 发现版 (10s, 3208字)
[gen] 尼希米记 6章 · 讲解版 …
[ok] 尼希米记 6章 · 讲解版 (14s, 4228字)
[gen] 尼希米记 6章 · 发现版 …
[ok] 尼希米记 6章 · 发现版 (8s, 2538字)
[gen] 尼希米记 7章 · 讲解版 …
[ok] 尼希米记 7章 · 讲解版 (14s, 4114字)
[gen] 尼希米记 7章 · 发现版 …
[ok] 尼希米记 7章 · 发现版 (10s, 3327字)
[gen] 尼希米记 8章 · 讲解版 …
[ok] 尼希米记 8章 · 讲解版 (11s, 3637字)
[gen] 尼希米记 8章 · 发现版 …
[ok] 尼希米记 8章 · 发现版 (9s, 2873字)
[gen] 尼希米记 9章 · 讲解版 …
[ok] 尼希米记 9章 · 讲解版 (14s, 4520字)
[gen] 尼希米记 9章 · 发现版 …
[ok] 尼希米记 9章 · 发现版 (14s, 4358字)
[gen] 尼希米记 10章 · 讲解版 …
[ok] 尼希米记 10章 · 讲解版 (14s, 4464字)
[gen] 尼希米记 10章 · 发现版 …
[ok] 尼希米记 10章 · 发现版 (13s, 3953字)
[gen] 尼希米记 11章 · 讲解版 …
[ok] 尼希米记 11章 · 讲解版 (15s, 4486字)
[gen] 尼希米记 11章 · 发现版 …
[ok] 尼希米记 11章 · 发现版 (11s, 3722字)
[gen] 尼希米记 12章 · 讲解版 …
[ok] 尼希米记 12章 · 讲解版 (14s, 4225字)
[gen] 尼希米记 12章 · 发现版 …
[ok] 尼希米记 12章 · 发现版 (9s, 2956字)
[gen] 尼希米记 13章 · 讲解版 …
[ok] 尼希米记 13章 · 讲解版 (16s, 4595字)
[gen] 尼希米记 13章 · 发现版 …
[ok] 尼希米记 13章 · 发现版 (12s, 3771字)
[gen] 以斯帖记 1章 · 讲解版 …
[ok] 以斯帖记 1章 · 讲解版 (14s, 3992字)
[gen] 以斯帖记 1章 · 发现版 …
[ok] 以斯帖记 1章 · 发现版 (12s, 3667字)
[gen] 以斯帖记 2章 · 讲解版 …
[ok] 以斯帖记 2章 · 讲解版 (19s, 5471字)
[gen] 以斯帖记 2章 · 发现版 …
[ok] 以斯帖记 2章 · 发现版 (11s, 3523字)
[gen] 以斯帖记 3章 · 讲解版 …
[ok] 以斯帖记 3章 · 讲解版 (15s, 4286字)
[gen] 以斯帖记 3章 · 发现版 …
[ok] 以斯帖记 3章 · 发现版 (10s, 3243字)
[gen] 以斯帖记 4章 · 讲解版 …
[ok] 以斯帖记 4章 · 讲解版 (15s, 4394字)
[gen] 以斯帖记 4章 · 发现版 …
[ok] 以斯帖记 4章 · 发现版 (9s, 2671字)
[gen] 以斯帖记 5章 · 讲解版 …
[ok] 以斯帖记 5章 · 讲解版 (12s, 3426字)
[gen] 以斯帖记 5章 · 发现版 …
[ok] 以斯帖记 5章 · 发现版 (10s, 3000字)
[gen] 以斯帖记 6章 · 讲解版 …
[ok] 以斯帖记 6章 · 讲解版 (13s, 4031字)
[gen] 以斯帖记 6章 · 发现版 …
[ok] 以斯帖记 6章 · 发现版 (11s, 3345字)
[gen] 以斯帖记 7章 · 讲解版 …
[ok] 以斯帖记 7章 · 讲解版 (13s, 3674字)
[gen] 以斯帖记 7章 · 发现版 …
[ok] 以斯帖记 7章 · 发现版 (10s, 2997字)
[gen] 以斯帖记 8章 · 讲解版 …
[ok] 以斯帖记 8章 · 讲解版 (14s, 4025字)
[gen] 以斯帖记 8章 · 发现版 …
[ok] 以斯帖记 8章 · 发现版 (8s, 2499字)
[gen] 以斯帖记 9章 · 讲解版 …
[ok] 以斯帖记 9章 · 讲解版 (12s, 3540字)
[gen] 以斯帖记 9章 · 发现版 …
[ok] 以斯帖记 9章 · 发现版 (11s, 3370字)
[gen] 以斯帖记 10章 · 讲解版 …
[ok] 以斯帖记 10章 · 讲解版 (12s, 3565字)
[gen] 以斯帖记 10章 · 发现版 …
[ok] 以斯帖记 10章 · 发现版 (9s, 2758字)
[gen] 约伯记 1章 · 讲解版 …
[ok] 约伯记 1章 · 讲解版 (15s, 5239字)
[gen] 约伯记 1章 · 发现版 …
[ok] 约伯记 1章 · 发现版 (39s, 2313字)
[gen] 约伯记 2章 · 讲解版 …
[ok] 约伯记 2章 · 讲解版 (14s, 3860字)
[gen] 约伯记 2章 · 发现版 …
[ok] 约伯记 2章 · 发现版 (11s, 3060字)
[gen] 约伯记 3章 · 讲解版 …
[ok] 约伯记 3章 · 讲解版 (15s, 3648字)
[gen] 约伯记 3章 · 发现版 …
[ok] 约伯记 3章 · 发现版 (10s, 2928字)
[gen] 约伯记 4章 · 讲解版 …
[ok] 约伯记 4章 · 讲解版 (17s, 4963字)
[gen] 约伯记 4章 · 发现版 …
[ok] 约伯记 4章 · 发现版 (9s, 2563字)
[gen] 约伯记 5章 · 讲解版 …
[ok] 约伯记 5章 · 讲解版 (14s, 4076字)
[gen] 约伯记 5章 · 发现版 …
[ok] 约伯记 5章 · 发现版 (10s, 2821字)
[gen] 约伯记 6章 · 讲解版 …
[ok] 约伯记 6章 · 讲解版 (15s, 4127字)
[gen] 约伯记 6章 · 发现版 …
[ok] 约伯记 6章 · 发现版 (9s, 2686字)
[gen] 约伯记 7章 · 讲解版 …
[ok] 约伯记 7章 · 讲解版 (15s, 3926字)
[gen] 约伯记 7章 · 发现版 …
[ok] 约伯记 7章 · 发现版 (11s, 2842字)
[gen] 约伯记 8章 · 讲解版 …
[ok] 约伯记 8章 · 讲解版 (17s, 4513字)
[gen] 约伯记 8章 · 发现版 …
[ok] 约伯记 8章 · 发现版 (10s, 2846字)
[gen] 约伯记 9章 · 讲解版 …
[ok] 约伯记 9章 · 讲解版 (14s, 3856字)
[gen] 约伯记 9章 · 发现版 …
[ok] 约伯记 9章 · 发现版 (9s, 2529字)
[gen] 约伯记 10章 · 讲解版 …
[ok] 约伯记 10章 · 讲解版 (14s, 3706字)
[gen] 约伯记 10章 · 发现版 …
[ok] 约伯记 10章 · 发现版 (9s, 2592字)
[gen] 约伯记 11章 · 讲解版 …
[ok] 约伯记 11章 · 讲解版 (12s, 3388字)
[gen] 约伯记 11章 · 发现版 …
[ok] 约伯记 11章 · 发现版 (9s, 2664字)
[gen] 约伯记 12章 · 讲解版 …
[ok] 约伯记 12章 · 讲解版 (13s, 3421字)
[gen] 约伯记 12章 · 发现版 …
[ok] 约伯记 12章 · 发现版 (9s, 2767字)
[gen] 约伯记 13章 · 讲解版 …
[ok] 约伯记 13章 · 讲解版 (13s, 3655字)
[gen] 约伯记 13章 · 发现版 …
[ok] 约伯记 13章 · 发现版 (9s, 2779字)
[gen] 约伯记 14章 · 讲解版 …
[ok] 约伯记 14章 · 讲解版 (13s, 3793字)
[gen] 约伯记 14章 · 发现版 …
[ok] 约伯记 14章 · 发现版 (9s, 2608字)
[gen] 约伯记 15章 · 讲解版 …
[ok] 约伯记 15章 · 讲解版 (12s, 3377字)
[gen] 约伯记 15章 · 发现版 …
[ok] 约伯记 15章 · 发现版 (9s, 2574字)
[gen] 约伯记 16章 · 讲解版 …
[ok] 约伯记 16章 · 讲解版 (14s, 3836字)
[gen] 约伯记 16章 · 发现版 …
[ok] 约伯记 16章 · 发现版 (9s, 2740字)
[gen] 约伯记 17章 · 讲解版 …
[ok] 约伯记 17章 · 讲解版 (13s, 3734字)
[gen] 约伯记 17章 · 发现版 …
[ok] 约伯记 17章 · 发现版 (8s, 2404字)
[gen] 约伯记 18章 · 讲解版 …
[ok] 约伯记 18章 · 讲解版 (14s, 3814字)
[gen] 约伯记 18章 · 发现版 …
[ok] 约伯记 18章 · 发现版 (8s, 2204字)
[gen] 约伯记 19章 · 讲解版 …
[ok] 约伯记 19章 · 讲解版 (12s, 3265字)
[gen] 约伯记 19章 · 发现版 …
[ok] 约伯记 19章 · 发现版 (11s, 3335字)
[gen] 约伯记 20章 · 讲解版 …
[ok] 约伯记 20章 · 讲解版 (14s, 3819字)
[gen] 约伯记 20章 · 发现版 …
[ok] 约伯记 20章 · 发现版 (11s, 3145字)
[gen] 约伯记 21章 · 讲解版 …
[ok] 约伯记 21章 · 讲解版 (12s, 3404字)
[gen] 约伯记 21章 · 发现版 …
[ok] 约伯记 21章 · 发现版 (11s, 3590字)
[gen] 约伯记 22章 · 讲解版 …
[ok] 约伯记 22章 · 讲解版 (16s, 4616字)
[gen] 约伯记 22章 · 发现版 …
[ok] 约伯记 22章 · 发现版 (10s, 2694字)
[gen] 约伯记 23章 · 讲解版 …
[ok] 约伯记 23章 · 讲解版 (14s, 3660字)
[gen] 约伯记 23章 · 发现版 …
[ok] 约伯记 23章 · 发现版 (12s, 3058字)
[gen] 约伯记 24章 · 讲解版 …
[ok] 约伯记 24章 · 讲解版 (17s, 3985字)
[gen] 约伯记 24章 · 发现版 …
[ok] 约伯记 24章 · 发现版 (16s, 3999字)
[gen] 约伯记 25章 · 讲解版 …
[ok] 约伯记 25章 · 讲解版 (12s, 3187字)
[gen] 约伯记 25章 · 发现版 …
[ok] 约伯记 25章 · 发现版 (8s, 2047字)
[gen] 约伯记 26章 · 讲解版 …
[ok] 约伯记 26章 · 讲解版 (13s, 3465字)
[gen] 约伯记 26章 · 发现版 …
[ok] 约伯记 26章 · 发现版 (13s, 3352字)
[gen] 约伯记 27章 · 讲解版 …
[ok] 约伯记 27章 · 讲解版 (15s, 3866字)
[gen] 约伯记 27章 · 发现版 …
[ok] 约伯记 27章 · 发现版 (11s, 3051字)
[gen] 约伯记 28章 · 讲解版 …
[ok] 约伯记 28章 · 讲解版 (14s, 3593字)
[gen] 约伯记 28章 · 发现版 …
[ok] 约伯记 28章 · 发现版 (13s, 3500字)
[gen] 约伯记 29章 · 讲解版 …
[ok] 约伯记 29章 · 讲解版 (17s, 4361字)
[gen] 约伯记 29章 · 发现版 …
[ok] 约伯记 29章 · 发现版 (11s, 2886字)
[gen] 约伯记 30章 · 讲解版 …
[ok] 约伯记 30章 · 讲解版 (17s, 3970字)
[gen] 约伯记 30章 · 发现版 …
[ok] 约伯记 30章 · 发现版 (10s, 2721字)
[gen] 约伯记 31章 · 讲解版 …
[ok] 约伯记 31章 · 讲解版 (14s, 3633字)
[gen] 约伯记 31章 · 发现版 …
[ok] 约伯记 31章 · 发现版 (15s, 4010字)
[gen] 约伯记 32章 · 讲解版 …
[ok] 约伯记 32章 · 讲解版 (15s, 4047字)
[gen] 约伯记 32章 · 发现版 …
[ok] 约伯记 32章 · 发现版 (10s, 2731字)
[gen] 约伯记 33章 · 讲解版 …
[ok] 约伯记 33章 · 讲解版 (12s, 3435字)
[gen] 约伯记 33章 · 发现版 …
[ok] 约伯记 33章 · 发现版 (9s, 2492字)
[gen] 约伯记 34章 · 讲解版 …
[ok] 约伯记 34章 · 讲解版 (15s, 3966字)
[gen] 约伯记 34章 · 发现版 …
[ok] 约伯记 34章 · 发现版 (10s, 2823字)
[gen] 约伯记 35章 · 讲解版 …
[ok] 约伯记 35章 · 讲解版 (15s, 4058字)
[gen] 约伯记 35章 · 发现版 …
[ok] 约伯记 35章 · 发现版 (9s, 2390字)
[gen] 约伯记 36章 · 讲解版 …
[ok] 约伯记 36章 · 讲解版 (15s, 3956字)
[gen] 约伯记 36章 · 发现版 …
[ok] 约伯记 36章 · 发现版 (10s, 2796字)
[gen] 约伯记 37章 · 讲解版 …
[ok] 约伯记 37章 · 讲解版 (12s, 3251字)
[gen] 约伯记 37章 · 发现版 …
[ok] 约伯记 37章 · 发现版 (10s, 2760字)
[gen] 约伯记 38章 · 讲解版 …
[ok] 约伯记 38章 · 讲解版 (15s, 4186字)
[gen] 约伯记 38章 · 发现版 …
[ok] 约伯记 38章 · 发现版 (11s, 3276字)
[gen] 约伯记 39章 · 讲解版 …
[ok] 约伯记 39章 · 讲解版 (16s, 4186字)
[gen] 约伯记 39章 · 发现版 …
[ok] 约伯记 39章 · 发现版 (11s, 3074字)
[gen] 约伯记 40章 · 讲解版 …
[ok] 约伯记 40章 · 讲解版 (14s, 3529字)
[gen] 约伯记 40章 · 发现版 …
[ok] 约伯记 40章 · 发现版 (10s, 2664字)
[gen] 约伯记 41章 · 讲解版 …
[ok] 约伯记 41章 · 讲解版 (14s, 3615字)
[gen] 约伯记 41章 · 发现版 …
[ok] 约伯记 41章 · 发现版 (9s, 2325字)
[gen] 约伯记 42章 · 讲解版 …
[ok] 约伯记 42章 · 讲解版 (15s, 3944字)
[gen] 约伯记 42章 · 发现版 …
[ok] 约伯记 42章 · 发现版 (11s, 3125字)
[gen] 诗篇 1章 · 讲解版 …
[ok] 诗篇 1章 · 讲解版 (12s, 3419字)
[gen] 诗篇 1章 · 发现版 …
[ok] 诗篇 1章 · 发现版 (10s, 2713字)
[gen] 诗篇 2章 · 讲解版 …
[ok] 诗篇 2章 · 讲解版 (13s, 3396字)
[gen] 诗篇 2章 · 发现版 …
[ok] 诗篇 2章 · 发现版 (10s, 2674字)
[gen] 诗篇 3章 · 讲解版 …
[ok] 诗篇 3章 · 讲解版 (11s, 3011字)
[gen] 诗篇 3章 · 发现版 …
[ok] 诗篇 3章 · 发现版 (9s, 2453字)
[gen] 诗篇 4章 · 讲解版 …
[ok] 诗篇 4章 · 讲解版 (12s, 3333字)
[gen] 诗篇 4章 · 发现版 …
[ok] 诗篇 4章 · 发现版 (10s, 2582字)
[gen] 诗篇 5章 · 讲解版 …
[ok] 诗篇 5章 · 讲解版 (13s, 3633字)
[gen] 诗篇 5章 · 发现版 …
[ok] 诗篇 5章 · 发现版 (9s, 2612字)
[gen] 诗篇 6章 · 讲解版 …
[ok] 诗篇 6章 · 讲解版 (12s, 3348字)
[gen] 诗篇 6章 · 发现版 …
[ok] 诗篇 6章 · 发现版 (10s, 2622字)
[gen] 诗篇 7章 · 讲解版 …
[ok] 诗篇 7章 · 讲解版 (14s, 3483字)
[gen] 诗篇 7章 · 发现版 …
[ok] 诗篇 7章 · 发现版 (9s, 2388字)
[gen] 诗篇 8章 · 讲解版 …
[ok] 诗篇 8章 · 讲解版 (13s, 3419字)
[gen] 诗篇 8章 · 发现版 …
[ok] 诗篇 8章 · 发现版 (9s, 2497字)
[gen] 诗篇 9章 · 讲解版 …
[ok] 诗篇 9章 · 讲解版 (13s, 3721字)
[gen] 诗篇 9章 · 发现版 …
[ok] 诗篇 9章 · 发现版 (9s, 2846字)
[gen] 诗篇 10章 · 讲解版 …
[ok] 诗篇 10章 · 讲解版 (13s, 3379字)
[gen] 诗篇 10章 · 发现版 …
[ok] 诗篇 10章 · 发现版 (8s, 2250字)
[gen] 诗篇 11章 · 讲解版 …
[ok] 诗篇 11章 · 讲解版 (13s, 3505字)
[gen] 诗篇 11章 · 发现版 …
[ok] 诗篇 11章 · 发现版 (9s, 2627字)
[gen] 诗篇 12章 · 讲解版 …
[ok] 诗篇 12章 · 讲解版 (11s, 3123字)
[gen] 诗篇 12章 · 发现版 …
[ok] 诗篇 12章 · 发现版 (12s, 3225字)
[gen] 诗篇 13章 · 讲解版 …
[ok] 诗篇 13章 · 讲解版 (12s, 3548字)
[gen] 诗篇 13章 · 发现版 …
[ok] 诗篇 13章 · 发现版 (9s, 2412字)
[gen] 诗篇 14章 · 讲解版 …
[ok] 诗篇 14章 · 讲解版 (12s, 3415字)
[gen] 诗篇 14章 · 发现版 …
[ok] 诗篇 14章 · 发现版 (7s, 2045字)
[gen] 诗篇 15章 · 讲解版 …
[ok] 诗篇 15章 · 讲解版 (11s, 3358字)
[gen] 诗篇 15章 · 发现版 …
[ok] 诗篇 15章 · 发现版 (9s, 2681字)
[gen] 诗篇 16章 · 讲解版 …
[ok] 诗篇 16章 · 讲解版 (14s, 3588字)
[gen] 诗篇 16章 · 发现版 …
[ok] 诗篇 16章 · 发现版 (10s, 2648字)
[gen] 诗篇 17章 · 讲解版 …
[ok] 诗篇 17章 · 讲解版 (15s, 4161字)
[gen] 诗篇 17章 · 发现版 …
[ok] 诗篇 17章 · 发现版 (9s, 2549字)
[gen] 诗篇 18章 · 讲解版 …
[ok] 诗篇 18章 · 讲解版 (16s, 4158字)
[gen] 诗篇 18章 · 发现版 …
[ok] 诗篇 18章 · 发现版 (13s, 3272字)
[gen] 诗篇 19章 · 讲解版 …
[ok] 诗篇 19章 · 讲解版 (13s, 3559字)
[gen] 诗篇 19章 · 发现版 …
[ok] 诗篇 19章 · 发现版 (10s, 2462字)
[gen] 诗篇 20章 · 讲解版 …
[ok] 诗篇 20章 · 讲解版 (10s, 2617字)
[gen] 诗篇 20章 · 发现版 …
[ok] 诗篇 20章 · 发现版 (11s, 2843字)
[gen] 诗篇 21章 · 讲解版 …
[ok] 诗篇 21章 · 讲解版 (11s, 2942字)
[gen] 诗篇 21章 · 发现版 …
[ok] 诗篇 21章 · 发现版 (8s, 2358字)
[gen] 诗篇 22章 · 讲解版 …
[ok] 诗篇 22章 · 讲解版 (15s, 3794字)
[gen] 诗篇 22章 · 发现版 …
[ok] 诗篇 22章 · 发现版 (13s, 3340字)
[gen] 诗篇 23章 · 讲解版 …
[ok] 诗篇 23章 · 讲解版 (15s, 4052字)
[gen] 诗篇 23章 · 发现版 …
[ok] 诗篇 23章 · 发现版 (10s, 2656字)
[gen] 诗篇 24章 · 讲解版 …
[ok] 诗篇 24章 · 讲解版 (15s, 3980字)
[gen] 诗篇 24章 · 发现版 …
[ok] 诗篇 24章 · 发现版 (9s, 2632字)
[gen] 诗篇 25章 · 讲解版 …
[ok] 诗篇 25章 · 讲解版 (13s, 3328字)
[gen] 诗篇 25章 · 发现版 …
[ok] 诗篇 25章 · 发现版 (10s, 2732字)
[gen] 诗篇 26章 · 讲解版 …
[ok] 诗篇 26章 · 讲解版 (11s, 3241字)
[gen] 诗篇 26章 · 发现版 …
[ok] 诗篇 26章 · 发现版 (9s, 2466字)
[gen] 诗篇 27章 · 讲解版 …
[ok] 诗篇 27章 · 讲解版 (13s, 3417字)
[gen] 诗篇 27章 · 发现版 …
[ok] 诗篇 27章 · 发现版 (10s, 2952字)
[gen] 诗篇 28章 · 讲解版 …
[ok] 诗篇 28章 · 讲解版 (13s, 3450字)
[gen] 诗篇 28章 · 发现版 …
[ok] 诗篇 28章 · 发现版 (10s, 2845字)
[gen] 诗篇 29章 · 讲解版 …
[ok] 诗篇 29章 · 讲解版 (15s, 3623字)
[gen] 诗篇 29章 · 发现版 …
[ok] 诗篇 29章 · 发现版 (11s, 2850字)
[gen] 诗篇 30章 · 讲解版 …
[ok] 诗篇 30章 · 讲解版 (15s, 4311字)
[gen] 诗篇 30章 · 发现版 …
[ok] 诗篇 30章 · 发现版 (10s, 2670字)
[gen] 诗篇 31章 · 讲解版 …
[ok] 诗篇 31章 · 讲解版 (13s, 3490字)
[gen] 诗篇 31章 · 发现版 …
[ok] 诗篇 31章 · 发现版 (13s, 3638字)
[gen] 诗篇 32章 · 讲解版 …
[ok] 诗篇 32章 · 讲解版 (11s, 3180字)
[gen] 诗篇 32章 · 发现版 …
[ok] 诗篇 32章 · 发现版 (9s, 2486字)
[gen] 诗篇 33章 · 讲解版 …
[ok] 诗篇 33章 · 讲解版 (13s, 3743字)
[gen] 诗篇 33章 · 发现版 …
[ok] 诗篇 33章 · 发现版 (9s, 2382字)
[gen] 诗篇 34章 · 讲解版 …
[ok] 诗篇 34章 · 讲解版 (16s, 4249字)
[gen] 诗篇 34章 · 发现版 …
[ok] 诗篇 34章 · 发现版 (11s, 2931字)
[gen] 诗篇 35章 · 讲解版 …
[ok] 诗篇 35章 · 讲解版 (13s, 3330字)
[gen] 诗篇 35章 · 发现版 …
[ok] 诗篇 35章 · 发现版 (11s, 3181字)
[gen] 诗篇 36章 · 讲解版 …
[ok] 诗篇 36章 · 讲解版 (13s, 3450字)
[gen] 诗篇 36章 · 发现版 …
[ok] 诗篇 36章 · 发现版 (10s, 3088字)
[gen] 诗篇 37章 · 讲解版 …
[ok] 诗篇 37章 · 讲解版 (15s, 4314字)
[gen] 诗篇 37章 · 发现版 …
[ok] 诗篇 37章 · 发现版 (12s, 3260字)
[gen] 诗篇 38章 · 讲解版 …
[ok] 诗篇 38章 · 讲解版 (15s, 3949字)
[gen] 诗篇 38章 · 发现版 …
[ok] 诗篇 38章 · 发现版 (11s, 3039字)
[gen] 诗篇 39章 · 讲解版 …
[ok] 诗篇 39章 · 讲解版 (13s, 3324字)
[gen] 诗篇 39章 · 发现版 …
[ok] 诗篇 39章 · 发现版 (10s, 2892字)
[gen] 诗篇 40章 · 讲解版 …
[ok] 诗篇 40章 · 讲解版 (15s, 4024字)
[gen] 诗篇 40章 · 发现版 …
[ok] 诗篇 40章 · 发现版 (13s, 3646字)
[gen] 诗篇 41章 · 讲解版 …
[ok] 诗篇 41章 · 讲解版 (11s, 3109字)
[gen] 诗篇 41章 · 发现版 …
[ok] 诗篇 41章 · 发现版 (9s, 2237字)
[gen] 诗篇 42章 · 讲解版 …
[ok] 诗篇 42章 · 讲解版 (13s, 3745字)
[gen] 诗篇 42章 · 发现版 …
[ok] 诗篇 42章 · 发现版 (10s, 2706字)
[gen] 诗篇 43章 · 讲解版 …
[ok] 诗篇 43章 · 讲解版 (13s, 3557字)
[gen] 诗篇 43章 · 发现版 …
[ok] 诗篇 43章 · 发现版 (10s, 3050字)
[gen] 诗篇 44章 · 讲解版 …
[ok] 诗篇 44章 · 讲解版 (15s, 4316字)
[gen] 诗篇 44章 · 发现版 …
[ok] 诗篇 44章 · 发现版 (13s, 3840字)
[gen] 诗篇 45章 · 讲解版 …
[ok] 诗篇 45章 · 讲解版 (12s, 3355字)
[gen] 诗篇 45章 · 发现版 …
[ok] 诗篇 45章 · 发现版 (9s, 2649字)
[gen] 诗篇 46章 · 讲解版 …
[ok] 诗篇 46章 · 讲解版 (15s, 3853字)
[gen] 诗篇 46章 · 发现版 …
[ok] 诗篇 46章 · 发现版 (12s, 3331字)
[gen] 诗篇 47章 · 讲解版 …
[ok] 诗篇 47章 · 讲解版 (13s, 3523字)
[gen] 诗篇 47章 · 发现版 …
[ok] 诗篇 47章 · 发现版 (9s, 2456字)
[gen] 诗篇 48章 · 讲解版 …
[ok] 诗篇 48章 · 讲解版 (13s, 3513字)
[gen] 诗篇 48章 · 发现版 …
[ok] 诗篇 48章 · 发现版 (10s, 2730字)
[gen] 诗篇 49章 · 讲解版 …
[ok] 诗篇 49章 · 讲解版 (15s, 4266字)
[gen] 诗篇 49章 · 发现版 …
[ok] 诗篇 49章 · 发现版 (10s, 2441字)
[gen] 诗篇 50章 · 讲解版 …
[ok] 诗篇 50章 · 讲解版 (13s, 3365字)
[gen] 诗篇 50章 · 发现版 …
[ok] 诗篇 50章 · 发现版 (12s, 3265字)
[gen] 诗篇 51章 · 讲解版 …
[ok] 诗篇 51章 · 讲解版 (14s, 3685字)
[gen] 诗篇 51章 · 发现版 …
[ok] 诗篇 51章 · 发现版 (12s, 3228字)
[gen] 诗篇 52章 · 讲解版 …
[ok] 诗篇 52章 · 讲解版 (14s, 3741字)
[gen] 诗篇 52章 · 发现版 …
[ok] 诗篇 52章 · 发现版 (8s, 2388字)
[gen] 诗篇 53章 · 讲解版 …
[ok] 诗篇 53章 · 讲解版 (15s, 3888字)
[gen] 诗篇 53章 · 发现版 …
[ok] 诗篇 53章 · 发现版 (9s, 2572字)
[gen] 诗篇 54章 · 讲解版 …
[ok] 诗篇 54章 · 讲解版 (15s, 3770字)
[gen] 诗篇 54章 · 发现版 …
[ok] 诗篇 54章 · 发现版 (9s, 2616字)
[gen] 诗篇 55章 · 讲解版 …
[ok] 诗篇 55章 · 讲解版 (14s, 3644字)
[gen] 诗篇 55章 · 发现版 …
[ok] 诗篇 55章 · 发现版 (10s, 2501字)
[gen] 诗篇 56章 · 讲解版 …
[ok] 诗篇 56章 · 讲解版 (16s, 4141字)
[gen] 诗篇 56章 · 发现版 …
[ok] 诗篇 56章 · 发现版 (11s, 3229字)
[gen] 诗篇 57章 · 讲解版 …
[ok] 诗篇 57章 · 讲解版 (14s, 3326字)
[gen] 诗篇 57章 · 发现版 …
[ok] 诗篇 57章 · 发现版 (10s, 2668字)
[gen] 诗篇 58章 · 讲解版 …
[ok] 诗篇 58章 · 讲解版 (14s, 3427字)
[gen] 诗篇 58章 · 发现版 …
[ok] 诗篇 58章 · 发现版 (10s, 2722字)
[gen] 诗篇 59章 · 讲解版 …
[ok] 诗篇 59章 · 讲解版 (13s, 3573字)
[gen] 诗篇 59章 · 发现版 …
[ok] 诗篇 59章 · 发现版 (10s, 2920字)
[gen] 诗篇 60章 · 讲解版 …
[ok] 诗篇 60章 · 讲解版 (11s, 3108字)
[gen] 诗篇 60章 · 发现版 …
[ok] 诗篇 60章 · 发现版 (11s, 2897字)
[gen] 诗篇 61章 · 讲解版 …
[ok] 诗篇 61章 · 讲解版 (13s, 3284字)
[gen] 诗篇 61章 · 发现版 …
[ok] 诗篇 61章 · 发现版 (10s, 2793字)
[gen] 诗篇 62章 · 讲解版 …
[ok] 诗篇 62章 · 讲解版 (16s, 4059字)
[gen] 诗篇 62章 · 发现版 …
[ok] 诗篇 62章 · 发现版 (11s, 2841字)
[gen] 诗篇 63章 · 讲解版 …
[ok] 诗篇 63章 · 讲解版 (15s, 4046字)
[gen] 诗篇 63章 · 发现版 …
[ok] 诗篇 63章 · 发现版 (9s, 2474字)
[gen] 诗篇 64章 · 讲解版 …
[ok] 诗篇 64章 · 讲解版 (14s, 3293字)
[gen] 诗篇 64章 · 发现版 …
[ok] 诗篇 64章 · 发现版 (8s, 2194字)
[gen] 诗篇 65章 · 讲解版 …
[ok] 诗篇 65章 · 讲解版 (14s, 3712字)
[gen] 诗篇 65章 · 发现版 …
[ok] 诗篇 65章 · 发现版 (10s, 2605字)
[gen] 诗篇 66章 · 讲解版 …
[ok] 诗篇 66章 · 讲解版 (12s, 3254字)
[gen] 诗篇 66章 · 发现版 …
[ok] 诗篇 66章 · 发现版 (14s, 3720字)
[gen] 诗篇 67章 · 讲解版 …
[ok] 诗篇 67章 · 讲解版 (13s, 3296字)
[gen] 诗篇 67章 · 发现版 …
[ok] 诗篇 67章 · 发现版 (11s, 2859字)
[gen] 诗篇 68章 · 讲解版 …
[ok] 诗篇 68章 · 讲解版 (14s, 3635字)
[gen] 诗篇 68章 · 发现版 …
[ok] 诗篇 68章 · 发现版 (10s, 2551字)
[gen] 诗篇 69章 · 讲解版 …
[ok] 诗篇 69章 · 讲解版 (16s, 4190字)
[gen] 诗篇 69章 · 发现版 …
[ok] 诗篇 69章 · 发现版 (11s, 3017字)
[gen] 诗篇 70章 · 讲解版 …
[ok] 诗篇 70章 · 讲解版 (12s, 2816字)
[gen] 诗篇 70章 · 发现版 …
[ok] 诗篇 70章 · 发现版 (9s, 2350字)
[gen] 诗篇 71章 · 讲解版 …
[ok] 诗篇 71章 · 讲解版 (13s, 3653字)
[gen] 诗篇 71章 · 发现版 …
[ok] 诗篇 71章 · 发现版 (9s, 2617字)
[gen] 诗篇 72章 · 讲解版 …
[ok] 诗篇 72章 · 讲解版 (16s, 4021字)
[gen] 诗篇 72章 · 发现版 …
[ok] 诗篇 72章 · 发现版 (10s, 2623字)
[gen] 诗篇 73章 · 讲解版 …
[ok] 诗篇 73章 · 讲解版 (14s, 3675字)
[gen] 诗篇 73章 · 发现版 …
[ok] 诗篇 73章 · 发现版 (9s, 2512字)
[gen] 诗篇 74章 · 讲解版 …
[ok] 诗篇 74章 · 讲解版 (17s, 4390字)
[gen] 诗篇 74章 · 发现版 …
[ok] 诗篇 74章 · 发现版 (11s, 3105字)
[gen] 诗篇 75章 · 讲解版 …
[ok] 诗篇 75章 · 讲解版 (15s, 4016字)
[gen] 诗篇 75章 · 发现版 …
[ok] 诗篇 75章 · 发现版 (10s, 2878字)
[gen] 诗篇 76章 · 讲解版 …
[ok] 诗篇 76章 · 讲解版 (14s, 3567字)
[gen] 诗篇 76章 · 发现版 …
[ok] 诗篇 76章 · 发现版 (10s, 2470字)
[gen] 诗篇 77章 · 讲解版 …
[ok] 诗篇 77章 · 讲解版 (15s, 4157字)
[gen] 诗篇 77章 · 发现版 …
[ok] 诗篇 77章 · 发现版 (10s, 2630字)
[gen] 诗篇 78章 · 讲解版 …
[ok] 诗篇 78章 · 讲解版 (17s, 4467字)
[gen] 诗篇 78章 · 发现版 …
[ok] 诗篇 78章 · 发现版 (13s, 3229字)
[gen] 诗篇 79章 · 讲解版 …
[ok] 诗篇 79章 · 讲解版 (14s, 3542字)
[gen] 诗篇 79章 · 发现版 …
[ok] 诗篇 79章 · 发现版 (11s, 2982字)
[gen] 诗篇 80章 · 讲解版 …
[ok] 诗篇 80章 · 讲解版 (13s, 3005字)
[gen] 诗篇 80章 · 发现版 …
[ok] 诗篇 80章 · 发现版 (15s, 3766字)
[gen] 诗篇 81章 · 讲解版 …
[ok] 诗篇 81章 · 讲解版 (13s, 3344字)
[gen] 诗篇 81章 · 发现版 …
[ok] 诗篇 81章 · 发现版 (11s, 2925字)
[gen] 诗篇 82章 · 讲解版 …
[ok] 诗篇 82章 · 讲解版 (13s, 3545字)
[gen] 诗篇 82章 · 发现版 …
[ok] 诗篇 82章 · 发现版 (12s, 2947字)
[gen] 诗篇 83章 · 讲解版 …
[ok] 诗篇 83章 · 讲解版 (16s, 4206字)
[gen] 诗篇 83章 · 发现版 …
[ok] 诗篇 83章 · 发现版 (13s, 3262字)
[gen] 诗篇 84章 · 讲解版 …
[ok] 诗篇 84章 · 讲解版 (14s, 3391字)
[gen] 诗篇 84章 · 发现版 …
[ok] 诗篇 84章 · 发现版 (9s, 2455字)
[gen] 诗篇 85章 · 讲解版 …
[ok] 诗篇 85章 · 讲解版 (18s, 4198字)
[gen] 诗篇 85章 · 发现版 …
[ok] 诗篇 85章 · 发现版 (11s, 2569字)
[gen] 诗篇 86章 · 讲解版 …
[ok] 诗篇 86章 · 讲解版 (16s, 3816字)
[gen] 诗篇 86章 · 发现版 …
[ok] 诗篇 86章 · 发现版 (13s, 2878字)
[gen] 诗篇 87章 · 讲解版 …
[ok] 诗篇 87章 · 讲解版 (15s, 3569字)
[gen] 诗篇 87章 · 发现版 …
[ok] 诗篇 87章 · 发现版 (11s, 2707字)
[gen] 诗篇 88章 · 讲解版 …
[ok] 诗篇 88章 · 讲解版 (17s, 3993字)
[gen] 诗篇 88章 · 发现版 …
[ok] 诗篇 88章 · 发现版 (9s, 2434字)
[gen] 诗篇 89章 · 讲解版 …
[ok] 诗篇 89章 · 讲解版 (15s, 3646字)
[gen] 诗篇 89章 · 发现版 …
[ok] 诗篇 89章 · 发现版 (13s, 3178字)
[gen] 诗篇 90章 · 讲解版 …
[ok] 诗篇 90章 · 讲解版 (21s, 5218字)
[gen] 诗篇 90章 · 发现版 …
[ok] 诗篇 90章 · 发现版 (10s, 2604字)
[gen] 诗篇 91章 · 讲解版 …
[ok] 诗篇 91章 · 讲解版 (15s, 3729字)
[gen] 诗篇 91章 · 发现版 …
[ok] 诗篇 91章 · 发现版 (12s, 3042字)
[gen] 诗篇 92章 · 讲解版 …
[ok] 诗篇 92章 · 讲解版 (18s, 4673字)
[gen] 诗篇 92章 · 发现版 …
[ok] 诗篇 92章 · 发现版 (12s, 3201字)
[gen] 诗篇 93章 · 讲解版 …
[ok] 诗篇 93章 · 讲解版 (17s, 3833字)
[gen] 诗篇 93章 · 发现版 …
[ok] 诗篇 93章 · 发现版 (10s, 2464字)
[gen] 诗篇 94章 · 讲解版 …
[ok] 诗篇 94章 · 讲解版 (16s, 3758字)
[gen] 诗篇 94章 · 发现版 …
[ok] 诗篇 94章 · 发现版 (11s, 2585字)
[gen] 诗篇 95章 · 讲解版 …
[ok] 诗篇 95章 · 讲解版 (14s, 3515字)
[gen] 诗篇 95章 · 发现版 …
[ok] 诗篇 95章 · 发现版 (12s, 2771字)
[gen] 诗篇 96章 · 讲解版 …
[ok] 诗篇 96章 · 讲解版 (18s, 4400字)
[gen] 诗篇 96章 · 发现版 …
[ok] 诗篇 96章 · 发现版 (12s, 2913字)
[gen] 诗篇 97章 · 讲解版 …
[ok] 诗篇 97章 · 讲解版 (16s, 3630字)
[gen] 诗篇 97章 · 发现版 …
[ok] 诗篇 97章 · 发现版 (10s, 2394字)
[gen] 诗篇 98章 · 讲解版 …
[ok] 诗篇 98章 · 讲解版 (14s, 3387字)
[gen] 诗篇 98章 · 发现版 …
[ok] 诗篇 98章 · 发现版 (9s, 2262字)
[gen] 诗篇 99章 · 讲解版 …
[ok] 诗篇 99章 · 讲解版 (13s, 2955字)
[gen] 诗篇 99章 · 发现版 …
[ok] 诗篇 99章 · 发现版 (14s, 3480字)
[gen] 诗篇 100章 · 讲解版 …
[ok] 诗篇 100章 · 讲解版 (15s, 3706字)
[gen] 诗篇 100章 · 发现版 …
[ok] 诗篇 100章 · 发现版 (10s, 2605字)
[gen] 诗篇 101章 · 讲解版 …
[ok] 诗篇 101章 · 讲解版 (15s, 3678字)
[gen] 诗篇 101章 · 发现版 …
[ok] 诗篇 101章 · 发现版 (11s, 2710字)
[gen] 诗篇 102章 · 讲解版 …
[ok] 诗篇 102章 · 讲解版 (16s, 3713字)
[gen] 诗篇 102章 · 发现版 …
[ok] 诗篇 102章 · 发现版 (10s, 2369字)
[gen] 诗篇 103章 · 讲解版 …
[ok] 诗篇 103章 · 讲解版 (15s, 3768字)
[gen] 诗篇 103章 · 发现版 …
[ok] 诗篇 103章 · 发现版 (12s, 3238字)
[gen] 诗篇 104章 · 讲解版 …
[ok] 诗篇 104章 · 讲解版 (15s, 3494字)
[gen] 诗篇 104章 · 发现版 …
[ok] 诗篇 104章 · 发现版 (11s, 2770字)
[gen] 诗篇 105章 · 讲解版 …
[ok] 诗篇 105章 · 讲解版 (16s, 3826字)
[gen] 诗篇 105章 · 发现版 …
[ok] 诗篇 105章 · 发现版 (13s, 3070字)
[gen] 诗篇 106章 · 讲解版 …
[ok] 诗篇 106章 · 讲解版 (16s, 4016字)
[gen] 诗篇 106章 · 发现版 …
[ok] 诗篇 106章 · 发现版 (11s, 2335字)
[gen] 诗篇 107章 · 讲解版 …
[ok] 诗篇 107章 · 讲解版 (15s, 4151字)
[gen] 诗篇 107章 · 发现版 …
[ok] 诗篇 107章 · 发现版 (15s, 3770字)
[gen] 诗篇 108章 · 讲解版 …
[ok] 诗篇 108章 · 讲解版 (17s, 3957字)
[gen] 诗篇 108章 · 发现版 …
[ok] 诗篇 108章 · 发现版 (13s, 3123字)
[gen] 诗篇 109章 · 讲解版 …
[ok] 诗篇 109章 · 讲解版 (16s, 3763字)
[gen] 诗篇 109章 · 发现版 …
[ok] 诗篇 109章 · 发现版 (12s, 3071字)
[gen] 诗篇 110章 · 讲解版 …
[ok] 诗篇 110章 · 讲解版 (13s, 3161字)
[gen] 诗篇 110章 · 发现版 …
[ok] 诗篇 110章 · 发现版 (15s, 3802字)
[gen] 诗篇 111章 · 讲解版 …
[ok] 诗篇 111章 · 讲解版 (15s, 4063字)
[gen] 诗篇 111章 · 发现版 …
[ok] 诗篇 111章 · 发现版 (10s, 2495字)
[gen] 诗篇 112章 · 讲解版 …
[ok] 诗篇 112章 · 讲解版 (15s, 4081字)
[gen] 诗篇 112章 · 发现版 …
[ok] 诗篇 112章 · 发现版 (12s, 3043字)
[gen] 诗篇 113章 · 讲解版 …
[ok] 诗篇 113章 · 讲解版 (15s, 3622字)
[gen] 诗篇 113章 · 发现版 …
[ok] 诗篇 113章 · 发现版 (9s, 2164字)
[gen] 诗篇 114章 · 讲解版 …
[ok] 诗篇 114章 · 讲解版 (13s, 2951字)
[gen] 诗篇 114章 · 发现版 …
[ok] 诗篇 114章 · 发现版 (10s, 2591字)
[gen] 诗篇 115章 · 讲解版 …
[ok] 诗篇 115章 · 讲解版 (18s, 4796字)
[gen] 诗篇 115章 · 发现版 …
[ok] 诗篇 115章 · 发现版 (10s, 2377字)
[gen] 诗篇 116章 · 讲解版 …
[ok] 诗篇 116章 · 讲解版 (14s, 3064字)
[gen] 诗篇 116章 · 发现版 …
[ok] 诗篇 116章 · 发现版 (14s, 3224字)
[gen] 诗篇 117章 · 讲解版 …
[ok] 诗篇 117章 · 讲解版 (14s, 2875字)
[gen] 诗篇 117章 · 发现版 …
[ok] 诗篇 117章 · 发现版 (11s, 2487字)
[gen] 诗篇 118章 · 讲解版 …
[ok] 诗篇 118章 · 讲解版 (16s, 3853字)
[gen] 诗篇 118章 · 发现版 …
[ok] 诗篇 118章 · 发现版 (15s, 3686字)
[gen] 诗篇 119章 · 讲解版 …
[ok] 诗篇 119章 · 讲解版 (20s, 4852字)
[gen] 诗篇 119章 · 发现版 …
[ok] 诗篇 119章 · 发现版 (13s, 3230字)
[gen] 诗篇 120章 · 讲解版 …
[ok] 诗篇 120章 · 讲解版 (17s, 3726字)
[gen] 诗篇 120章 · 发现版 …
[ok] 诗篇 120章 · 发现版 (11s, 2699字)
[gen] 诗篇 121章 · 讲解版 …
[ok] 诗篇 121章 · 讲解版 (16s, 3581字)
[gen] 诗篇 121章 · 发现版 …
[ok] 诗篇 121章 · 发现版 (12s, 2742字)
[gen] 诗篇 122章 · 讲解版 …
[ok] 诗篇 122章 · 讲解版 (15s, 3542字)
[gen] 诗篇 122章 · 发现版 …
[ok] 诗篇 122章 · 发现版 (11s, 2710字)
[gen] 诗篇 123章 · 讲解版 …
[ok] 诗篇 123章 · 讲解版 (17s, 4200字)
[gen] 诗篇 123章 · 发现版 …
[ok] 诗篇 123章 · 发现版 (13s, 3089字)
[gen] 诗篇 124章 · 讲解版 …
[ok] 诗篇 124章 · 讲解版 (16s, 3691字)
[gen] 诗篇 124章 · 发现版 …
[ok] 诗篇 124章 · 发现版 (12s, 3117字)
[gen] 诗篇 125章 · 讲解版 …
[ok] 诗篇 125章 · 讲解版 (16s, 3659字)
[gen] 诗篇 125章 · 发现版 …
[ok] 诗篇 125章 · 发现版 (11s, 2633字)
[gen] 诗篇 126章 · 讲解版 …
[ok] 诗篇 126章 · 讲解版 (17s, 3523字)
[gen] 诗篇 126章 · 发现版 …
[ok] 诗篇 126章 · 发现版 (12s, 2938字)
[gen] 诗篇 127章 · 讲解版 …
[ok] 诗篇 127章 · 讲解版 (14s, 3363字)
[gen] 诗篇 127章 · 发现版 …
[ok] 诗篇 127章 · 发现版 (10s, 2537字)
[gen] 诗篇 128章 · 讲解版 …
[ok] 诗篇 128章 · 讲解版 (15s, 3525字)
[gen] 诗篇 128章 · 发现版 …
[ok] 诗篇 128章 · 发现版 (10s, 2658字)
[gen] 诗篇 129章 · 讲解版 …
[ok] 诗篇 129章 · 讲解版 (17s, 4085字)
[gen] 诗篇 129章 · 发现版 …
[ok] 诗篇 129章 · 发现版 (12s, 2771字)
[gen] 诗篇 130章 · 讲解版 …
[ok] 诗篇 130章 · 讲解版 (16s, 3897字)
[gen] 诗篇 130章 · 发现版 …
[ok] 诗篇 130章 · 发现版 (12s, 2814字)
[gen] 诗篇 131章 · 讲解版 …
[ok] 诗篇 131章 · 讲解版 (14s, 3237字)
[gen] 诗篇 131章 · 发现版 …
[ok] 诗篇 131章 · 发现版 (11s, 2650字)
[gen] 诗篇 132章 · 讲解版 …
[ok] 诗篇 132章 · 讲解版 (17s, 3965字)
[gen] 诗篇 132章 · 发现版 …
[ok] 诗篇 132章 · 发现版 (11s, 2778字)
[gen] 诗篇 133章 · 讲解版 …
[ok] 诗篇 133章 · 讲解版 (14s, 3263字)
[gen] 诗篇 133章 · 发现版 …
[ok] 诗篇 133章 · 发现版 (10s, 2339字)
[gen] 诗篇 134章 · 讲解版 …
[ok] 诗篇 134章 · 讲解版 (14s, 3083字)
[gen] 诗篇 134章 · 发现版 …
[ok] 诗篇 134章 · 发现版 (11s, 2497字)
[gen] 诗篇 135章 · 讲解版 …
[ok] 诗篇 135章 · 讲解版 (16s, 3809字)
[gen] 诗篇 135章 · 发现版 …
[ok] 诗篇 135章 · 发现版 (13s, 3238字)
[gen] 诗篇 136章 · 讲解版 …
[ok] 诗篇 136章 · 讲解版 (21s, 4919字)
[gen] 诗篇 136章 · 发现版 …
[ok] 诗篇 136章 · 发现版 (13s, 3101字)
[gen] 诗篇 137章 · 讲解版 …
[ok] 诗篇 137章 · 讲解版 (17s, 3877字)
[gen] 诗篇 137章 · 发现版 …
[ok] 诗篇 137章 · 发现版 (13s, 3016字)
[gen] 诗篇 138章 · 讲解版 …
[ok] 诗篇 138章 · 讲解版 (16s, 3866字)
[gen] 诗篇 138章 · 发现版 …
[ok] 诗篇 138章 · 发现版 (11s, 2482字)
[gen] 诗篇 139章 · 讲解版 …
[ok] 诗篇 139章 · 讲解版 (16s, 3939字)
[gen] 诗篇 139章 · 发现版 …
[ok] 诗篇 139章 · 发现版 (11s, 2816字)
[gen] 诗篇 140章 · 讲解版 …
[ok] 诗篇 140章 · 讲解版 (15s, 3696字)
[gen] 诗篇 140章 · 发现版 …
[ok] 诗篇 140章 · 发现版 (13s, 3279字)
[gen] 诗篇 141章 · 讲解版 …
[ok] 诗篇 141章 · 讲解版 (16s, 3795字)
[gen] 诗篇 141章 · 发现版 …
[ok] 诗篇 141章 · 发现版 (12s, 2891字)
[gen] 诗篇 142章 · 讲解版 …
[ok] 诗篇 142章 · 讲解版 (16s, 3867字)
[gen] 诗篇 142章 · 发现版 …
[ok] 诗篇 142章 · 发现版 (11s, 2642字)
[gen] 诗篇 143章 · 讲解版 …
[ok] 诗篇 143章 · 讲解版 (14s, 3240字)
[gen] 诗篇 143章 · 发现版 …
[ok] 诗篇 143章 · 发现版 (12s, 2990字)
[gen] 诗篇 144章 · 讲解版 …
[ok] 诗篇 144章 · 讲解版 (14s, 3548字)
[gen] 诗篇 144章 · 发现版 …
[ok] 诗篇 144章 · 发现版 (11s, 2730字)
[gen] 诗篇 145章 · 讲解版 …
[ok] 诗篇 145章 · 讲解版 (17s, 4170字)
[gen] 诗篇 145章 · 发现版 …
[ok] 诗篇 145章 · 发现版 (10s, 2564字)
[gen] 诗篇 146章 · 讲解版 …
[ok] 诗篇 146章 · 讲解版 (18s, 3952字)
[gen] 诗篇 146章 · 发现版 …
[ok] 诗篇 146章 · 发现版 (14s, 3338字)
[gen] 诗篇 147章 · 讲解版 …
[ok] 诗篇 147章 · 讲解版 (15s, 3605字)
[gen] 诗篇 147章 · 发现版 …
[ok] 诗篇 147章 · 发现版 (12s, 2586字)
[gen] 诗篇 148章 · 讲解版 …
[ok] 诗篇 148章 · 讲解版 (15s, 3331字)
[gen] 诗篇 148章 · 发现版 …
[ok] 诗篇 148章 · 发现版 (13s, 2878字)
[gen] 诗篇 149章 · 讲解版 …
[ok] 诗篇 149章 · 讲解版 (17s, 4094字)
[gen] 诗篇 149章 · 发现版 …
[ok] 诗篇 149章 · 发现版 (13s, 3230字)
[gen] 诗篇 150章 · 讲解版 …
[ok] 诗篇 150章 · 讲解版 (13s, 3008字)
[gen] 诗篇 150章 · 发现版 …
[ok] 诗篇 150章 · 发现版 (10s, 2414字)
[gen] 箴言 1章 · 讲解版 …
[ok] 箴言 1章 · 讲解版 (18s, 4396字)
[gen] 箴言 1章 · 发现版 …
[ok] 箴言 1章 · 发现版 (12s, 2752字)
[gen] 箴言 2章 · 讲解版 …
[ok] 箴言 2章 · 讲解版 (17s, 3936字)
[gen] 箴言 2章 · 发现版 …
[ok] 箴言 2章 · 发现版 (10s, 2644字)
[gen] 箴言 3章 · 讲解版 …
[ok] 箴言 3章 · 讲解版 (19s, 4717字)
[gen] 箴言 3章 · 发现版 …
[ok] 箴言 3章 · 发现版 (13s, 3074字)
[gen] 箴言 4章 · 讲解版 …
[ok] 箴言 4章 · 讲解版 (13s, 3315字)
[gen] 箴言 4章 · 发现版 …
[ok] 箴言 4章 · 发现版 (11s, 2724字)
[gen] 箴言 5章 · 讲解版 …
[ok] 箴言 5章 · 讲解版 (16s, 3863字)
[gen] 箴言 5章 · 发现版 …
[ok] 箴言 5章 · 发现版 (12s, 2833字)
[gen] 箴言 6章 · 讲解版 …
[ok] 箴言 6章 · 讲解版 (19s, 4288字)
[gen] 箴言 6章 · 发现版 …
[ok] 箴言 6章 · 发现版 (12s, 2828字)
[gen] 箴言 7章 · 讲解版 …
[ok] 箴言 7章 · 讲解版 (17s, 3861字)
[gen] 箴言 7章 · 发现版 …
[ok] 箴言 7章 · 发现版 (12s, 2780字)
[gen] 箴言 8章 · 讲解版 …
[ok] 箴言 8章 · 讲解版 (12s, 2861字)
[gen] 箴言 8章 · 发现版 …
[ok] 箴言 8章 · 发现版 (11s, 2739字)
[gen] 箴言 9章 · 讲解版 …
[ok] 箴言 9章 · 讲解版 (13s, 3372字)
[gen] 箴言 9章 · 发现版 …
[ok] 箴言 9章 · 发现版 (10s, 2463字)
[gen] 箴言 10章 · 讲解版 …
[ok] 箴言 10章 · 讲解版 (17s, 3837字)
[gen] 箴言 10章 · 发现版 …
[ok] 箴言 10章 · 发现版 (13s, 3238字)
[gen] 箴言 11章 · 讲解版 …
[ok] 箴言 11章 · 讲解版 (14s, 3402字)
[gen] 箴言 11章 · 发现版 …
[ok] 箴言 11章 · 发现版 (12s, 3145字)
[gen] 箴言 12章 · 讲解版 …
[ok] 箴言 12章 · 讲解版 (17s, 4328字)
[gen] 箴言 12章 · 发现版 …
[ok] 箴言 12章 · 发现版 (12s, 2799字)
[gen] 箴言 13章 · 讲解版 …
[ok] 箴言 13章 · 讲解版 (16s, 4039字)
[gen] 箴言 13章 · 发现版 …
[ok] 箴言 13章 · 发现版 (11s, 2550字)
[gen] 箴言 14章 · 讲解版 …
[ok] 箴言 14章 · 讲解版 (17s, 3953字)
[gen] 箴言 14章 · 发现版 …
[ok] 箴言 14章 · 发现版 (15s, 3820字)
[gen] 箴言 15章 · 讲解版 …
[ok] 箴言 15章 · 讲解版 (18s, 4264字)
[gen] 箴言 15章 · 发现版 …
[ok] 箴言 15章 · 发现版 (14s, 3462字)
[gen] 箴言 16章 · 讲解版 …
[ok] 箴言 16章 · 讲解版 (19s, 4520字)
[gen] 箴言 16章 · 发现版 …
[ok] 箴言 16章 · 发现版 (13s, 3115字)
[gen] 箴言 17章 · 讲解版 …
[ok] 箴言 17章 · 讲解版 (15s, 3342字)
[gen] 箴言 17章 · 发现版 …
[ok] 箴言 17章 · 发现版 (11s, 2343字)
[gen] 箴言 18章 · 讲解版 …
[ok] 箴言 18章 · 讲解版 (13s, 3257字)
[gen] 箴言 18章 · 发现版 …
[ok] 箴言 18章 · 发现版 (14s, 3361字)
[gen] 箴言 19章 · 讲解版 …
[ok] 箴言 19章 · 讲解版 (15s, 3768字)
[gen] 箴言 19章 · 发现版 …
[ok] 箴言 19章 · 发现版 (12s, 3017字)
[gen] 箴言 20章 · 讲解版 …
[ok] 箴言 20章 · 讲解版 (15s, 3397字)
[gen] 箴言 20章 · 发现版 …
[ok] 箴言 20章 · 发现版 (13s, 3237字)
[gen] 箴言 21章 · 讲解版 …
[ok] 箴言 21章 · 讲解版 (19s, 4817字)
[gen] 箴言 21章 · 发现版 …
[ok] 箴言 21章 · 发现版 (14s, 3298字)
[gen] 箴言 22章 · 讲解版 …
[ok] 箴言 22章 · 讲解版 (17s, 3950字)
[gen] 箴言 22章 · 发现版 …
[ok] 箴言 22章 · 发现版 (15s, 3786字)
[gen] 箴言 23章 · 讲解版 …
[ok] 箴言 23章 · 讲解版 (15s, 3615字)
[gen] 箴言 23章 · 发现版 …
[ok] 箴言 23章 · 发现版 (13s, 2799字)
[gen] 箴言 24章 · 讲解版 …
[ok] 箴言 24章 · 讲解版 (16s, 3896字)
[gen] 箴言 24章 · 发现版 …
[ok] 箴言 24章 · 发现版 (13s, 3028字)
[gen] 箴言 25章 · 讲解版 …
[ok] 箴言 25章 · 讲解版 (13s, 2748字)
[gen] 箴言 25章 · 发现版 …
[ok] 箴言 25章 · 发现版 (17s, 4069字)
[gen] 箴言 26章 · 讲解版 …
[ok] 箴言 26章 · 讲解版 (17s, 3751字)
[gen] 箴言 26章 · 发现版 …
[ok] 箴言 26章 · 发现版 (13s, 2749字)
[gen] 箴言 27章 · 讲解版 …
[ok] 箴言 27章 · 讲解版 (17s, 3869字)
[gen] 箴言 27章 · 发现版 …
[ok] 箴言 27章 · 发现版 (12s, 2638字)
[gen] 箴言 28章 · 讲解版 …
[ok] 箴言 28章 · 讲解版 (15s, 3301字)
[gen] 箴言 28章 · 发现版 …
[ok] 箴言 28章 · 发现版 (16s, 3840字)
[gen] 箴言 29章 · 讲解版 …
[ok] 箴言 29章 · 讲解版 (20s, 4509字)
[gen] 箴言 29章 · 发现版 …
[ok] 箴言 29章 · 发现版 (12s, 2739字)
[gen] 箴言 30章 · 讲解版 …
[ok] 箴言 30章 · 讲解版 (16s, 3664字)
[gen] 箴言 30章 · 发现版 …
[ok] 箴言 30章 · 发现版 (14s, 3102字)
[gen] 箴言 31章 · 讲解版 …
[ok] 箴言 31章 · 讲解版 (17s, 4126字)
[gen] 箴言 31章 · 发现版 …
[ok] 箴言 31章 · 发现版 (13s, 2929字)
[gen] 传道书 1章 · 讲解版 …
[ok] 传道书 1章 · 讲解版 (20s, 4483字)
[gen] 传道书 1章 · 发现版 …
[ok] 传道书 1章 · 发现版 (14s, 3051字)
[gen] 传道书 2章 · 讲解版 …
[ok] 传道书 2章 · 讲解版 (21s, 4844字)
[gen] 传道书 2章 · 发现版 …
[ok] 传道书 2章 · 发现版 (13s, 3155字)
[gen] 传道书 3章 · 讲解版 …
[ok] 传道书 3章 · 讲解版 (17s, 4295字)
[gen] 传道书 3章 · 发现版 …
[ok] 传道书 3章 · 发现版 (13s, 3233字)
[gen] 传道书 4章 · 讲解版 …
[ok] 传道书 4章 · 讲解版 (17s, 3823字)
[gen] 传道书 4章 · 发现版 …
[ok] 传道书 4章 · 发现版 (15s, 3642字)
[gen] 传道书 5章 · 讲解版 …
[ok] 传道书 5章 · 讲解版 (16s, 3774字)
[gen] 传道书 5章 · 发现版 …
[ok] 传道书 5章 · 发现版 (15s, 3749字)
[gen] 传道书 6章 · 讲解版 …
[ok] 传道书 6章 · 讲解版 (16s, 3937字)
[gen] 传道书 6章 · 发现版 …
[ok] 传道书 6章 · 发现版 (12s, 3069字)
[gen] 传道书 7章 · 讲解版 …
[ok] 传道书 7章 · 讲解版 (17s, 4029字)
[gen] 传道书 7章 · 发现版 …
[ok] 传道书 7章 · 发现版 (14s, 3347字)
[gen] 传道书 8章 · 讲解版 …
[ok] 传道书 8章 · 讲解版 (17s, 3898字)
[gen] 传道书 8章 · 发现版 …
[ok] 传道书 8章 · 发现版 (14s, 3527字)
[gen] 传道书 9章 · 讲解版 …
[ok] 传道书 9章 · 讲解版 (20s, 4795字)
[gen] 传道书 9章 · 发现版 …
[ok] 传道书 9章 · 发现版 (13s, 3155字)
[gen] 传道书 10章 · 讲解版 …
[ok] 传道书 10章 · 讲解版 (14s, 3329字)
[gen] 传道书 10章 · 发现版 …
[ok] 传道书 10章 · 发现版 (13s, 2854字)
[gen] 传道书 11章 · 讲解版 …
[ok] 传道书 11章 · 讲解版 (17s, 4079字)
[gen] 传道书 11章 · 发现版 …
[ok] 传道书 11章 · 发现版 (11s, 2797字)
[gen] 传道书 12章 · 讲解版 …
[ok] 传道书 12章 · 讲解版 (15s, 3529字)
[gen] 传道书 12章 · 发现版 …
[ok] 传道书 12章 · 发现版 (13s, 3270字)
[gen] 雅歌 1章 · 讲解版 …
[ok] 雅歌 1章 · 讲解版 (15s, 3739字)
[gen] 雅歌 1章 · 发现版 …
[ok] 雅歌 1章 · 发现版 (10s, 2544字)
[gen] 雅歌 2章 · 讲解版 …
[ok] 雅歌 2章 · 讲解版 (15s, 3399字)
[gen] 雅歌 2章 · 发现版 …
[ok] 雅歌 2章 · 发现版 (13s, 3172字)
[gen] 雅歌 3章 · 讲解版 …
[ok] 雅歌 3章 · 讲解版 (17s, 4225字)
[gen] 雅歌 3章 · 发现版 …
[ok] 雅歌 3章 · 发现版 (11s, 2950字)
[gen] 雅歌 4章 · 讲解版 …
[ok] 雅歌 4章 · 讲解版 (17s, 4266字)
[gen] 雅歌 4章 · 发现版 …
[ok] 雅歌 4章 · 发现版 (12s, 2895字)
[gen] 雅歌 5章 · 讲解版 …
[ok] 雅歌 5章 · 讲解版 (18s, 4187字)
[gen] 雅歌 5章 · 发现版 …
[ok] 雅歌 5章 · 发现版 (13s, 2976字)
[gen] 雅歌 6章 · 讲解版 …
[ok] 雅歌 6章 · 讲解版 (18s, 4143字)
[gen] 雅歌 6章 · 发现版 …
[ok] 雅歌 6章 · 发现版 (15s, 3590字)
[gen] 雅歌 7章 · 讲解版 …
[ok] 雅歌 7章 · 讲解版 (18s, 4058字)
[gen] 雅歌 7章 · 发现版 …
[ok] 雅歌 7章 · 发现版 (12s, 3072字)
[gen] 雅歌 8章 · 讲解版 …
[ok] 雅歌 8章 · 讲解版 (20s, 5104字)
[gen] 雅歌 8章 · 发现版 …
[ok] 雅歌 8章 · 发现版 (14s, 3580字)
[gen] 以赛亚书 1章 · 讲解版 …
[ok] 以赛亚书 1章 · 讲解版 (15s, 3631字)
[gen] 以赛亚书 1章 · 发现版 …
[ok] 以赛亚书 1章 · 发现版 (13s, 3122字)
[gen] 以赛亚书 2章 · 讲解版 …
[ok] 以赛亚书 2章 · 讲解版 (17s, 3930字)
[gen] 以赛亚书 2章 · 发现版 …
[ok] 以赛亚书 2章 · 发现版 (14s, 3350字)
[gen] 以赛亚书 3章 · 讲解版 …
[ok] 以赛亚书 3章 · 讲解版 (19s, 4397字)
[gen] 以赛亚书 3章 · 发现版 …
[ok] 以赛亚书 3章 · 发现版 (12s, 2865字)
[gen] 以赛亚书 4章 · 讲解版 …
[ok] 以赛亚书 4章 · 讲解版 (15s, 3704字)
[gen] 以赛亚书 4章 · 发现版 …
[ok] 以赛亚书 4章 · 发现版 (15s, 3447字)
[gen] 以赛亚书 5章 · 讲解版 …
[ok] 以赛亚书 5章 · 讲解版 (16s, 3773字)
[gen] 以赛亚书 5章 · 发现版 …
[ok] 以赛亚书 5章 · 发现版 (13s, 3084字)
[gen] 以赛亚书 6章 · 讲解版 …
[ok] 以赛亚书 6章 · 讲解版 (17s, 3978字)
[gen] 以赛亚书 6章 · 发现版 …
[ok] 以赛亚书 6章 · 发现版 (11s, 2919字)
[gen] 以赛亚书 7章 · 讲解版 …
[ok] 以赛亚书 7章 · 讲解版 (17s, 3971字)
[gen] 以赛亚书 7章 · 发现版 …
[ok] 以赛亚书 7章 · 发现版 (16s, 3819字)
[gen] 以赛亚书 8章 · 讲解版 …
[ok] 以赛亚书 8章 · 讲解版 (16s, 3616字)
[gen] 以赛亚书 8章 · 发现版 …
[ok] 以赛亚书 8章 · 发现版 (15s, 3709字)
[gen] 以赛亚书 9章 · 讲解版 …
[ok] 以赛亚书 9章 · 讲解版 (15s, 3651字)
[gen] 以赛亚书 9章 · 发现版 …
[ok] 以赛亚书 9章 · 发现版 (15s, 3624字)
[gen] 以赛亚书 10章 · 讲解版 …
[ok] 以赛亚书 10章 · 讲解版 (15s, 3324字)
[gen] 以赛亚书 10章 · 发现版 …
[ok] 以赛亚书 10章 · 发现版 (14s, 3484字)
[gen] 以赛亚书 11章 · 讲解版 …
[ok] 以赛亚书 11章 · 讲解版 (17s, 4000字)
[gen] 以赛亚书 11章 · 发现版 …
[ok] 以赛亚书 11章 · 发现版 (11s, 2812字)
[gen] 以赛亚书 12章 · 讲解版 …
[ok] 以赛亚书 12章 · 讲解版 (14s, 3382字)
[gen] 以赛亚书 12章 · 发现版 …
[ok] 以赛亚书 12章 · 发现版 (11s, 2343字)
[gen] 以赛亚书 13章 · 讲解版 …
[ok] 以赛亚书 13章 · 讲解版 (16s, 3748字)
[gen] 以赛亚书 13章 · 发现版 …
[ok] 以赛亚书 13章 · 发现版 (14s, 3488字)
[gen] 以赛亚书 14章 · 讲解版 …
[ok] 以赛亚书 14章 · 讲解版 (14s, 3222字)
[gen] 以赛亚书 14章 · 发现版 …
[ok] 以赛亚书 14章 · 发现版 (14s, 3259字)
[gen] 以赛亚书 15章 · 讲解版 …
[ok] 以赛亚书 15章 · 讲解版 (21s, 4430字)
[gen] 以赛亚书 15章 · 发现版 …
[ok] 以赛亚书 15章 · 发现版 (15s, 3308字)
[gen] 以赛亚书 16章 · 讲解版 …
[ok] 以赛亚书 16章 · 讲解版 (13s, 2996字)
[gen] 以赛亚书 16章 · 发现版 …
[ok] 以赛亚书 16章 · 发现版 (13s, 2878字)
[gen] 以赛亚书 17章 · 讲解版 …
[ok] 以赛亚书 17章 · 讲解版 (18s, 4082字)
[gen] 以赛亚书 17章 · 发现版 …
[ok] 以赛亚书 17章 · 发现版 (10s, 2182字)
[gen] 以赛亚书 18章 · 讲解版 …
[ok] 以赛亚书 18章 · 讲解版 (14s, 3109字)
[gen] 以赛亚书 18章 · 发现版 …
[ok] 以赛亚书 18章 · 发现版 (12s, 2719字)
[gen] 以赛亚书 19章 · 讲解版 …
[ok] 以赛亚书 19章 · 讲解版 (16s, 3573字)
[gen] 以赛亚书 19章 · 发现版 …
[ok] 以赛亚书 19章 · 发现版 (14s, 3226字)
[gen] 以赛亚书 20章 · 讲解版 …
[ok] 以赛亚书 20章 · 讲解版 (16s, 3867字)
[gen] 以赛亚书 20章 · 发现版 …
[ok] 以赛亚书 20章 · 发现版 (11s, 2681字)
[gen] 以赛亚书 21章 · 讲解版 …
[ok] 以赛亚书 21章 · 讲解版 (14s, 3157字)
[gen] 以赛亚书 21章 · 发现版 …
[ok] 以赛亚书 21章 · 发现版 (13s, 2970字)
[gen] 以赛亚书 22章 · 讲解版 …
[ok] 以赛亚书 22章 · 讲解版 (20s, 4408字)
[gen] 以赛亚书 22章 · 发现版 …
[ok] 以赛亚书 22章 · 发现版 (14s, 3203字)
[gen] 以赛亚书 23章 · 讲解版 …
[ok] 以赛亚书 23章 · 讲解版 (14s, 3212字)
[gen] 以赛亚书 23章 · 发现版 …
[ok] 以赛亚书 23章 · 发现版 (14s, 3420字)
[gen] 以赛亚书 24章 · 讲解版 …
[ok] 以赛亚书 24章 · 讲解版 (16s, 3567字)
[gen] 以赛亚书 24章 · 发现版 …
[ok] 以赛亚书 24章 · 发现版 (17s, 4064字)
[gen] 以赛亚书 25章 · 讲解版 …
[ok] 以赛亚书 25章 · 讲解版 (16s, 3776字)
[gen] 以赛亚书 25章 · 发现版 …
[ok] 以赛亚书 25章 · 发现版 (11s, 2476字)
[gen] 以赛亚书 26章 · 讲解版 …
[ok] 以赛亚书 26章 · 讲解版 (16s, 3781字)
[gen] 以赛亚书 26章 · 发现版 …
[ok] 以赛亚书 26章 · 发现版 (15s, 3603字)
[gen] 以赛亚书 27章 · 讲解版 …
[ok] 以赛亚书 27章 · 讲解版 (14s, 3349字)
[gen] 以赛亚书 27章 · 发现版 …
[ok] 以赛亚书 27章 · 发现版 (12s, 2733字)
[gen] 以赛亚书 28章 · 讲解版 …
[ok] 以赛亚书 28章 · 讲解版 (15s, 3526字)
[gen] 以赛亚书 28章 · 发现版 …
[ok] 以赛亚书 28章 · 发现版 (13s, 3161字)
[gen] 以赛亚书 29章 · 讲解版 …
[ok] 以赛亚书 29章 · 讲解版 (19s, 4210字)
[gen] 以赛亚书 29章 · 发现版 …
[ok] 以赛亚书 29章 · 发现版 (14s, 3646字)
[gen] 以赛亚书 30章 · 讲解版 …
[ok] 以赛亚书 30章 · 讲解版 (17s, 4027字)
[gen] 以赛亚书 30章 · 发现版 …
[ok] 以赛亚书 30章 · 发现版 (16s, 3625字)
[gen] 以赛亚书 31章 · 讲解版 …
[ok] 以赛亚书 31章 · 讲解版 (14s, 3449字)
[gen] 以赛亚书 31章 · 发现版 …
[ok] 以赛亚书 31章 · 发现版 (14s, 2683字)
[gen] 以赛亚书 32章 · 讲解版 …
[ok] 以赛亚书 32章 · 讲解版 (16s, 3655字)
[gen] 以赛亚书 32章 · 发现版 …
[ok] 以赛亚书 32章 · 发现版 (14s, 3532字)
[gen] 以赛亚书 33章 · 讲解版 …
[ok] 以赛亚书 33章 · 讲解版 (17s, 3873字)
[gen] 以赛亚书 33章 · 发现版 …
[ok] 以赛亚书 33章 · 发现版 (14s, 3166字)
[gen] 以赛亚书 34章 · 讲解版 …
[ok] 以赛亚书 34章 · 讲解版 (17s, 3545字)
[gen] 以赛亚书 34章 · 发现版 …
[ok] 以赛亚书 34章 · 发现版 (19s, 3946字)
[gen] 以赛亚书 35章 · 讲解版 …
[ok] 以赛亚书 35章 · 讲解版 (19s, 3850字)
[gen] 以赛亚书 35章 · 发现版 …
[ok] 以赛亚书 35章 · 发现版 (11s, 2347字)
[gen] 以赛亚书 36章 · 讲解版 …
[ok] 以赛亚书 36章 · 讲解版 (18s, 3979字)
[gen] 以赛亚书 36章 · 发现版 …
[ok] 以赛亚书 36章 · 发现版 (16s, 3427字)
[gen] 以赛亚书 37章 · 讲解版 …
[ok] 以赛亚书 37章 · 讲解版 (21s, 4863字)
[gen] 以赛亚书 37章 · 发现版 …
[ok] 以赛亚书 37章 · 发现版 (14s, 3362字)
[gen] 以赛亚书 38章 · 讲解版 …
[ok] 以赛亚书 38章 · 讲解版 (20s, 4102字)
[gen] 以赛亚书 38章 · 发现版 …
[ok] 以赛亚书 38章 · 发现版 (13s, 3100字)
[gen] 以赛亚书 39章 · 讲解版 …
[ok] 以赛亚书 39章 · 讲解版 (14s, 3038字)
[gen] 以赛亚书 39章 · 发现版 …
[ok] 以赛亚书 39章 · 发现版 (12s, 2855字)
[gen] 以赛亚书 40章 · 讲解版 …
[ok] 以赛亚书 40章 · 讲解版 (17s, 3837字)
[gen] 以赛亚书 40章 · 发现版 …
[ok] 以赛亚书 40章 · 发现版 (12s, 2549字)
[gen] 以赛亚书 41章 · 讲解版 …
[ok] 以赛亚书 41章 · 讲解版 (17s, 3701字)
[gen] 以赛亚书 41章 · 发现版 …
[ok] 以赛亚书 41章 · 发现版 (16s, 3369字)
[gen] 以赛亚书 42章 · 讲解版 …
[ok] 以赛亚书 42章 · 讲解版 (17s, 3694字)
[gen] 以赛亚书 42章 · 发现版 …
[ok] 以赛亚书 42章 · 发现版 (14s, 3052字)
[gen] 以赛亚书 43章 · 讲解版 …
[ok] 以赛亚书 43章 · 讲解版 (17s, 3679字)
[gen] 以赛亚书 43章 · 发现版 …
[ok] 以赛亚书 43章 · 发现版 (15s, 3153字)
[gen] 以赛亚书 44章 · 讲解版 …
[ok] 以赛亚书 44章 · 讲解版 (17s, 3717字)
[gen] 以赛亚书 44章 · 发现版 …
[ok] 以赛亚书 44章 · 发现版 (14s, 3074字)
[gen] 以赛亚书 45章 · 讲解版 …
[ok] 以赛亚书 45章 · 讲解版 (17s, 3708字)
[gen] 以赛亚书 45章 · 发现版 …
[ok] 以赛亚书 45章 · 发现版 (13s, 2806字)
[gen] 以赛亚书 46章 · 讲解版 …
[ok] 以赛亚书 46章 · 讲解版 (16s, 3563字)
[gen] 以赛亚书 46章 · 发现版 …
[ok] 以赛亚书 46章 · 发现版 (14s, 3371字)
[gen] 以赛亚书 47章 · 讲解版 …
[ok] 以赛亚书 47章 · 讲解版 (15s, 3482字)
[gen] 以赛亚书 47章 · 发现版 …
[ok] 以赛亚书 47章 · 发现版 (12s, 2910字)
[gen] 以赛亚书 48章 · 讲解版 …
[ok] 以赛亚书 48章 · 讲解版 (16s, 3787字)
[gen] 以赛亚书 48章 · 发现版 …
[ok] 以赛亚书 48章 · 发现版 (12s, 2787字)
[gen] 以赛亚书 49章 · 讲解版 …
[ok] 以赛亚书 49章 · 讲解版 (17s, 3838字)
[gen] 以赛亚书 49章 · 发现版 …
[ok] 以赛亚书 49章 · 发现版 (17s, 3954字)
[gen] 以赛亚书 50章 · 讲解版 …
[ok] 以赛亚书 50章 · 讲解版 (20s, 4356字)
[gen] 以赛亚书 50章 · 发现版 …
[ok] 以赛亚书 50章 · 发现版 (14s, 3256字)
[gen] 以赛亚书 51章 · 讲解版 …
[ok] 以赛亚书 51章 · 讲解版 (21s, 4697字)
[gen] 以赛亚书 51章 · 发现版 …
[ok] 以赛亚书 51章 · 发现版 (16s, 3594字)
[gen] 以赛亚书 52章 · 讲解版 …
[ok] 以赛亚书 52章 · 讲解版 (17s, 3885字)
[gen] 以赛亚书 52章 · 发现版 …
[ok] 以赛亚书 52章 · 发现版 (12s, 2933字)
[gen] 以赛亚书 53章 · 讲解版 …
[ok] 以赛亚书 53章 · 讲解版 (16s, 3520字)
[gen] 以赛亚书 53章 · 发现版 …
[ok] 以赛亚书 53章 · 发现版 (12s, 2701字)
[gen] 以赛亚书 54章 · 讲解版 …
[ok] 以赛亚书 54章 · 讲解版 (21s, 4881字)
[gen] 以赛亚书 54章 · 发现版 …
[ok] 以赛亚书 54章 · 发现版 (17s, 4094字)
[gen] 以赛亚书 55章 · 讲解版 …
[ok] 以赛亚书 55章 · 讲解版 (17s, 3700字)
[gen] 以赛亚书 55章 · 发现版 …
[ok] 以赛亚书 55章 · 发现版 (16s, 3409字)
[gen] 以赛亚书 56章 · 讲解版 …
[ok] 以赛亚书 56章 · 讲解版 (20s, 4466字)
[gen] 以赛亚书 56章 · 发现版 …
[ok] 以赛亚书 56章 · 发现版 (11s, 2554字)
[gen] 以赛亚书 57章 · 讲解版 …
[ok] 以赛亚书 57章 · 讲解版 (18s, 3809字)
[gen] 以赛亚书 57章 · 发现版 …
[ok] 以赛亚书 57章 · 发现版 (12s, 2483字)
[gen] 以赛亚书 58章 · 讲解版 …
[ok] 以赛亚书 58章 · 讲解版 (21s, 4641字)
[gen] 以赛亚书 58章 · 发现版 …
[ok] 以赛亚书 58章 · 发现版 (16s, 3590字)
[gen] 以赛亚书 59章 · 讲解版 …
[ok] 以赛亚书 59章 · 讲解版 (20s, 4223字)
[gen] 以赛亚书 59章 · 发现版 …
[ok] 以赛亚书 59章 · 发现版 (14s, 3345字)
[gen] 以赛亚书 60章 · 讲解版 …
[ok] 以赛亚书 60章 · 讲解版 (20s, 4339字)
[gen] 以赛亚书 60章 · 发现版 …
[ok] 以赛亚书 60章 · 发现版 (14s, 3073字)
[gen] 以赛亚书 61章 · 讲解版 …
[ok] 以赛亚书 61章 · 讲解版 (18s, 3944字)
[gen] 以赛亚书 61章 · 发现版 …
[ok] 以赛亚书 61章 · 发现版 (14s, 3151字)
[gen] 以赛亚书 62章 · 讲解版 …
[ok] 以赛亚书 62章 · 讲解版 (16s, 3564字)
[gen] 以赛亚书 62章 · 发现版 …
[ok] 以赛亚书 62章 · 发现版 (13s, 2866字)
[gen] 以赛亚书 63章 · 讲解版 …
[ok] 以赛亚书 63章 · 讲解版 (20s, 4176字)
[gen] 以赛亚书 63章 · 发现版 …
[ok] 以赛亚书 63章 · 发现版 (15s, 3366字)
[gen] 以赛亚书 64章 · 讲解版 …
[ok] 以赛亚书 64章 · 讲解版 (16s, 3388字)
[gen] 以赛亚书 64章 · 发现版 …
[ok] 以赛亚书 64章 · 发现版 (14s, 3076字)
[gen] 以赛亚书 65章 · 讲解版 …
[ok] 以赛亚书 65章 · 讲解版 (18s, 3921字)
[gen] 以赛亚书 65章 · 发现版 …
[ok] 以赛亚书 65章 · 发现版 (14s, 3289字)
[gen] 以赛亚书 66章 · 讲解版 …
[ok] 以赛亚书 66章 · 讲解版 (16s, 3715字)
[gen] 以赛亚书 66章 · 发现版 …
[ok] 以赛亚书 66章 · 发现版 (13s, 2735字)
[gen] 耶利米书 1章 · 讲解版 …
[ok] 耶利米书 1章 · 讲解版 (16s, 3738字)
[gen] 耶利米书 1章 · 发现版 …
[ok] 耶利米书 1章 · 发现版 (12s, 2816字)
[gen] 耶利米书 2章 · 讲解版 …
[ok] 耶利米书 2章 · 讲解版 (17s, 3990字)
[gen] 耶利米书 2章 · 发现版 …
[ok] 耶利米书 2章 · 发现版 (14s, 3061字)
[gen] 耶利米书 3章 · 讲解版 …
[ok] 耶利米书 3章 · 讲解版 (18s, 3772字)
[gen] 耶利米书 3章 · 发现版 …
[ok] 耶利米书 3章 · 发现版 (12s, 2705字)
[gen] 耶利米书 4章 · 讲解版 …
[ok] 耶利米书 4章 · 讲解版 (19s, 4104字)
[gen] 耶利米书 4章 · 发现版 …
[ok] 耶利米书 4章 · 发现版 (14s, 3131字)
[gen] 耶利米书 5章 · 讲解版 …
[ok] 耶利米书 5章 · 讲解版 (16s, 3489字)
[gen] 耶利米书 5章 · 发现版 …
[ok] 耶利米书 5章 · 发现版 (15s, 3537字)
[gen] 耶利米书 6章 · 讲解版 …
[ok] 耶利米书 6章 · 讲解版 (16s, 3465字)
[gen] 耶利米书 6章 · 发现版 …
[ok] 耶利米书 6章 · 发现版 (16s, 3723字)
[gen] 耶利米书 7章 · 讲解版 …
[ok] 耶利米书 7章 · 讲解版 (19s, 4345字)
[gen] 耶利米书 7章 · 发现版 …
[ok] 耶利米书 7章 · 发现版 (17s, 3805字)
[gen] 耶利米书 8章 · 讲解版 …
[ok] 耶利米书 8章 · 讲解版 (18s, 3933字)
[gen] 耶利米书 8章 · 发现版 …
[ok] 耶利米书 8章 · 发现版 (16s, 3595字)
[gen] 耶利米书 9章 · 讲解版 …
[ok] 耶利米书 9章 · 讲解版 (18s, 3916字)
[gen] 耶利米书 9章 · 发现版 …
[ok] 耶利米书 9章 · 发现版 (12s, 2770字)
[gen] 耶利米书 10章 · 讲解版 …
[ok] 耶利米书 10章 · 讲解版 (17s, 3704字)
[gen] 耶利米书 10章 · 发现版 …
[ok] 耶利米书 10章 · 发现版 (17s, 4109字)
[gen] 耶利米书 11章 · 讲解版 …
[ok] 耶利米书 11章 · 讲解版 (20s, 4313字)
[gen] 耶利米书 11章 · 发现版 …
[ok] 耶利米书 11章 · 发现版 (12s, 2536字)
[gen] 耶利米书 12章 · 讲解版 …
[ok] 耶利米书 12章 · 讲解版 (16s, 3367字)
[gen] 耶利米书 12章 · 发现版 …
[ok] 耶利米书 12章 · 发现版 (13s, 2770字)
[gen] 耶利米书 13章 · 讲解版 …
[ok] 耶利米书 13章 · 讲解版 (19s, 4184字)
[gen] 耶利米书 13章 · 发现版 …
[ok] 耶利米书 13章 · 发现版 (15s, 3187字)
[gen] 耶利米书 14章 · 讲解版 …
[ok] 耶利米书 14章 · 讲解版 (14s, 2983字)
[gen] 耶利米书 14章 · 发现版 …
[ok] 耶利米书 14章 · 发现版 (13s, 2662字)
[gen] 耶利米书 15章 · 讲解版 …
[ok] 耶利米书 15章 · 讲解版 (16s, 3563字)
[gen] 耶利米书 15章 · 发现版 …
[ok] 耶利米书 15章 · 发现版 (14s, 3244字)
[gen] 耶利米书 16章 · 讲解版 …
[ok] 耶利米书 16章 · 讲解版 (20s, 4086字)
[gen] 耶利米书 16章 · 发现版 …
[ok] 耶利米书 16章 · 发现版 (16s, 3493字)
[gen] 耶利米书 17章 · 讲解版 …
[ok] 耶利米书 17章 · 讲解版 (19s, 4064字)
[gen] 耶利米书 17章 · 发现版 …
[ok] 耶利米书 17章 · 发现版 (13s, 2884字)
[gen] 耶利米书 18章 · 讲解版 …
[ok] 耶利米书 18章 · 讲解版 (20s, 4364字)
[gen] 耶利米书 18章 · 发现版 …
[ok] 耶利米书 18章 · 发现版 (13s, 2720字)
[gen] 耶利米书 19章 · 讲解版 …
[ok] 耶利米书 19章 · 讲解版 (20s, 3873字)
[gen] 耶利米书 19章 · 发现版 …
[ok] 耶利米书 19章 · 发现版 (16s, 3448字)
[gen] 耶利米书 20章 · 讲解版 …
[ok] 耶利米书 20章 · 讲解版 (18s, 3917字)
[gen] 耶利米书 20章 · 发现版 …
[ok] 耶利米书 20章 · 发现版 (15s, 3252字)
[gen] 耶利米书 21章 · 讲解版 …
[ok] 耶利米书 21章 · 讲解版 (18s, 3972字)
[gen] 耶利米书 21章 · 发现版 …
[ok] 耶利米书 21章 · 发现版 (12s, 2868字)
[gen] 耶利米书 22章 · 讲解版 …
[ok] 耶利米书 22章 · 讲解版 (19s, 3815字)
[gen] 耶利米书 22章 · 发现版 …
[ok] 耶利米书 22章 · 发现版 (17s, 3629字)
[gen] 耶利米书 23章 · 讲解版 …
[ok] 耶利米书 23章 · 讲解版 (16s, 3624字)
[gen] 耶利米书 23章 · 发现版 …
[ok] 耶利米书 23章 · 发现版 (14s, 3205字)
[gen] 耶利米书 24章 · 讲解版 …
[ok] 耶利米书 24章 · 讲解版 (20s, 4445字)
[gen] 耶利米书 24章 · 发现版 …
[ok] 耶利米书 24章 · 发现版 (15s, 3449字)
[gen] 耶利米书 25章 · 讲解版 …
[ok] 耶利米书 25章 · 讲解版 (19s, 4138字)
[gen] 耶利米书 25章 · 发现版 …
[ok] 耶利米书 25章 · 发现版 (14s, 3257字)
[gen] 耶利米书 26章 · 讲解版 …
[ok] 耶利米书 26章 · 讲解版 (19s, 3982字)
[gen] 耶利米书 26章 · 发现版 …
[ok] 耶利米书 26章 · 发现版 (14s, 3388字)
[gen] 耶利米书 27章 · 讲解版 …
[ok] 耶利米书 27章 · 讲解版 (17s, 3740字)
[gen] 耶利米书 27章 · 发现版 …
[ok] 耶利米书 27章 · 发现版 (16s, 3537字)
[gen] 耶利米书 28章 · 讲解版 …
[ok] 耶利米书 28章 · 讲解版 (20s, 4331字)
[gen] 耶利米书 28章 · 发现版 …
[ok] 耶利米书 28章 · 发现版 (10s, 2379字)
[gen] 耶利米书 29章 · 讲解版 …
[ok] 耶利米书 29章 · 讲解版 (16s, 3622字)
[gen] 耶利米书 29章 · 发现版 …
[ok] 耶利米书 29章 · 发现版 (11s, 2541字)
[gen] 耶利米书 30章 · 讲解版 …
[ok] 耶利米书 30章 · 讲解版 (15s, 3332字)
[gen] 耶利米书 30章 · 发现版 …
[ok] 耶利米书 30章 · 发现版 (15s, 3371字)
[gen] 耶利米书 31章 · 讲解版 …
[ok] 耶利米书 31章 · 讲解版 (18s, 3799字)
[gen] 耶利米书 31章 · 发现版 …
[ok] 耶利米书 31章 · 发现版 (15s, 3361字)
[gen] 耶利米书 32章 · 讲解版 …
[ok] 耶利米书 32章 · 讲解版 (19s, 3800字)
[gen] 耶利米书 32章 · 发现版 …
[ok] 耶利米书 32章 · 发现版 (16s, 3679字)
[gen] 耶利米书 33章 · 讲解版 …
[ok] 耶利米书 33章 · 讲解版 (19s, 3857字)
[gen] 耶利米书 33章 · 发现版 …
[ok] 耶利米书 33章 · 发现版 (14s, 3485字)
[gen] 耶利米书 34章 · 讲解版 …
[ok] 耶利米书 34章 · 讲解版 (15s, 3512字)
[gen] 耶利米书 34章 · 发现版 …
[ok] 耶利米书 34章 · 发现版 (15s, 3411字)
[gen] 耶利米书 35章 · 讲解版 …
[ok] 耶利米书 35章 · 讲解版 (19s, 3773字)
[gen] 耶利米书 35章 · 发现版 …
[ok] 耶利米书 35章 · 发现版 (17s, 3623字)
[gen] 耶利米书 36章 · 讲解版 …
[ok] 耶利米书 36章 · 讲解版 (17s, 3986字)
[gen] 耶利米书 36章 · 发现版 …
[ok] 耶利米书 36章 · 发现版 (14s, 3172字)
[gen] 耶利米书 37章 · 讲解版 …
[ok] 耶利米书 37章 · 讲解版 (18s, 3447字)
[gen] 耶利米书 37章 · 发现版 …
[ok] 耶利米书 37章 · 发现版 (15s, 3287字)
[gen] 耶利米书 38章 · 讲解版 …
[ok] 耶利米书 38章 · 讲解版 (21s, 4427字)
[gen] 耶利米书 38章 · 发现版 …
[ok] 耶利米书 38章 · 发现版 (18s, 3989字)
[gen] 耶利米书 39章 · 讲解版 …
[ok] 耶利米书 39章 · 讲解版 (21s, 4559字)
[gen] 耶利米书 39章 · 发现版 …
[ok] 耶利米书 39章 · 发现版 (12s, 2880字)
[gen] 耶利米书 40章 · 讲解版 …
[ok] 耶利米书 40章 · 讲解版 (21s, 4436字)
[gen] 耶利米书 40章 · 发现版 …
[ok] 耶利米书 40章 · 发现版 (15s, 3411字)
[gen] 耶利米书 41章 · 讲解版 …
[ok] 耶利米书 41章 · 讲解版 (22s, 4709字)
[gen] 耶利米书 41章 · 发现版 …
[ok] 耶利米书 41章 · 发现版 (13s, 2856字)
[gen] 耶利米书 42章 · 讲解版 …
[ok] 耶利米书 42章 · 讲解版 (18s, 4211字)
[gen] 耶利米书 42章 · 发现版 …
[ok] 耶利米书 42章 · 发现版 (14s, 3239字)
[gen] 耶利米书 43章 · 讲解版 …
[ok] 耶利米书 43章 · 讲解版 (14s, 3170字)
[gen] 耶利米书 43章 · 发现版 …
[ok] 耶利米书 43章 · 发现版 (11s, 2366字)
[gen] 耶利米书 44章 · 讲解版 …
[ok] 耶利米书 44章 · 讲解版 (19s, 4068字)
[gen] 耶利米书 44章 · 发现版 …
[ok] 耶利米书 44章 · 发现版 (13s, 3085字)
[gen] 耶利米书 45章 · 讲解版 …
[ok] 耶利米书 45章 · 讲解版 (17s, 3752字)
[gen] 耶利米书 45章 · 发现版 …
[ok] 耶利米书 45章 · 发现版 (11s, 2531字)
[gen] 耶利米书 46章 · 讲解版 …
[ok] 耶利米书 46章 · 讲解版 (19s, 3790字)
[gen] 耶利米书 46章 · 发现版 …
[ok] 耶利米书 46章 · 发现版 (13s, 2599字)
[gen] 耶利米书 47章 · 讲解版 …
[ok] 耶利米书 47章 · 讲解版 (17s, 3366字)
[gen] 耶利米书 47章 · 发现版 …
[ok] 耶利米书 47章 · 发现版 (13s, 2884字)
[gen] 耶利米书 48章 · 讲解版 …
[ok] 耶利米书 48章 · 讲解版 (17s, 3663字)
[gen] 耶利米书 48章 · 发现版 …
[ok] 耶利米书 48章 · 发现版 (14s, 3243字)
[gen] 耶利米书 49章 · 讲解版 …
[ok] 耶利米书 49章 · 讲解版 (16s, 3303字)
[gen] 耶利米书 49章 · 发现版 …
[ok] 耶利米书 49章 · 发现版 (15s, 3350字)
[gen] 耶利米书 50章 · 讲解版 …
[ok] 耶利米书 50章 · 讲解版 (17s, 3845字)
[gen] 耶利米书 50章 · 发现版 …
[ok] 耶利米书 50章 · 发现版 (16s, 3643字)
[gen] 耶利米书 51章 · 讲解版 …
[ok] 耶利米书 51章 · 讲解版 (17s, 3884字)
[gen] 耶利米书 51章 · 发现版 …
[ok] 耶利米书 51章 · 发现版 (17s, 3585字)
[gen] 耶利米书 52章 · 讲解版 …
[ok] 耶利米书 52章 · 讲解版 (22s, 4880字)
[gen] 耶利米书 52章 · 发现版 …
[ok] 耶利米书 52章 · 发现版 (15s, 3657字)
[gen] 耶利米哀歌 1章 · 讲解版 …
[ok] 耶利米哀歌 1章 · 讲解版 (16s, 3702字)
[gen] 耶利米哀歌 1章 · 发现版 …
[ok] 耶利米哀歌 1章 · 发现版 (13s, 3019字)
[gen] 耶利米哀歌 2章 · 讲解版 …
[ok] 耶利米哀歌 2章 · 讲解版 (16s, 3665字)
[gen] 耶利米哀歌 2章 · 发现版 …
[ok] 耶利米哀歌 2章 · 发现版 (12s, 2605字)
[gen] 耶利米哀歌 3章 · 讲解版 …
[ok] 耶利米哀歌 3章 · 讲解版 (20s, 4550字)
[gen] 耶利米哀歌 3章 · 发现版 …
[ok] 耶利米哀歌 3章 · 发现版 (13s, 3127字)
[gen] 耶利米哀歌 4章 · 讲解版 …
[ok] 耶利米哀歌 4章 · 讲解版 (20s, 4456字)
[gen] 耶利米哀歌 4章 · 发现版 …
[ok] 耶利米哀歌 4章 · 发现版 (16s, 3612字)
[gen] 耶利米哀歌 5章 · 讲解版 …
[ok] 耶利米哀歌 5章 · 讲解版 (15s, 3456字)
[gen] 耶利米哀歌 5章 · 发现版 …
[ok] 耶利米哀歌 5章 · 发现版 (16s, 3534字)
[gen] 以西结书 1章 · 讲解版 …
[ok] 以西结书 1章 · 讲解版 (17s, 3620字)
[gen] 以西结书 1章 · 发现版 …
[ok] 以西结书 1章 · 发现版 (18s, 4085字)
[gen] 以西结书 2章 · 讲解版 …
[ok] 以西结书 2章 · 讲解版 (18s, 4160字)
[gen] 以西结书 2章 · 发现版 …
[ok] 以西结书 2章 · 发现版 (13s, 2866字)
[gen] 以西结书 3章 · 讲解版 …
[ok] 以西结书 3章 · 讲解版 (18s, 3779字)
[gen] 以西结书 3章 · 发现版 …
[ok] 以西结书 3章 · 发现版 (13s, 2787字)
[gen] 以西结书 4章 · 讲解版 …
[ok] 以西结书 4章 · 讲解版 (19s, 3787字)
[gen] 以西结书 4章 · 发现版 …
[ok] 以西结书 4章 · 发现版 (17s, 4145字)
[gen] 以西结书 5章 · 讲解版 …
[ok] 以西结书 5章 · 讲解版 (21s, 4572字)
[gen] 以西结书 5章 · 发现版 …
[ok] 以西结书 5章 · 发现版 (13s, 2927字)
[gen] 以西结书 6章 · 讲解版 …
[ok] 以西结书 6章 · 讲解版 (18s, 3944字)
[gen] 以西结书 6章 · 发现版 …
[ok] 以西结书 6章 · 发现版 (14s, 3135字)
[gen] 以西结书 7章 · 讲解版 …
[ok] 以西结书 7章 · 讲解版 (17s, 3711字)
[gen] 以西结书 7章 · 发现版 …
[ok] 以西结书 7章 · 发现版 (15s, 3413字)
[gen] 以西结书 8章 · 讲解版 …
[ok] 以西结书 8章 · 讲解版 (19s, 3832字)
[gen] 以西结书 8章 · 发现版 …
[ok] 以西结书 8章 · 发现版 (16s, 3391字)
[gen] 以西结书 9章 · 讲解版 …
[ok] 以西结书 9章 · 讲解版 (15s, 3529字)
[gen] 以西结书 9章 · 发现版 …
[ok] 以西结书 9章 · 发现版 (13s, 3024字)
[gen] 以西结书 10章 · 讲解版 …
[ok] 以西结书 10章 · 讲解版 (20s, 4175字)
[gen] 以西结书 10章 · 发现版 …
[ok] 以西结书 10章 · 发现版 (12s, 2852字)
[gen] 以西结书 11章 · 讲解版 …
[ok] 以西结书 11章 · 讲解版 (17s, 3943字)
[gen] 以西结书 11章 · 发现版 …
[ok] 以西结书 11章 · 发现版 (14s, 3067字)
[gen] 以西结书 12章 · 讲解版 …
[ok] 以西结书 12章 · 讲解版 (17s, 3266字)
[gen] 以西结书 12章 · 发现版 …
[ok] 以西结书 12章 · 发现版 (17s, 3500字)
[gen] 以西结书 13章 · 讲解版 …
[ok] 以西结书 13章 · 讲解版 (19s, 4388字)
[gen] 以西结书 13章 · 发现版 …
[ok] 以西结书 13章 · 发现版 (17s, 3678字)
[gen] 以西结书 14章 · 讲解版 …
[ok] 以西结书 14章 · 讲解版 (19s, 4039字)
[gen] 以西结书 14章 · 发现版 …
[ok] 以西结书 14章 · 发现版 (16s, 3564字)
[gen] 以西结书 15章 · 讲解版 …
[ok] 以西结书 15章 · 讲解版 (17s, 3069字)
[gen] 以西结书 15章 · 发现版 …
[ok] 以西结书 15章 · 发现版 (13s, 2854字)
[gen] 以西结书 16章 · 讲解版 …
[ok] 以西结书 16章 · 讲解版 (17s, 3813字)
[gen] 以西结书 16章 · 发现版 …
[ok] 以西结书 16章 · 发现版 (19s, 4042字)
[gen] 以西结书 17章 · 讲解版 …
[ok] 以西结书 17章 · 讲解版 (18s, 4012字)
[gen] 以西结书 17章 · 发现版 …
[ok] 以西结书 17章 · 发现版 (14s, 3137字)
[gen] 以西结书 18章 · 讲解版 …
[ok] 以西结书 18章 · 讲解版 (17s, 3876字)
[gen] 以西结书 18章 · 发现版 …
[ok] 以西结书 18章 · 发现版 (14s, 3290字)
[gen] 以西结书 19章 · 讲解版 …
[ok] 以西结书 19章 · 讲解版 (21s, 4001字)
[gen] 以西结书 19章 · 发现版 …
[ok] 以西结书 19章 · 发现版 (16s, 3454字)
[gen] 以西结书 20章 · 讲解版 …
[ok] 以西结书 20章 · 讲解版 (19s, 4226字)
[gen] 以西结书 20章 · 发现版 …
[ok] 以西结书 20章 · 发现版 (18s, 4141字)
[gen] 以西结书 21章 · 讲解版 …
[ok] 以西结书 21章 · 讲解版 (20s, 4222字)
[gen] 以西结书 21章 · 发现版 …
[ok] 以西结书 21章 · 发现版 (20s, 4570字)
[gen] 以西结书 22章 · 讲解版 …
[ok] 以西结书 22章 · 讲解版 (19s, 3873字)
[gen] 以西结书 22章 · 发现版 …
[ok] 以西结书 22章 · 发现版 (13s, 2818字)
[gen] 以西结书 23章 · 讲解版 …
[ok] 以西结书 23章 · 讲解版 (17s, 3384字)
[gen] 以西结书 23章 · 发现版 …
[ok] 以西结书 23章 · 发现版 (21s, 4665字)
[gen] 以西结书 24章 · 讲解版 …
[ok] 以西结书 24章 · 讲解版 (21s, 4556字)
[gen] 以西结书 24章 · 发现版 …
[ok] 以西结书 24章 · 发现版 (23s, 5144字)
[gen] 以西结书 25章 · 讲解版 …
[ok] 以西结书 25章 · 讲解版 (17s, 3518字)
[gen] 以西结书 25章 · 发现版 …
[ok] 以西结书 25章 · 发现版 (18s, 4212字)
[gen] 以西结书 26章 · 讲解版 …
[ok] 以西结书 26章 · 讲解版 (17s, 3633字)
[gen] 以西结书 26章 · 发现版 …
[ok] 以西结书 26章 · 发现版 (12s, 2555字)
[gen] 以西结书 27章 · 讲解版 …
[ok] 以西结书 27章 · 讲解版 (16s, 3248字)
[gen] 以西结书 27章 · 发现版 …
[ok] 以西结书 27章 · 发现版 (20s, 4204字)
[gen] 以西结书 28章 · 讲解版 …
[ok] 以西结书 28章 · 讲解版 (18s, 4180字)
[gen] 以西结书 28章 · 发现版 …
[ok] 以西结书 28章 · 发现版 (15s, 3216字)
[gen] 以西结书 29章 · 讲解版 …
[ok] 以西结书 29章 · 讲解版 (22s, 4368字)
[gen] 以西结书 29章 · 发现版 …
[ok] 以西结书 29章 · 发现版 (16s, 3603字)
[gen] 以西结书 30章 · 讲解版 …
[ok] 以西结书 30章 · 讲解版 (18s, 3766字)
[gen] 以西结书 30章 · 发现版 …
[ok] 以西结书 30章 · 发现版 (13s, 2856字)
[gen] 以西结书 31章 · 讲解版 …
[ok] 以西结书 31章 · 讲解版 (20s, 4091字)
[gen] 以西结书 31章 · 发现版 …
[ok] 以西结书 31章 · 发现版 (14s, 2803字)
[gen] 以西结书 32章 · 讲解版 …
[ok] 以西结书 32章 · 讲解版 (27s, 5534字)
[gen] 以西结书 32章 · 发现版 …
[ok] 以西结书 32章 · 发现版 (14s, 2752字)
[gen] 以西结书 33章 · 讲解版 …
[ok] 以西结书 33章 · 讲解版 (16s, 3360字)
[gen] 以西结书 33章 · 发现版 …
[ok] 以西结书 33章 · 发现版 (13s, 3138字)
[gen] 以西结书 34章 · 讲解版 …
[ok] 以西结书 34章 · 讲解版 (17s, 3881字)
[gen] 以西结书 34章 · 发现版 …
[ok] 以西结书 34章 · 发现版 (15s, 3720字)
[gen] 以西结书 35章 · 讲解版 …
[ok] 以西结书 35章 · 讲解版 (16s, 3310字)
[gen] 以西结书 35章 · 发现版 …
[ok] 以西结书 35章 · 发现版 (15s, 3512字)
[gen] 以西结书 36章 · 讲解版 …
[ok] 以西结书 36章 · 讲解版 (19s, 4330字)
[gen] 以西结书 36章 · 发现版 …
[ok] 以西结书 36章 · 发现版 (16s, 3493字)
[gen] 以西结书 37章 · 讲解版 …
[ok] 以西结书 37章 · 讲解版 (21s, 4810字)
[gen] 以西结书 37章 · 发现版 …
[ok] 以西结书 37章 · 发现版 (16s, 3635字)
[gen] 以西结书 38章 · 讲解版 …
[ok] 以西结书 38章 · 讲解版 (21s, 4556字)
[gen] 以西结书 38章 · 发现版 …
[ok] 以西结书 38章 · 发现版 (16s, 3405字)
[gen] 以西结书 39章 · 讲解版 …
[ok] 以西结书 39章 · 讲解版 (13s, 2961字)
[gen] 以西结书 39章 · 发现版 …
[ok] 以西结书 39章 · 发现版 (15s, 3247字)
[gen] 以西结书 40章 · 讲解版 …
[ok] 以西结书 40章 · 讲解版 (21s, 4645字)
[gen] 以西结书 40章 · 发现版 …
[ok] 以西结书 40章 · 发现版 (18s, 4089字)
[gen] 以西结书 41章 · 讲解版 …
[ok] 以西结书 41章 · 讲解版 (16s, 3554字)
[gen] 以西结书 41章 · 发现版 …
[ok] 以西结书 41章 · 发现版 (15s, 3478字)
[gen] 以西结书 42章 · 讲解版 …
[ok] 以西结书 42章 · 讲解版 (21s, 4313字)
[gen] 以西结书 42章 · 发现版 …
[ok] 以西结书 42章 · 发现版 (12s, 2981字)
[gen] 以西结书 43章 · 讲解版 …
[ok] 以西结书 43章 · 讲解版 (17s, 3937字)
[gen] 以西结书 43章 · 发现版 …
[ok] 以西结书 43章 · 发现版 (13s, 2987字)
[gen] 以西结书 44章 · 讲解版 …
[ok] 以西结书 44章 · 讲解版 (22s, 4723字)
[gen] 以西结书 44章 · 发现版 …
[ok] 以西结书 44章 · 发现版 (17s, 3733字)
[gen] 以西结书 45章 · 讲解版 …
[ok] 以西结书 45章 · 讲解版 (20s, 4309字)
[gen] 以西结书 45章 · 发现版 …
[ok] 以西结书 45章 · 发现版 (12s, 2642字)
[gen] 以西结书 46章 · 讲解版 …
[ok] 以西结书 46章 · 讲解版 (20s, 4297字)
[gen] 以西结书 46章 · 发现版 …
[ok] 以西结书 46章 · 发现版 (13s, 3122字)
[gen] 以西结书 47章 · 讲解版 …
[ok] 以西结书 47章 · 讲解版 (21s, 4426字)
[gen] 以西结书 47章 · 发现版 …
[ok] 以西结书 47章 · 发现版 (14s, 3107字)
[gen] 以西结书 48章 · 讲解版 …
[ok] 以西结书 48章 · 讲解版 (20s, 4260字)
[gen] 以西结书 48章 · 发现版 …
[ok] 以西结书 48章 · 发现版 (15s, 3269字)
[gen] 但以理书 1章 · 讲解版 …
[ok] 但以理书 1章 · 讲解版 (15s, 3290字)
[gen] 但以理书 1章 · 发现版 …
[ok] 但以理书 1章 · 发现版 (14s, 3056字)
[gen] 但以理书 2章 · 讲解版 …
[ok] 但以理书 2章 · 讲解版 (19s, 4235字)
[gen] 但以理书 2章 · 发现版 …
[ok] 但以理书 2章 · 发现版 (14s, 3106字)
[gen] 但以理书 3章 · 讲解版 …
[ok] 但以理书 3章 · 讲解版 (18s, 3624字)
[gen] 但以理书 3章 · 发现版 …
[ok] 但以理书 3章 · 发现版 (11s, 2349字)
[gen] 但以理书 4章 · 讲解版 …
[ok] 但以理书 4章 · 讲解版 (22s, 4962字)
[gen] 但以理书 4章 · 发现版 …
[ok] 但以理书 4章 · 发现版 (16s, 3721字)
[gen] 但以理书 5章 · 讲解版 …
[ok] 但以理书 5章 · 讲解版 (21s, 4544字)
[gen] 但以理书 5章 · 发现版 …
[ok] 但以理书 5章 · 发现版 (16s, 3494字)
[gen] 但以理书 6章 · 讲解版 …
[ok] 但以理书 6章 · 讲解版 (19s, 4183字)
[gen] 但以理书 6章 · 发现版 …
[ok] 但以理书 6章 · 发现版 (12s, 2737字)
[gen] 但以理书 7章 · 讲解版 …
[ok] 但以理书 7章 · 讲解版 (18s, 4036字)
[gen] 但以理书 7章 · 发现版 …
[ok] 但以理书 7章 · 发现版 (14s, 3010字)
[gen] 但以理书 8章 · 讲解版 …
[ok] 但以理书 8章 · 讲解版 (21s, 4912字)
[gen] 但以理书 8章 · 发现版 …
[ok] 但以理书 8章 · 发现版 (15s, 3309字)
[gen] 但以理书 9章 · 讲解版 …
[ok] 但以理书 9章 · 讲解版 (22s, 4714字)
[gen] 但以理书 9章 · 发现版 …
[ok] 但以理书 9章 · 发现版 (16s, 3770字)
[gen] 但以理书 10章 · 讲解版 …
[ok] 但以理书 10章 · 讲解版 (20s, 4686字)
[gen] 但以理书 10章 · 发现版 …
[ok] 但以理书 10章 · 发现版 (13s, 2769字)
[gen] 但以理书 11章 · 讲解版 …
[ok] 但以理书 11章 · 讲解版 (15s, 3360字)
[gen] 但以理书 11章 · 发现版 …
[ok] 但以理书 11章 · 发现版 (18s, 3940字)
[gen] 但以理书 12章 · 讲解版 …
[ok] 但以理书 12章 · 讲解版 (19s, 4330字)
[gen] 但以理书 12章 · 发现版 …
[ok] 但以理书 12章 · 发现版 (13s, 2909字)
[gen] 何西阿书 1章 · 讲解版 …
[ok] 何西阿书 1章 · 讲解版 (19s, 3990字)
[gen] 何西阿书 1章 · 发现版 …
[ok] 何西阿书 1章 · 发现版 (16s, 3430字)
[gen] 何西阿书 2章 · 讲解版 …
[ok] 何西阿书 2章 · 讲解版 (21s, 4634字)
[gen] 何西阿书 2章 · 发现版 …
[ok] 何西阿书 2章 · 发现版 (14s, 3233字)
[gen] 何西阿书 3章 · 讲解版 …
[ok] 何西阿书 3章 · 讲解版 (18s, 3752字)
[gen] 何西阿书 3章 · 发现版 …
[ok] 何西阿书 3章 · 发现版 (12s, 2730字)
[gen] 何西阿书 4章 · 讲解版 …
[ok] 何西阿书 4章 · 讲解版 (20s, 4343字)
[gen] 何西阿书 4章 · 发现版 …
[ok] 何西阿书 4章 · 发现版 (12s, 2840字)
[gen] 何西阿书 5章 · 讲解版 …
[ok] 何西阿书 5章 · 讲解版 (19s, 4300字)
[gen] 何西阿书 5章 · 发现版 …
[ok] 何西阿书 5章 · 发现版 (15s, 3092字)
[gen] 何西阿书 6章 · 讲解版 …
[ok] 何西阿书 6章 · 讲解版 (15s, 3236字)
[gen] 何西阿书 6章 · 发现版 …
[ok] 何西阿书 6章 · 发现版 (13s, 2655字)
[gen] 何西阿书 7章 · 讲解版 …
[ok] 何西阿书 7章 · 讲解版 (19s, 3992字)
[gen] 何西阿书 7章 · 发现版 …
[ok] 何西阿书 7章 · 发现版 (16s, 3359字)
[gen] 何西阿书 8章 · 讲解版 …
[ok] 何西阿书 8章 · 讲解版 (22s, 4657字)
[gen] 何西阿书 8章 · 发现版 …
[ok] 何西阿书 8章 · 发现版 (16s, 3611字)
[gen] 何西阿书 9章 · 讲解版 …
[ok] 何西阿书 9章 · 讲解版 (19s, 4290字)
[gen] 何西阿书 9章 · 发现版 …
[ok] 何西阿书 9章 · 发现版 (13s, 2763字)
[gen] 何西阿书 10章 · 讲解版 …
[ok] 何西阿书 10章 · 讲解版 (17s, 3731字)
[gen] 何西阿书 10章 · 发现版 …
[ok] 何西阿书 10章 · 发现版 (15s, 3321字)
[gen] 何西阿书 11章 · 讲解版 …
[ok] 何西阿书 11章 · 讲解版 (17s, 3693字)
[gen] 何西阿书 11章 · 发现版 …
[ok] 何西阿书 11章 · 发现版 (12s, 2373字)
[gen] 何西阿书 12章 · 讲解版 …
[ok] 何西阿书 12章 · 讲解版 (18s, 3904字)
[gen] 何西阿书 12章 · 发现版 …
[ok] 何西阿书 12章 · 发现版 (14s, 2995字)
[gen] 何西阿书 13章 · 讲解版 …
[ok] 何西阿书 13章 · 讲解版 (17s, 3607字)
[gen] 何西阿书 13章 · 发现版 …
[ok] 何西阿书 13章 · 发现版 (15s, 3048字)
[gen] 何西阿书 14章 · 讲解版 …
[ok] 何西阿书 14章 · 讲解版 (16s, 3474字)
[gen] 何西阿书 14章 · 发现版 …
[ok] 何西阿书 14章 · 发现版 (12s, 2745字)
[gen] 约珥书 1章 · 讲解版 …
[ok] 约珥书 1章 · 讲解版 (19s, 3801字)
[gen] 约珥书 1章 · 发现版 …
[ok] 约珥书 1章 · 发现版 (15s, 3179字)
[gen] 约珥书 2章 · 讲解版 …
[ok] 约珥书 2章 · 讲解版 (20s, 3921字)
[gen] 约珥书 2章 · 发现版 …
[ok] 约珥书 2章 · 发现版 (16s, 3713字)
[gen] 约珥书 3章 · 讲解版 …
[ok] 约珥书 3章 · 讲解版 (19s, 4216字)
[gen] 约珥书 3章 · 发现版 …
[ok] 约珥书 3章 · 发现版 (15s, 3274字)
[gen] 阿摩司书 1章 · 讲解版 …
[ok] 阿摩司书 1章 · 讲解版 (20s, 4136字)
[gen] 阿摩司书 1章 · 发现版 …
[ok] 阿摩司书 1章 · 发现版 (14s, 2971字)
[gen] 阿摩司书 2章 · 讲解版 …
[ok] 阿摩司书 2章 · 讲解版 (16s, 3416字)
[gen] 阿摩司书 2章 · 发现版 …
[ok] 阿摩司书 2章 · 发现版 (14s, 3062字)
[gen] 阿摩司书 3章 · 讲解版 …
[ok] 阿摩司书 3章 · 讲解版 (20s, 4410字)
[gen] 阿摩司书 3章 · 发现版 …
[ok] 阿摩司书 3章 · 发现版 (12s, 2680字)
[gen] 阿摩司书 4章 · 讲解版 …
[ok] 阿摩司书 4章 · 讲解版 (18s, 4099字)
[gen] 阿摩司书 4章 · 发现版 …
[ok] 阿摩司书 4章 · 发现版 (14s, 3270字)
[gen] 阿摩司书 5章 · 讲解版 …
[ok] 阿摩司书 5章 · 讲解版 (19s, 4331字)
[gen] 阿摩司书 5章 · 发现版 …
[ok] 阿摩司书 5章 · 发现版 (13s, 2918字)
[gen] 阿摩司书 6章 · 讲解版 …
[ok] 阿摩司书 6章 · 讲解版 (17s, 3517字)
[gen] 阿摩司书 6章 · 发现版 …
[ok] 阿摩司书 6章 · 发现版 (13s, 2920字)
[gen] 阿摩司书 7章 · 讲解版 …
[ok] 阿摩司书 7章 · 讲解版 (19s, 4071字)
[gen] 阿摩司书 7章 · 发现版 …
[ok] 阿摩司书 7章 · 发现版 (14s, 2998字)
[gen] 阿摩司书 8章 · 讲解版 …
[ok] 阿摩司书 8章 · 讲解版 (18s, 3942字)
[gen] 阿摩司书 8章 · 发现版 …
[ok] 阿摩司书 8章 · 发现版 (15s, 3023字)
[gen] 阿摩司书 9章 · 讲解版 …
[ok] 阿摩司书 9章 · 讲解版 (20s, 4157字)
[gen] 阿摩司书 9章 · 发现版 …
[ok] 阿摩司书 9章 · 发现版 (14s, 3157字)
[gen] 俄巴底亚书 1章 · 讲解版 …
[ok] 俄巴底亚书 1章 · 讲解版 (17s, 3486字)
[gen] 俄巴底亚书 1章 · 发现版 …
[ok] 俄巴底亚书 1章 · 发现版 (13s, 2692字)
[gen] 约拿书 1章 · 讲解版 …
[ok] 约拿书 1章 · 讲解版 (19s, 3881字)
[gen] 约拿书 1章 · 发现版 …
[ok] 约拿书 1章 · 发现版 (11s, 2548字)
[gen] 约拿书 2章 · 讲解版 …
[ok] 约拿书 2章 · 讲解版 (16s, 3431字)
[gen] 约拿书 2章 · 发现版 …
[ok] 约拿书 2章 · 发现版 (11s, 2500字)
[gen] 约拿书 3章 · 讲解版 …
[ok] 约拿书 3章 · 讲解版 (17s, 3757字)
[gen] 约拿书 3章 · 发现版 …
[ok] 约拿书 3章 · 发现版 (13s, 2860字)
[gen] 约拿书 4章 · 讲解版 …
[ok] 约拿书 4章 · 讲解版 (17s, 3717字)
[gen] 约拿书 4章 · 发现版 …
[ok] 约拿书 4章 · 发现版 (14s, 3000字)
[gen] 弥迦书 1章 · 讲解版 …
[ok] 弥迦书 1章 · 讲解版 (19s, 3850字)
[gen] 弥迦书 1章 · 发现版 …
[ok] 弥迦书 1章 · 发现版 (14s, 3131字)
[gen] 弥迦书 2章 · 讲解版 …
[ok] 弥迦书 2章 · 讲解版 (21s, 4212字)
[gen] 弥迦书 2章 · 发现版 …
[ok] 弥迦书 2章 · 发现版 (14s, 3059字)
[gen] 弥迦书 3章 · 讲解版 …
[ok] 弥迦书 3章 · 讲解版 (24s, 5095字)
[gen] 弥迦书 3章 · 发现版 …
[ok] 弥迦书 3章 · 发现版 (12s, 2629字)
[gen] 弥迦书 4章 · 讲解版 …
[ok] 弥迦书 4章 · 讲解版 (21s, 4524字)
[gen] 弥迦书 4章 · 发现版 …
[ok] 弥迦书 4章 · 发现版 (13s, 2933字)
[gen] 弥迦书 5章 · 讲解版 …
[ok] 弥迦书 5章 · 讲解版 (18s, 4025字)
[gen] 弥迦书 5章 · 发现版 …
[ok] 弥迦书 5章 · 发现版 (13s, 3149字)
[gen] 弥迦书 6章 · 讲解版 …
[ok] 弥迦书 6章 · 讲解版 (21s, 4858字)
[gen] 弥迦书 6章 · 发现版 …
[ok] 弥迦书 6章 · 发现版 (12s, 2665字)
[gen] 弥迦书 7章 · 讲解版 …
[ok] 弥迦书 7章 · 讲解版 (18s, 4154字)
[gen] 弥迦书 7章 · 发现版 …
[ok] 弥迦书 7章 · 发现版 (13s, 2992字)
[gen] 那鸿书 1章 · 讲解版 …
[ok] 那鸿书 1章 · 讲解版 (17s, 3983字)
[gen] 那鸿书 1章 · 发现版 …
[ok] 那鸿书 1章 · 发现版 (11s, 2564字)
[gen] 那鸿书 2章 · 讲解版 …
[ok] 那鸿书 2章 · 讲解版 (15s, 3096字)
[gen] 那鸿书 2章 · 发现版 …
[ok] 那鸿书 2章 · 发现版 (13s, 3016字)
[gen] 那鸿书 3章 · 讲解版 …
[ok] 那鸿书 3章 · 讲解版 (20s, 4293字)
[gen] 那鸿书 3章 · 发现版 …
[ok] 那鸿书 3章 · 发现版 (11s, 2466字)
[gen] 哈巴谷书 1章 · 讲解版 …
[ok] 哈巴谷书 1章 · 讲解版 (15s, 3252字)
[gen] 哈巴谷书 1章 · 发现版 …
[ok] 哈巴谷书 1章 · 发现版 (12s, 2745字)
[gen] 哈巴谷书 2章 · 讲解版 …
[ok] 哈巴谷书 2章 · 讲解版 (16s, 3376字)
[gen] 哈巴谷书 2章 · 发现版 …
[ok] 哈巴谷书 2章 · 发现版 (13s, 2943字)
[gen] 哈巴谷书 3章 · 讲解版 …
[ok] 哈巴谷书 3章 · 讲解版 (17s, 3763字)
[gen] 哈巴谷书 3章 · 发现版 …
[ok] 哈巴谷书 3章 · 发现版 (16s, 3796字)
[gen] 西番雅书 1章 · 讲解版 …
[ok] 西番雅书 1章 · 讲解版 (18s, 4160字)
[gen] 西番雅书 1章 · 发现版 …
[ok] 西番雅书 1章 · 发现版 (13s, 2793字)
[gen] 西番雅书 2章 · 讲解版 …
[ok] 西番雅书 2章 · 讲解版 (15s, 3532字)
[gen] 西番雅书 2章 · 发现版 …
[ok] 西番雅书 2章 · 发现版 (14s, 3310字)
[gen] 西番雅书 3章 · 讲解版 …
[ok] 西番雅书 3章 · 讲解版 (16s, 4023字)
[gen] 西番雅书 3章 · 发现版 …
[ok] 西番雅书 3章 · 发现版 (13s, 2939字)
[gen] 哈该书 1章 · 讲解版 …
[ok] 哈该书 1章 · 讲解版 (18s, 4014字)
[gen] 哈该书 1章 · 发现版 …
[ok] 哈该书 1章 · 发现版 (12s, 2941字)
[gen] 哈该书 2章 · 讲解版 …
[ok] 哈该书 2章 · 讲解版 (19s, 4554字)
[gen] 哈该书 2章 · 发现版 …
[ok] 哈该书 2章 · 发现版 (15s, 3520字)
[gen] 撒迦利亚书 1章 · 讲解版 …
[ok] 撒迦利亚书 1章 · 讲解版 (21s, 4662字)
[gen] 撒迦利亚书 1章 · 发现版 …
[ok] 撒迦利亚书 1章 · 发现版 (12s, 3204字)
[gen] 撒迦利亚书 2章 · 讲解版 …
[ok] 撒迦利亚书 2章 · 讲解版 (16s, 3908字)
[gen] 撒迦利亚书 2章 · 发现版 …
[ok] 撒迦利亚书 2章 · 发现版 (11s, 2739字)
[gen] 撒迦利亚书 3章 · 讲解版 …
[ok] 撒迦利亚书 3章 · 讲解版 (16s, 3815字)
[gen] 撒迦利亚书 3章 · 发现版 …
[ok] 撒迦利亚书 3章 · 发现版 (11s, 2671字)
[gen] 撒迦利亚书 4章 · 讲解版 …
[ok] 撒迦利亚书 4章 · 讲解版 (18s, 4491字)
[gen] 撒迦利亚书 4章 · 发现版 …
[ok] 撒迦利亚书 4章 · 发现版 (10s, 2564字)
[gen] 撒迦利亚书 5章 · 讲解版 …
[ok] 撒迦利亚书 5章 · 讲解版 (17s, 4018字)
[gen] 撒迦利亚书 5章 · 发现版 …
[ok] 撒迦利亚书 5章 · 发现版 (15s, 3695字)
[gen] 撒迦利亚书 6章 · 讲解版 …
[ok] 撒迦利亚书 6章 · 讲解版 (16s, 3537字)
[gen] 撒迦利亚书 6章 · 发现版 …
[ok] 撒迦利亚书 6章 · 发现版 (13s, 3067字)
[gen] 撒迦利亚书 7章 · 讲解版 …
[ok] 撒迦利亚书 7章 · 讲解版 (19s, 4544字)
[gen] 撒迦利亚书 7章 · 发现版 …
[ok] 撒迦利亚书 7章 · 发现版 (10s, 2594字)
[gen] 撒迦利亚书 8章 · 讲解版 …
[ok] 撒迦利亚书 8章 · 讲解版 (19s, 4572字)
[gen] 撒迦利亚书 8章 · 发现版 …
[ok] 撒迦利亚书 8章 · 发现版 (14s, 3568字)
[gen] 撒迦利亚书 9章 · 讲解版 …
[ok] 撒迦利亚书 9章 · 讲解版 (18s, 4377字)
[gen] 撒迦利亚书 9章 · 发现版 …
[ok] 撒迦利亚书 9章 · 发现版 (16s, 3464字)
[gen] 撒迦利亚书 10章 · 讲解版 …
[ok] 撒迦利亚书 10章 · 讲解版 (16s, 3416字)
[gen] 撒迦利亚书 10章 · 发现版 …
[ok] 撒迦利亚书 10章 · 发现版 (12s, 2570字)
[gen] 撒迦利亚书 11章 · 讲解版 …
[ok] 撒迦利亚书 11章 · 讲解版 (22s, 4953字)
[gen] 撒迦利亚书 11章 · 发现版 …
[ok] 撒迦利亚书 11章 · 发现版 (14s, 3330字)
[gen] 撒迦利亚书 12章 · 讲解版 …
[ok] 撒迦利亚书 12章 · 讲解版 (20s, 4267字)
[gen] 撒迦利亚书 12章 · 发现版 …
[ok] 撒迦利亚书 12章 · 发现版 (11s, 2392字)
[gen] 撒迦利亚书 13章 · 讲解版 …
[ok] 撒迦利亚书 13章 · 讲解版 (17s, 3818字)
[gen] 撒迦利亚书 13章 · 发现版 …
[ok] 撒迦利亚书 13章 · 发现版 (14s, 3049字)
[gen] 撒迦利亚书 14章 · 讲解版 …
[ok] 撒迦利亚书 14章 · 讲解版 (18s, 3788字)
[gen] 撒迦利亚书 14章 · 发现版 …
[ok] 撒迦利亚书 14章 · 发现版 (13s, 2919字)
[gen] 玛拉基书 1章 · 讲解版 …
[ok] 玛拉基书 1章 · 讲解版 (18s, 3983字)
[gen] 玛拉基书 1章 · 发现版 …
[ok] 玛拉基书 1章 · 发现版 (11s, 2383字)
[gen] 玛拉基书 2章 · 讲解版 …
[ok] 玛拉基书 2章 · 讲解版 (15s, 3174字)
[gen] 玛拉基书 2章 · 发现版 …
[ok] 玛拉基书 2章 · 发现版 (13s, 3147字)
[gen] 玛拉基书 3章 · 讲解版 …
[ok] 玛拉基书 3章 · 讲解版 (20s, 4510字)
[gen] 玛拉基书 3章 · 发现版 …
[ok] 玛拉基书 3章 · 发现版 (16s, 3546字)
[gen] 玛拉基书 4章 · 讲解版 …
[ok] 玛拉基书 4章 · 讲解版 (18s, 3970字)
[gen] 玛拉基书 4章 · 发现版 …
[ok] 玛拉基书 4章 · 发现版 (12s, 2752字)
[gen] 马太福音 1章 · 讲解版 …
[ok] 马太福音 1章 · 讲解版 (18s, 4294字)
[gen] 马太福音 1章 · 发现版 …
[ok] 马太福音 1章 · 发现版 (14s, 3259字)
[gen] 马太福音 2章 · 讲解版 …
[ok] 马太福音 2章 · 讲解版 (15s, 3330字)
[gen] 马太福音 2章 · 发现版 …
[ok] 马太福音 2章 · 发现版 (14s, 3199字)
[gen] 马太福音 3章 · 讲解版 …
[ok] 马太福音 3章 · 讲解版 (20s, 4226字)
[gen] 马太福音 3章 · 发现版 …
[ok] 马太福音 3章 · 发现版 (13s, 3428字)
[gen] 马太福音 4章 · 讲解版 …
[ok] 马太福音 4章 · 讲解版 (18s, 3834字)
[gen] 马太福音 4章 · 发现版 …
[ok] 马太福音 4章 · 发现版 (12s, 3049字)
[gen] 马太福音 5章 · 讲解版 …
[ok] 马太福音 5章 · 讲解版 (16s, 3573字)
[gen] 马太福音 5章 · 发现版 …
[ok] 马太福音 5章 · 发现版 (13s, 3142字)
[gen] 马太福音 6章 · 讲解版 …
[ok] 马太福音 6章 · 讲解版 (15s, 3512字)
[gen] 马太福音 6章 · 发现版 …
[ok] 马太福音 6章 · 发现版 (14s, 3774字)
[gen] 马太福音 7章 · 讲解版 …
[ok] 马太福音 7章 · 讲解版 (16s, 3930字)
[gen] 马太福音 7章 · 发现版 …
[ok] 马太福音 7章 · 发现版 (12s, 3050字)
[gen] 马太福音 8章 · 讲解版 …
[ok] 马太福音 8章 · 讲解版 (18s, 4213字)
[gen] 马太福音 8章 · 发现版 …
[ok] 马太福音 8章 · 发现版 (13s, 3361字)
[gen] 马太福音 9章 · 讲解版 …
[ok] 马太福音 9章 · 讲解版 (15s, 3583字)
[gen] 马太福音 9章 · 发现版 …
[ok] 马太福音 9章 · 发现版 (16s, 4319字)
[gen] 马太福音 10章 · 讲解版 …
[ok] 马太福音 10章 · 讲解版 (22s, 5325字)
[gen] 马太福音 10章 · 发现版 …
[ok] 马太福音 10章 · 发现版 (15s, 3871字)
[gen] 马太福音 11章 · 讲解版 …
[ok] 马太福音 11章 · 讲解版 (16s, 3755字)
[gen] 马太福音 11章 · 发现版 …
[ok] 马太福音 11章 · 发现版 (16s, 4077字)
[gen] 马太福音 12章 · 讲解版 …
[ok] 马太福音 12章 · 讲解版 (18s, 4480字)
[gen] 马太福音 12章 · 发现版 …
[ok] 马太福音 12章 · 发现版 (11s, 2964字)
[gen] 马太福音 13章 · 讲解版 …
[ok] 马太福音 13章 · 讲解版 (19s, 4484字)
[gen] 马太福音 13章 · 发现版 …
[ok] 马太福音 13章 · 发现版 (15s, 4104字)
[gen] 马太福音 14章 · 讲解版 …
[ok] 马太福音 14章 · 讲解版 (16s, 3780字)
[gen] 马太福音 14章 · 发现版 …
[ok] 马太福音 14章 · 发现版 (11s, 2593字)
[gen] 马太福音 15章 · 讲解版 …
[ok] 马太福音 15章 · 讲解版 (17s, 4232字)
[gen] 马太福音 15章 · 发现版 …
[ok] 马太福音 15章 · 发现版 (14s, 3649字)
[gen] 马太福音 16章 · 讲解版 …
[ok] 马太福音 16章 · 讲解版 (16s, 4298字)
[gen] 马太福音 16章 · 发现版 …
[ok] 马太福音 16章 · 发现版 (13s, 3519字)
[gen] 马太福音 17章 · 讲解版 …
[ok] 马太福音 17章 · 讲解版 (16s, 4007字)
[gen] 马太福音 17章 · 发现版 …
[ok] 马太福音 17章 · 发现版 (14s, 3805字)
[gen] 马太福音 18章 · 讲解版 …
[ok] 马太福音 18章 · 讲解版 (17s, 4304字)
[gen] 马太福音 18章 · 发现版 …
[ok] 马太福音 18章 · 发现版 (13s, 3530字)
[gen] 马太福音 19章 · 讲解版 …
[ok] 马太福音 19章 · 讲解版 (16s, 4022字)
[gen] 马太福音 19章 · 发现版 …
[ok] 马太福音 19章 · 发现版 (11s, 2619字)
[gen] 马太福音 20章 · 讲解版 …
[ok] 马太福音 20章 · 讲解版 (16s, 3896字)
[gen] 马太福音 20章 · 发现版 …
[ok] 马太福音 20章 · 发现版 (13s, 3370字)
[gen] 马太福音 21章 · 讲解版 …
[ok] 马太福音 21章 · 讲解版 (14s, 3305字)
[gen] 马太福音 21章 · 发现版 …
[ok] 马太福音 21章 · 发现版 (14s, 3748字)
[gen] 马太福音 22章 · 讲解版 …
[ok] 马太福音 22章 · 讲解版 (17s, 4390字)
[gen] 马太福音 22章 · 发现版 …
[ok] 马太福音 22章 · 发现版 (13s, 3441字)
[gen] 马太福音 23章 · 讲解版 …
[ok] 马太福音 23章 · 讲解版 (17s, 4367字)
[gen] 马太福音 23章 · 发现版 …
[ok] 马太福音 23章 · 发现版 (15s, 3824字)
[gen] 马太福音 24章 · 讲解版 …
[ok] 马太福音 24章 · 讲解版 (14s, 3610字)
[gen] 马太福音 24章 · 发现版 …
[ok] 马太福音 24章 · 发现版 (18s, 4951字)
[gen] 马太福音 25章 · 讲解版 …
[ok] 马太福音 25章 · 讲解版 (14s, 3310字)
[gen] 马太福音 25章 · 发现版 …
[ok] 马太福音 25章 · 发现版 (15s, 3879字)
[gen] 马太福音 26章 · 讲解版 …
[ok] 马太福音 26章 · 讲解版 (19s, 4645字)
[gen] 马太福音 26章 · 发现版 …
[ok] 马太福音 26章 · 发现版 (14s, 3485字)
[gen] 马太福音 27章 · 讲解版 …
[ok] 马太福音 27章 · 讲解版 (15s, 3646字)
[gen] 马太福音 27章 · 发现版 …
[ok] 马太福音 27章 · 发现版 (13s, 3447字)
[gen] 马太福音 28章 · 讲解版 …
[ok] 马太福音 28章 · 讲解版 (16s, 3757字)
[gen] 马太福音 28章 · 发现版 …
[ok] 马太福音 28章 · 发现版 (12s, 2858字)
[gen] 马可福音 1章 · 讲解版 …
[ok] 马可福音 1章 · 讲解版 (18s, 4229字)
[gen] 马可福音 1章 · 发现版 …
[ok] 马可福音 1章 · 发现版 (14s, 3801字)
[gen] 马可福音 2章 · 讲解版 …
[ok] 马可福音 2章 · 讲解版 (18s, 4521字)
[gen] 马可福音 2章 · 发现版 …
[ok] 马可福音 2章 · 发现版 (15s, 3659字)
[gen] 马可福音 3章 · 讲解版 …
[ok] 马可福音 3章 · 讲解版 (22s, 5208字)
[gen] 马可福音 3章 · 发现版 …
[ok] 马可福音 3章 · 发现版 (13s, 3634字)
[gen] 马可福音 4章 · 讲解版 …
[ok] 马可福音 4章 · 讲解版 (16s, 3832字)
[gen] 马可福音 4章 · 发现版 …
[ok] 马可福音 4章 · 发现版 (13s, 3475字)
[gen] 马可福音 5章 · 讲解版 …
[ok] 马可福音 5章 · 讲解版 (18s, 4485字)
[gen] 马可福音 5章 · 发现版 …
[ok] 马可福音 5章 · 发现版 (15s, 3848字)
[gen] 马可福音 6章 · 讲解版 …
[ok] 马可福音 6章 · 讲解版 (16s, 3832字)
[gen] 马可福音 6章 · 发现版 …
[ok] 马可福音 6章 · 发现版 (11s, 2778字)
[gen] 马可福音 7章 · 讲解版 …
[ok] 马可福音 7章 · 讲解版 (17s, 4253字)
[gen] 马可福音 7章 · 发现版 …
[ok] 马可福音 7章 · 发现版 (13s, 3659字)
[gen] 马可福音 8章 · 讲解版 …
[ok] 马可福音 8章 · 讲解版 (16s, 4253字)
[gen] 马可福音 8章 · 发现版 …
[ok] 马可福音 8章 · 发现版 (14s, 3790字)
[gen] 马可福音 9章 · 讲解版 …
[ok] 马可福音 9章 · 讲解版 (15s, 4077字)
[gen] 马可福音 9章 · 发现版 …
[ok] 马可福音 9章 · 发现版 (11s, 3327字)
[gen] 马可福音 10章 · 讲解版 …
[ok] 马可福音 10章 · 讲解版 (15s, 3897字)
[gen] 马可福音 10章 · 发现版 …
[ok] 马可福音 10章 · 发现版 (11s, 3254字)
[gen] 马可福音 11章 · 讲解版 …
[ok] 马可福音 11章 · 讲解版 (18s, 4390字)
[gen] 马可福音 11章 · 发现版 …
[ok] 马可福音 11章 · 发现版 (13s, 3546字)
[gen] 马可福音 12章 · 讲解版 …
[ok] 马可福音 12章 · 讲解版 (16s, 4524字)
[gen] 马可福音 12章 · 发现版 …
[ok] 马可福音 12章 · 发现版 (10s, 2556字)
[gen] 马可福音 13章 · 讲解版 …
[ok] 马可福音 13章 · 讲解版 (17s, 4331字)
[gen] 马可福音 13章 · 发现版 …
[ok] 马可福音 13章 · 发现版 (12s, 3330字)
[gen] 马可福音 14章 · 讲解版 …
[ok] 马可福音 14章 · 讲解版 (15s, 4007字)
[gen] 马可福音 14章 · 发现版 …
[ok] 马可福音 14章 · 发现版 (11s, 2877字)
[gen] 马可福音 15章 · 讲解版 …
[ok] 马可福音 15章 · 讲解版 (15s, 3758字)
[gen] 马可福音 15章 · 发现版 …
[ok] 马可福音 15章 · 发现版 (13s, 3628字)
[gen] 马可福音 16章 · 讲解版 …
[ok] 马可福音 16章 · 讲解版 (15s, 3799字)
[gen] 马可福音 16章 · 发现版 …
[ok] 马可福音 16章 · 发现版 (14s, 3841字)
[gen] 路加福音 1章 · 讲解版 …
[ok] 路加福音 1章 · 讲解版 (18s, 4761字)
[gen] 路加福音 1章 · 发现版 …
[ok] 路加福音 1章 · 发现版 (13s, 3519字)
[gen] 路加福音 2章 · 讲解版 …
[ok] 路加福音 2章 · 讲解版 (17s, 4239字)
[gen] 路加福音 2章 · 发现版 …
[ok] 路加福音 2章 · 发现版 (12s, 3241字)
[gen] 路加福音 3章 · 讲解版 …
[ok] 路加福音 3章 · 讲解版 (14s, 3802字)
[gen] 路加福音 3章 · 发现版 …
[ok] 路加福音 3章 · 发现版 (12s, 3071字)
[gen] 路加福音 4章 · 讲解版 …
[ok] 路加福音 4章 · 讲解版 (19s, 4737字)
[gen] 路加福音 4章 · 发现版 …
[ok] 路加福音 4章 · 发现版 (13s, 3430字)
[gen] 路加福音 5章 · 讲解版 …
[ok] 路加福音 5章 · 讲解版 (15s, 4037字)
[gen] 路加福音 5章 · 发现版 …
[ok] 路加福音 5章 · 发现版 (13s, 3575字)
[gen] 路加福音 6章 · 讲解版 …
[ok] 路加福音 6章 · 讲解版 (12s, 3201字)
[gen] 路加福音 6章 · 发现版 …
[ok] 路加福音 6章 · 发现版 (13s, 3576字)
[gen] 路加福音 7章 · 讲解版 …
[ok] 路加福音 7章 · 讲解版 (17s, 4121字)
[gen] 路加福音 7章 · 发现版 …
[ok] 路加福音 7章 · 发现版 (16s, 4399字)
[gen] 路加福音 8章 · 讲解版 …
[ok] 路加福音 8章 · 讲解版 (15s, 3751字)
[gen] 路加福音 8章 · 发现版 …
[ok] 路加福音 8章 · 发现版 (12s, 3180字)
[gen] 路加福音 9章 · 讲解版 …
[ok] 路加福音 9章 · 讲解版 (17s, 4303字)
[gen] 路加福音 9章 · 发现版 …
[ok] 路加福音 9章 · 发现版 (11s, 2828字)
[gen] 路加福音 10章 · 讲解版 …
[ok] 路加福音 10章 · 讲解版 (13s, 3444字)
[gen] 路加福音 10章 · 发现版 …
[ok] 路加福音 10章 · 发现版 (12s, 3535字)
[gen] 路加福音 11章 · 讲解版 …
[ok] 路加福音 11章 · 讲解版 (16s, 4065字)
[gen] 路加福音 11章 · 发现版 …
[ok] 路加福音 11章 · 发现版 (12s, 3568字)
[gen] 路加福音 12章 · 讲解版 …
[ok] 路加福音 12章 · 讲解版 (15s, 3616字)
[gen] 路加福音 12章 · 发现版 …
[ok] 路加福音 12章 · 发现版 (14s, 3788字)
[gen] 路加福音 13章 · 讲解版 …
[ok] 路加福音 13章 · 讲解版 (16s, 4097字)
[gen] 路加福音 13章 · 发现版 …
[ok] 路加福音 13章 · 发现版 (12s, 3218字)
[gen] 路加福音 14章 · 讲解版 …
[ok] 路加福音 14章 · 讲解版 (13s, 3423字)
[gen] 路加福音 14章 · 发现版 …
[ok] 路加福音 14章 · 发现版 (13s, 3522字)
[gen] 路加福音 15章 · 讲解版 …
[ok] 路加福音 15章 · 讲解版 (14s, 3668字)
[gen] 路加福音 15章 · 发现版 …
[ok] 路加福音 15章 · 发现版 (12s, 3107字)
[gen] 路加福音 16章 · 讲解版 …
[ok] 路加福音 16章 · 讲解版 (14s, 3722字)
[gen] 路加福音 16章 · 发现版 …
[ok] 路加福音 16章 · 发现版 (15s, 4448字)
[gen] 路加福音 17章 · 讲解版 …
[ok] 路加福音 17章 · 讲解版 (18s, 4690字)
[gen] 路加福音 17章 · 发现版 …
[ok] 路加福音 17章 · 发现版 (14s, 4003字)
[gen] 路加福音 18章 · 讲解版 …
[ok] 路加福音 18章 · 讲解版 (16s, 4211字)
[gen] 路加福音 18章 · 发现版 …
[ok] 路加福音 18章 · 发现版 (13s, 3951字)
[gen] 路加福音 19章 · 讲解版 …
[ok] 路加福音 19章 · 讲解版 (17s, 4179字)
[gen] 路加福音 19章 · 发现版 …
[ok] 路加福音 19章 · 发现版 (13s, 3689字)
[gen] 路加福音 20章 · 讲解版 …
[ok] 路加福音 20章 · 讲解版 (17s, 4754字)
[gen] 路加福音 20章 · 发现版 …
[ok] 路加福音 20章 · 发现版 (14s, 4094字)
[gen] 路加福音 21章 · 讲解版 …
[ok] 路加福音 21章 · 讲解版 (16s, 4036字)
[gen] 路加福音 21章 · 发现版 …
[ok] 路加福音 21章 · 发现版 (10s, 2516字)
[gen] 路加福音 22章 · 讲解版 …
[ok] 路加福音 22章 · 讲解版 (16s, 4221字)
[gen] 路加福音 22章 · 发现版 …
[ok] 路加福音 22章 · 发现版 (11s, 3324字)
[gen] 路加福音 23章 · 讲解版 …
[ok] 路加福音 23章 · 讲解版 (15s, 3928字)
[gen] 路加福音 23章 · 发现版 …
[ok] 路加福音 23章 · 发现版 (13s, 3506字)
[gen] 路加福音 24章 · 讲解版 …
[ok] 路加福音 24章 · 讲解版 (16s, 3955字)
[gen] 路加福音 24章 · 发现版 …
[ok] 路加福音 24章 · 发现版 (13s, 3776字)
[gen] 约翰福音 1章 · 讲解版 …
[ok] 约翰福音 1章 · 讲解版 (12s, 3383字)
[gen] 约翰福音 1章 · 发现版 …
[ok] 约翰福音 1章 · 发现版 (9s, 2443字)
[gen] 约翰福音 2章 · 讲解版 …
[ok] 约翰福音 2章 · 讲解版 (15s, 3656字)
[gen] 约翰福音 2章 · 发现版 …
[ok] 约翰福音 2章 · 发现版 (11s, 3110字)
[gen] 约翰福音 3章 · 讲解版 …
[ok] 约翰福音 3章 · 讲解版 (16s, 4063字)
[gen] 约翰福音 3章 · 发现版 …
[ok] 约翰福音 3章 · 发现版 (14s, 3899字)
[gen] 约翰福音 4章 · 讲解版 …
[ok] 约翰福音 4章 · 讲解版 (15s, 3968字)
[gen] 约翰福音 4章 · 发现版 …
[ok] 约翰福音 4章 · 发现版 (11s, 3549字)
[gen] 约翰福音 5章 · 讲解版 …
[ok] 约翰福音 5章 · 讲解版 (17s, 4990字)
[gen] 约翰福音 5章 · 发现版 …
[ok] 约翰福音 5章 · 发现版 (13s, 3447字)
[gen] 约翰福音 6章 · 讲解版 …
[ok] 约翰福音 6章 · 讲解版 (13s, 3581字)
[gen] 约翰福音 6章 · 发现版 …
[ok] 约翰福音 6章 · 发现版 (15s, 4316字)
[gen] 约翰福音 7章 · 讲解版 …
[ok] 约翰福音 7章 · 讲解版 (14s, 3887字)
[gen] 约翰福音 7章 · 发现版 …
[ok] 约翰福音 7章 · 发现版 (15s, 4151字)
[gen] 约翰福音 8章 · 讲解版 …
[ok] 约翰福音 8章 · 讲解版 (21s, 5620字)
[gen] 约翰福音 8章 · 发现版 …
[ok] 约翰福音 8章 · 发现版 (14s, 3926字)
[gen] 约翰福音 9章 · 讲解版 …
[ok] 约翰福音 9章 · 讲解版 (18s, 5051字)
[gen] 约翰福音 9章 · 发现版 …
[ok] 约翰福音 9章 · 发现版 (13s, 3722字)
[gen] 约翰福音 10章 · 讲解版 …
[ok] 约翰福音 10章 · 讲解版 (15s, 3937字)
[gen] 约翰福音 10章 · 发现版 …
[ok] 约翰福音 10章 · 发现版 (11s, 3073字)
[gen] 约翰福音 11章 · 讲解版 …
[ok] 约翰福音 11章 · 讲解版 (17s, 4250字)
[gen] 约翰福音 11章 · 发现版 …
[ok] 约翰福音 11章 · 发现版 (14s, 3726字)
[gen] 约翰福音 12章 · 讲解版 …
[ok] 约翰福音 12章 · 讲解版 (16s, 3895字)
[gen] 约翰福音 12章 · 发现版 …
[ok] 约翰福音 12章 · 发现版 (11s, 2823字)
[gen] 约翰福音 13章 · 讲解版 …
[ok] 约翰福音 13章 · 讲解版 (15s, 4074字)
[gen] 约翰福音 13章 · 发现版 …
[ok] 约翰福音 13章 · 发现版 (12s, 3109字)
[gen] 约翰福音 14章 · 讲解版 …
[ok] 约翰福音 14章 · 讲解版 (16s, 4438字)
[gen] 约翰福音 14章 · 发现版 …
[ok] 约翰福音 14章 · 发现版 (10s, 2649字)
[gen] 约翰福音 15章 · 讲解版 …
[ok] 约翰福音 15章 · 讲解版 (13s, 3475字)
[gen] 约翰福音 15章 · 发现版 …
[ok] 约翰福音 15章 · 发现版 (11s, 3147字)
[gen] 约翰福音 16章 · 讲解版 …
[ok] 约翰福音 16章 · 讲解版 (13s, 4102字)
[gen] 约翰福音 16章 · 发现版 …
[ok] 约翰福音 16章 · 发现版 (11s, 3493字)
[gen] 约翰福音 17章 · 讲解版 …
[ok] 约翰福音 17章 · 讲解版 (14s, 3868字)
[gen] 约翰福音 17章 · 发现版 …
[ok] 约翰福音 17章 · 发现版 (12s, 3501字)
[gen] 约翰福音 18章 · 讲解版 …
[ok] 约翰福音 18章 · 讲解版 (14s, 3856字)
[gen] 约翰福音 18章 · 发现版 …
[ok] 约翰福音 18章 · 发现版 (13s, 3703字)
[gen] 约翰福音 19章 · 讲解版 …
[ok] 约翰福音 19章 · 讲解版 (19s, 4834字)
[gen] 约翰福音 19章 · 发现版 …
[ok] 约翰福音 19章 · 发现版 (11s, 3121字)
[gen] 约翰福音 20章 · 讲解版 …
[ok] 约翰福音 20章 · 讲解版 (16s, 4376字)
[gen] 约翰福音 20章 · 发现版 …
[ok] 约翰福音 20章 · 发现版 (11s, 3141字)
[gen] 约翰福音 21章 · 讲解版 …
[ok] 约翰福音 21章 · 讲解版 (15s, 3594字)
[gen] 约翰福音 21章 · 发现版 …
[ok] 约翰福音 21章 · 发现版 (12s, 3464字)
[gen] 使徒行传 1章 · 讲解版 …
[ok] 使徒行传 1章 · 讲解版 (14s, 3715字)
[gen] 使徒行传 1章 · 发现版 …
[ok] 使徒行传 1章 · 发现版 (10s, 2747字)
[gen] 使徒行传 2章 · 讲解版 …
[ok] 使徒行传 2章 · 讲解版 (15s, 4304字)
[gen] 使徒行传 2章 · 发现版 …
[ok] 使徒行传 2章 · 发现版 (13s, 3603字)
[gen] 使徒行传 3章 · 讲解版 …
[ok] 使徒行传 3章 · 讲解版 (15s, 4083字)
[gen] 使徒行传 3章 · 发现版 …
[ok] 使徒行传 3章 · 发现版 (13s, 3500字)
[gen] 使徒行传 4章 · 讲解版 …
[ok] 使徒行传 4章 · 讲解版 (14s, 3968字)
[gen] 使徒行传 4章 · 发现版 …
[ok] 使徒行传 4章 · 发现版 (14s, 4126字)
[gen] 使徒行传 5章 · 讲解版 …
[ok] 使徒行传 5章 · 讲解版 (16s, 4346字)
[gen] 使徒行传 5章 · 发现版 …
[ok] 使徒行传 5章 · 发现版 (13s, 3745字)
[gen] 使徒行传 6章 · 讲解版 …
[ok] 使徒行传 6章 · 讲解版 (14s, 3578字)
[gen] 使徒行传 6章 · 发现版 …
[ok] 使徒行传 6章 · 发现版 (11s, 3224字)
[gen] 使徒行传 7章 · 讲解版 …
[ok] 使徒行传 7章 · 讲解版 (18s, 4754字)
[gen] 使徒行传 7章 · 发现版 …
[ok] 使徒行传 7章 · 发现版 (10s, 2747字)
[gen] 使徒行传 8章 · 讲解版 …
[ok] 使徒行传 8章 · 讲解版 (18s, 4752字)
[gen] 使徒行传 8章 · 发现版 …
[ok] 使徒行传 8章 · 发现版 (10s, 2748字)
[gen] 使徒行传 9章 · 讲解版 …
[ok] 使徒行传 9章 · 讲解版 (15s, 3826字)
[gen] 使徒行传 9章 · 发现版 …
[ok] 使徒行传 9章 · 发现版 (14s, 3938字)
[gen] 使徒行传 10章 · 讲解版 …
[ok] 使徒行传 10章 · 讲解版 (13s, 3892字)
[gen] 使徒行传 10章 · 发现版 …
[ok] 使徒行传 10章 · 发现版 (11s, 3251字)
[gen] 使徒行传 11章 · 讲解版 …
[ok] 使徒行传 11章 · 讲解版 (13s, 3489字)
[gen] 使徒行传 11章 · 发现版 …
[ok] 使徒行传 11章 · 发现版 (11s, 2851字)
[gen] 使徒行传 12章 · 讲解版 …
[ok] 使徒行传 12章 · 讲解版 (15s, 3919字)
[gen] 使徒行传 12章 · 发现版 …
[ok] 使徒行传 12章 · 发现版 (12s, 3105字)
[gen] 使徒行传 13章 · 讲解版 …
[ok] 使徒行传 13章 · 讲解版 (13s, 3607字)
[gen] 使徒行传 13章 · 发现版 …
[ok] 使徒行传 13章 · 发现版 (12s, 3413字)
[gen] 使徒行传 14章 · 讲解版 …
[ok] 使徒行传 14章 · 讲解版 (18s, 4862字)
[gen] 使徒行传 14章 · 发现版 …
[ok] 使徒行传 14章 · 发现版 (10s, 2732字)
[gen] 使徒行传 15章 · 讲解版 …
[ok] 使徒行传 15章 · 讲解版 (15s, 4258字)
[gen] 使徒行传 15章 · 发现版 …
[ok] 使徒行传 15章 · 发现版 (13s, 3841字)
[gen] 使徒行传 16章 · 讲解版 …
[ok] 使徒行传 16章 · 讲解版 (17s, 4144字)
[gen] 使徒行传 16章 · 发现版 …
[ok] 使徒行传 16章 · 发现版 (12s, 3417字)
[gen] 使徒行传 17章 · 讲解版 …
[ok] 使徒行传 17章 · 讲解版 (15s, 4200字)
[gen] 使徒行传 17章 · 发现版 …
[ok] 使徒行传 17章 · 发现版 (13s, 3506字)
[gen] 使徒行传 18章 · 讲解版 …
[ok] 使徒行传 18章 · 讲解版 (17s, 5026字)
[gen] 使徒行传 18章 · 发现版 …
[ok] 使徒行传 18章 · 发现版 (12s, 3488字)
[gen] 使徒行传 19章 · 讲解版 …
[ok] 使徒行传 19章 · 讲解版 (17s, 4657字)
[gen] 使徒行传 19章 · 发现版 …
[ok] 使徒行传 19章 · 发现版 (11s, 3160字)
[gen] 使徒行传 20章 · 讲解版 …
[ok] 使徒行传 20章 · 讲解版 (17s, 4400字)
[gen] 使徒行传 20章 · 发现版 …
[ok] 使徒行传 20章 · 发现版 (14s, 3525字)
[gen] 使徒行传 21章 · 讲解版 …
[ok] 使徒行传 21章 · 讲解版 (15s, 3984字)
[gen] 使徒行传 21章 · 发现版 …
[ok] 使徒行传 21章 · 发现版 (10s, 2745字)
[gen] 使徒行传 22章 · 讲解版 …
[ok] 使徒行传 22章 · 讲解版 (14s, 3583字)
[gen] 使徒行传 22章 · 发现版 …
[ok] 使徒行传 22章 · 发现版 (10s, 2860字)
[gen] 使徒行传 23章 · 讲解版 …
[ok] 使徒行传 23章 · 讲解版 (19s, 5053字)
[gen] 使徒行传 23章 · 发现版 …
[ok] 使徒行传 23章 · 发现版 (12s, 3317字)
[gen] 使徒行传 24章 · 讲解版 …
[ok] 使徒行传 24章 · 讲解版 (14s, 3583字)
[gen] 使徒行传 24章 · 发现版 …
[ok] 使徒行传 24章 · 发现版 (12s, 3398字)
[gen] 使徒行传 25章 · 讲解版 …
[ok] 使徒行传 25章 · 讲解版 (16s, 4124字)
[gen] 使徒行传 25章 · 发现版 …
[ok] 使徒行传 25章 · 发现版 (11s, 3250字)
[gen] 使徒行传 26章 · 讲解版 …
[ok] 使徒行传 26章 · 讲解版 (15s, 4136字)
[gen] 使徒行传 26章 · 发现版 …
[ok] 使徒行传 26章 · 发现版 (11s, 3108字)
[gen] 使徒行传 27章 · 讲解版 …
[ok] 使徒行传 27章 · 讲解版 (18s, 4760字)
[gen] 使徒行传 27章 · 发现版 …
[ok] 使徒行传 27章 · 发现版 (13s, 3382字)
[gen] 使徒行传 28章 · 讲解版 …
[ok] 使徒行传 28章 · 讲解版 (13s, 3502字)
[gen] 使徒行传 28章 · 发现版 …
[ok] 使徒行传 28章 · 发现版 (14s, 3722字)
[gen] 罗马书 1章 · 讲解版 …
[ok] 罗马书 1章 · 讲解版 (14s, 3889字)
[gen] 罗马书 1章 · 发现版 …
[ok] 罗马书 1章 · 发现版 (13s, 3704字)
[gen] 罗马书 2章 · 讲解版 …
[ok] 罗马书 2章 · 讲解版 (14s, 3457字)
[gen] 罗马书 2章 · 发现版 …
[ok] 罗马书 2章 · 发现版 (8s, 2327字)
[gen] 罗马书 3章 · 讲解版 …
[ok] 罗马书 3章 · 讲解版 (14s, 4080字)
[gen] 罗马书 3章 · 发现版 …
[ok] 罗马书 3章 · 发现版 (11s, 3283字)
[gen] 罗马书 4章 · 讲解版 …
[ok] 罗马书 4章 · 讲解版 (13s, 3802字)
[gen] 罗马书 4章 · 发现版 …
[ok] 罗马书 4章 · 发现版 (10s, 2976字)
[gen] 罗马书 5章 · 讲解版 …
[ok] 罗马书 5章 · 讲解版 (12s, 3320字)
[gen] 罗马书 5章 · 发现版 …
[ok] 罗马书 5章 · 发现版 (10s, 2645字)
[gen] 罗马书 6章 · 讲解版 …
[ok] 罗马书 6章 · 讲解版 (13s, 3825字)
[gen] 罗马书 6章 · 发现版 …
[ok] 罗马书 6章 · 发现版 (9s, 2790字)
[gen] 罗马书 7章 · 讲解版 …
[ok] 罗马书 7章 · 讲解版 (14s, 3740字)
[gen] 罗马书 7章 · 发现版 …
[ok] 罗马书 7章 · 发现版 (11s, 3163字)
[gen] 罗马书 8章 · 讲解版 …
[ok] 罗马书 8章 · 讲解版 (14s, 3783字)
[gen] 罗马书 8章 · 发现版 …
[ok] 罗马书 8章 · 发现版 (12s, 3470字)
[gen] 罗马书 9章 · 讲解版 …
[ok] 罗马书 9章 · 讲解版 (15s, 4380字)
[gen] 罗马书 9章 · 发现版 …
[ok] 罗马书 9章 · 发现版 (13s, 3496字)
[gen] 罗马书 10章 · 讲解版 …
[ok] 罗马书 10章 · 讲解版 (14s, 4030字)
[gen] 罗马书 10章 · 发现版 …
[ok] 罗马书 10章 · 发现版 (13s, 4078字)
[gen] 罗马书 11章 · 讲解版 …
[ok] 罗马书 11章 · 讲解版 (14s, 3884字)
[gen] 罗马书 11章 · 发现版 …
[ok] 罗马书 11章 · 发现版 (12s, 3771字)
[gen] 罗马书 12章 · 讲解版 …
[ok] 罗马书 12章 · 讲解版 (14s, 3714字)
[gen] 罗马书 12章 · 发现版 …
[ok] 罗马书 12章 · 发现版 (13s, 3539字)
[gen] 罗马书 13章 · 讲解版 …
[ok] 罗马书 13章 · 讲解版 (17s, 4483字)
[gen] 罗马书 13章 · 发现版 …
[ok] 罗马书 13章 · 发现版 (11s, 2963字)
[gen] 罗马书 14章 · 讲解版 …
[ok] 罗马书 14章 · 讲解版 (15s, 4764字)
[gen] 罗马书 14章 · 发现版 …
[ok] 罗马书 14章 · 发现版 (10s, 2857字)
[gen] 罗马书 15章 · 讲解版 …
[ok] 罗马书 15章 · 讲解版 (13s, 3532字)
[gen] 罗马书 15章 · 发现版 …
[ok] 罗马书 15章 · 发现版 (13s, 3964字)
[gen] 罗马书 16章 · 讲解版 …
[ok] 罗马书 16章 · 讲解版 (13s, 3327字)
[gen] 罗马书 16章 · 发现版 …
[ok] 罗马书 16章 · 发现版 (13s, 3896字)
[gen] 哥林多前书 1章 · 讲解版 …
[ok] 哥林多前书 1章 · 讲解版 (17s, 4648字)
[gen] 哥林多前书 1章 · 发现版 …
[ok] 哥林多前书 1章 · 发现版 (10s, 2631字)
[gen] 哥林多前书 2章 · 讲解版 …
[ok] 哥林多前书 2章 · 讲解版 (14s, 4114字)
[gen] 哥林多前书 2章 · 发现版 …
[ok] 哥林多前书 2章 · 发现版 (11s, 3245字)
[gen] 哥林多前书 3章 · 讲解版 …
[ok] 哥林多前书 3章 · 讲解版 (17s, 5131字)
[gen] 哥林多前书 3章 · 发现版 …
[ok] 哥林多前书 3章 · 发现版 (14s, 4248字)
[gen] 哥林多前书 4章 · 讲解版 …
[ok] 哥林多前书 4章 · 讲解版 (16s, 4616字)
[gen] 哥林多前书 4章 · 发现版 …
[ok] 哥林多前书 4章 · 发现版 (10s, 2950字)
[gen] 哥林多前书 5章 · 讲解版 …
[ok] 哥林多前书 5章 · 讲解版 (14s, 4174字)
[gen] 哥林多前书 5章 · 发现版 …
[ok] 哥林多前书 5章 · 发现版 (10s, 2859字)
[gen] 哥林多前书 6章 · 讲解版 …
[ok] 哥林多前书 6章 · 讲解版 (16s, 4414字)
[gen] 哥林多前书 6章 · 发现版 …
[ok] 哥林多前书 6章 · 发现版 (10s, 3165字)
[gen] 哥林多前书 7章 · 讲解版 …
[ok] 哥林多前书 7章 · 讲解版 (14s, 3790字)
[gen] 哥林多前书 7章 · 发现版 …
[ok] 哥林多前书 7章 · 发现版 (12s, 3686字)
[gen] 哥林多前书 8章 · 讲解版 …
[ok] 哥林多前书 8章 · 讲解版 (15s, 4252字)
[gen] 哥林多前书 8章 · 发现版 …
[ok] 哥林多前书 8章 · 发现版 (10s, 2895字)
[gen] 哥林多前书 9章 · 讲解版 …
[ok] 哥林多前书 9章 · 讲解版 (13s, 3575字)
[gen] 哥林多前书 9章 · 发现版 …
[ok] 哥林多前书 9章 · 发现版 (9s, 2680字)
[gen] 哥林多前书 10章 · 讲解版 …
[ok] 哥林多前书 10章 · 讲解版 (17s, 4476字)
[gen] 哥林多前书 10章 · 发现版 …
[ok] 哥林多前书 10章 · 发现版 (13s, 3651字)
[gen] 哥林多前书 11章 · 讲解版 …
[ok] 哥林多前书 11章 · 讲解版 (16s, 4492字)
[gen] 哥林多前书 11章 · 发现版 …
[ok] 哥林多前书 11章 · 发现版 (12s, 3579字)
[gen] 哥林多前书 12章 · 讲解版 …
[ok] 哥林多前书 12章 · 讲解版 (15s, 4359字)
[gen] 哥林多前书 12章 · 发现版 …
[ok] 哥林多前书 12章 · 发现版 (11s, 3066字)
[gen] 哥林多前书 13章 · 讲解版 …
[ok] 哥林多前书 13章 · 讲解版 (15s, 4452字)
[gen] 哥林多前书 13章 · 发现版 …
[ok] 哥林多前书 13章 · 发现版 (9s, 2790字)
[gen] 哥林多前书 14章 · 讲解版 …
[ok] 哥林多前书 14章 · 讲解版 (13s, 3662字)
[gen] 哥林多前书 14章 · 发现版 …
[ok] 哥林多前书 14章 · 发现版 (12s, 3798字)
[gen] 哥林多前书 15章 · 讲解版 …
[ok] 哥林多前书 15章 · 讲解版 (15s, 4383字)
[gen] 哥林多前书 15章 · 发现版 …
[ok] 哥林多前书 15章 · 发现版 (11s, 3631字)
[gen] 哥林多前书 16章 · 讲解版 …
[ok] 哥林多前书 16章 · 讲解版 (14s, 4167字)
[gen] 哥林多前书 16章 · 发现版 …
[ok] 哥林多前书 16章 · 发现版 (12s, 3586字)
[gen] 哥林多后书 1章 · 讲解版 …
[ok] 哥林多后书 1章 · 讲解版 (15s, 4327字)
[gen] 哥林多后书 1章 · 发现版 …
[ok] 哥林多后书 1章 · 发现版 (10s, 2817字)
[gen] 哥林多后书 2章 · 讲解版 …
[ok] 哥林多后书 2章 · 讲解版 (13s, 3840字)
[gen] 哥林多后书 2章 · 发现版 …
[ok] 哥林多后书 2章 · 发现版 (10s, 2731字)
[gen] 哥林多后书 3章 · 讲解版 …
[ok] 哥林多后书 3章 · 讲解版 (14s, 4111字)
[gen] 哥林多后书 3章 · 发现版 …
[ok] 哥林多后书 3章 · 发现版 (10s, 2925字)
[gen] 哥林多后书 4章 · 讲解版 …
[ok] 哥林多后书 4章 · 讲解版 (13s, 3706字)
[gen] 哥林多后书 4章 · 发现版 …
[ok] 哥林多后书 4章 · 发现版 (11s, 2993字)
[gen] 哥林多后书 5章 · 讲解版 …
[ok] 哥林多后书 5章 · 讲解版 (13s, 3814字)
[gen] 哥林多后书 5章 · 发现版 …
[ok] 哥林多后书 5章 · 发现版 (12s, 3273字)
[gen] 哥林多后书 6章 · 讲解版 …
[ok] 哥林多后书 6章 · 讲解版 (16s, 4393字)
[gen] 哥林多后书 6章 · 发现版 …
[ok] 哥林多后书 6章 · 发现版 (11s, 3246字)
[gen] 哥林多后书 7章 · 讲解版 …
[ok] 哥林多后书 7章 · 讲解版 (13s, 3546字)
[gen] 哥林多后书 7章 · 发现版 …
[ok] 哥林多后书 7章 · 发现版 (10s, 2990字)
[gen] 哥林多后书 8章 · 讲解版 …
[ok] 哥林多后书 8章 · 讲解版 (13s, 3672字)
[gen] 哥林多后书 8章 · 发现版 …
[ok] 哥林多后书 8章 · 发现版 (10s, 2819字)
[gen] 哥林多后书 9章 · 讲解版 …
[ok] 哥林多后书 9章 · 讲解版 (15s, 4539字)
[gen] 哥林多后书 9章 · 发现版 …
[ok] 哥林多后书 9章 · 发现版 (9s, 2403字)
[gen] 哥林多后书 10章 · 讲解版 …
[ok] 哥林多后书 10章 · 讲解版 (13s, 3975字)
[gen] 哥林多后书 10章 · 发现版 …
[ok] 哥林多后书 10章 · 发现版 (12s, 3454字)
[gen] 哥林多后书 11章 · 讲解版 …
[ok] 哥林多后书 11章 · 讲解版 (15s, 4118字)
[gen] 哥林多后书 11章 · 发现版 …
[ok] 哥林多后书 11章 · 发现版 (13s, 3729字)
[gen] 哥林多后书 12章 · 讲解版 …
[ok] 哥林多后书 12章 · 讲解版 (16s, 4248字)
[gen] 哥林多后书 12章 · 发现版 …
[ok] 哥林多后书 12章 · 发现版 (10s, 2864字)
[gen] 哥林多后书 13章 · 讲解版 …
[ok] 哥林多后书 13章 · 讲解版 (12s, 3532字)
[gen] 哥林多后书 13章 · 发现版 …
[ok] 哥林多后书 13章 · 发现版 (10s, 3184字)
[gen] 加拉太书 1章 · 讲解版 …
[ok] 加拉太书 1章 · 讲解版 (14s, 4129字)
[gen] 加拉太书 1章 · 发现版 …
[ok] 加拉太书 1章 · 发现版 (11s, 3380字)
[gen] 加拉太书 2章 · 讲解版 …
[ok] 加拉太书 2章 · 讲解版 (13s, 4113字)
[gen] 加拉太书 2章 · 发现版 …
[ok] 加拉太书 2章 · 发现版 (12s, 3665字)
[gen] 加拉太书 3章 · 讲解版 …
[ok] 加拉太书 3章 · 讲解版 (12s, 3325字)
[gen] 加拉太书 3章 · 发现版 …
[ok] 加拉太书 3章 · 发现版 (9s, 2711字)
[gen] 加拉太书 4章 · 讲解版 …
[ok] 加拉太书 4章 · 讲解版 (16s, 4525字)
[gen] 加拉太书 4章 · 发现版 …
[ok] 加拉太书 4章 · 发现版 (13s, 3933字)
[gen] 加拉太书 5章 · 讲解版 …
[ok] 加拉太书 5章 · 讲解版 (15s, 4466字)
[gen] 加拉太书 5章 · 发现版 …
[ok] 加拉太书 5章 · 发现版 (11s, 3217字)
[gen] 加拉太书 6章 · 讲解版 …
[ok] 加拉太书 6章 · 讲解版 (16s, 4544字)
[gen] 加拉太书 6章 · 发现版 …
[ok] 加拉太书 6章 · 发现版 (11s, 3204字)
[gen] 以弗所书 1章 · 讲解版 …
[ok] 以弗所书 1章 · 讲解版 (16s, 4576字)
[gen] 以弗所书 1章 · 发现版 …
[ok] 以弗所书 1章 · 发现版 (11s, 3467字)
[gen] 以弗所书 2章 · 讲解版 …
[ok] 以弗所书 2章 · 讲解版 (17s, 4725字)
[gen] 以弗所书 2章 · 发现版 …
[ok] 以弗所书 2章 · 发现版 (10s, 3069字)
[gen] 以弗所书 3章 · 讲解版 …
[ok] 以弗所书 3章 · 讲解版 (16s, 4357字)
[gen] 以弗所书 3章 · 发现版 …
[ok] 以弗所书 3章 · 发现版 (10s, 2799字)
[gen] 以弗所书 4章 · 讲解版 …
[ok] 以弗所书 4章 · 讲解版 (18s, 4861字)
[gen] 以弗所书 4章 · 发现版 …
[ok] 以弗所书 4章 · 发现版 (11s, 3040字)
[gen] 以弗所书 5章 · 讲解版 …
[ok] 以弗所书 5章 · 讲解版 (15s, 4297字)
[gen] 以弗所书 5章 · 发现版 …
[ok] 以弗所书 5章 · 发现版 (14s, 4145字)
[gen] 以弗所书 6章 · 讲解版 …
[ok] 以弗所书 6章 · 讲解版 (13s, 3645字)
[gen] 以弗所书 6章 · 发现版 …
[ok] 以弗所书 6章 · 发现版 (13s, 3433字)
[gen] 腓立比书 1章 · 讲解版 …
[ok] 腓立比书 1章 · 讲解版 (13s, 3639字)
[gen] 腓立比书 1章 · 发现版 …
[ok] 腓立比书 1章 · 发现版 (11s, 3345字)
[gen] 腓立比书 2章 · 讲解版 …
[ok] 腓立比书 2章 · 讲解版 (16s, 4233字)
[gen] 腓立比书 2章 · 发现版 …
[ok] 腓立比书 2章 · 发现版 (10s, 2766字)
[gen] 腓立比书 3章 · 讲解版 …
[ok] 腓立比书 3章 · 讲解版 (16s, 4430字)
[gen] 腓立比书 3章 · 发现版 …
[ok] 腓立比书 3章 · 发现版 (10s, 3032字)
[gen] 腓立比书 4章 · 讲解版 …
[ok] 腓立比书 4章 · 讲解版 (14s, 4047字)
[gen] 腓立比书 4章 · 发现版 …
[ok] 腓立比书 4章 · 发现版 (10s, 2788字)
[gen] 歌罗西书 1章 · 讲解版 …
[ok] 歌罗西书 1章 · 讲解版 (17s, 5219字)
[gen] 歌罗西书 1章 · 发现版 …
[ok] 歌罗西书 1章 · 发现版 (12s, 3510字)
[gen] 歌罗西书 2章 · 讲解版 …
[ok] 歌罗西书 2章 · 讲解版 (16s, 4737字)
[gen] 歌罗西书 2章 · 发现版 …
[ok] 歌罗西书 2章 · 发现版 (11s, 3058字)
[gen] 歌罗西书 3章 · 讲解版 …
[ok] 歌罗西书 3章 · 讲解版 (14s, 4255字)
[gen] 歌罗西书 3章 · 发现版 …
[ok] 歌罗西书 3章 · 发现版 (14s, 4131字)
[gen] 歌罗西书 4章 · 讲解版 …
[ok] 歌罗西书 4章 · 讲解版 (18s, 4915字)
[gen] 歌罗西书 4章 · 发现版 …
[ok] 歌罗西书 4章 · 发现版 (11s, 3092字)
[gen] 帖撒罗尼迦前书 1章 · 讲解版 …
[ok] 帖撒罗尼迦前书 1章 · 讲解版 (15s, 4121字)
[gen] 帖撒罗尼迦前书 1章 · 发现版 …
[ok] 帖撒罗尼迦前书 1章 · 发现版 (9s, 2585字)
[gen] 帖撒罗尼迦前书 2章 · 讲解版 …
[ok] 帖撒罗尼迦前书 2章 · 讲解版 (14s, 4186字)
[gen] 帖撒罗尼迦前书 2章 · 发现版 …
[ok] 帖撒罗尼迦前书 2章 · 发现版 (12s, 3563字)
[gen] 帖撒罗尼迦前书 3章 · 讲解版 …
[ok] 帖撒罗尼迦前书 3章 · 讲解版 (14s, 3693字)
[gen] 帖撒罗尼迦前书 3章 · 发现版 …
[ok] 帖撒罗尼迦前书 3章 · 发现版 (11s, 3203字)
[gen] 帖撒罗尼迦前书 4章 · 讲解版 …
[ok] 帖撒罗尼迦前书 4章 · 讲解版 (14s, 4349字)
[gen] 帖撒罗尼迦前书 4章 · 发现版 …
[ok] 帖撒罗尼迦前书 4章 · 发现版 (11s, 3319字)
[gen] 帖撒罗尼迦前书 5章 · 讲解版 …
[ok] 帖撒罗尼迦前书 5章 · 讲解版 (15s, 4548字)
[gen] 帖撒罗尼迦前书 5章 · 发现版 …
[ok] 帖撒罗尼迦前书 5章 · 发现版 (12s, 3717字)
[gen] 帖撒罗尼迦后书 1章 · 讲解版 …
[ok] 帖撒罗尼迦后书 1章 · 讲解版 (14s, 4214字)
[gen] 帖撒罗尼迦后书 1章 · 发现版 …
[ok] 帖撒罗尼迦后书 1章 · 发现版 (9s, 2793字)
[gen] 帖撒罗尼迦后书 2章 · 讲解版 …
[ok] 帖撒罗尼迦后书 2章 · 讲解版 (15s, 4718字)
[gen] 帖撒罗尼迦后书 2章 · 发现版 …
[ok] 帖撒罗尼迦后书 2章 · 发现版 (9s, 2799字)
[gen] 帖撒罗尼迦后书 3章 · 讲解版 …
[ok] 帖撒罗尼迦后书 3章 · 讲解版 (12s, 3527字)
[gen] 帖撒罗尼迦后书 3章 · 发现版 …
[ok] 帖撒罗尼迦后书 3章 · 发现版 (10s, 2908字)
[gen] 提摩太前书 1章 · 讲解版 …
[ok] 提摩太前书 1章 · 讲解版 (16s, 4453字)
[gen] 提摩太前书 1章 · 发现版 …
[ok] 提摩太前书 1章 · 发现版 (9s, 2759字)
[gen] 提摩太前书 2章 · 讲解版 …
[ok] 提摩太前书 2章 · 讲解版 (14s, 4157字)
[gen] 提摩太前书 2章 · 发现版 …
[ok] 提摩太前书 2章 · 发现版 (11s, 3369字)
[gen] 提摩太前书 3章 · 讲解版 …
[ok] 提摩太前书 3章 · 讲解版 (14s, 4562字)
[gen] 提摩太前书 3章 · 发现版 …
[ok] 提摩太前书 3章 · 发现版 (10s, 3096字)
[gen] 提摩太前书 4章 · 讲解版 …
[ok] 提摩太前书 4章 · 讲解版 (14s, 4068字)
[gen] 提摩太前书 4章 · 发现版 …
[ok] 提摩太前书 4章 · 发现版 (11s, 3109字)
[gen] 提摩太前书 5章 · 讲解版 …
[ok] 提摩太前书 5章 · 讲解版 (13s, 3811字)
[gen] 提摩太前书 5章 · 发现版 …
[ok] 提摩太前书 5章 · 发现版 (9s, 2567字)
[gen] 提摩太前书 6章 · 讲解版 …
[ok] 提摩太前书 6章 · 讲解版 (16s, 4900字)
[gen] 提摩太前书 6章 · 发现版 …
[ok] 提摩太前书 6章 · 发现版 (10s, 2941字)
[gen] 提摩太后书 1章 · 讲解版 …
[ok] 提摩太后书 1章 · 讲解版 (18s, 4541字)
[gen] 提摩太后书 1章 · 发现版 …
[ok] 提摩太后书 1章 · 发现版 (9s, 2648字)
[gen] 提摩太后书 2章 · 讲解版 …
[ok] 提摩太后书 2章 · 讲解版 (13s, 4268字)
[gen] 提摩太后书 2章 · 发现版 …
[ok] 提摩太后书 2章 · 发现版 (11s, 3476字)
[gen] 提摩太后书 3章 · 讲解版 …
[ok] 提摩太后书 3章 · 讲解版 (12s, 3634字)
[gen] 提摩太后书 3章 · 发现版 …
[ok] 提摩太后书 3章 · 发现版 (12s, 3609字)
[gen] 提摩太后书 4章 · 讲解版 …
[ok] 提摩太后书 4章 · 讲解版 (13s, 3668字)
[gen] 提摩太后书 4章 · 发现版 …
[ok] 提摩太后书 4章 · 发现版 (10s, 2868字)
[gen] 提多书 1章 · 讲解版 …
[ok] 提多书 1章 · 讲解版 (16s, 5012字)
[gen] 提多书 1章 · 发现版 …
[ok] 提多书 1章 · 发现版 (9s, 2727字)
[gen] 提多书 2章 · 讲解版 …
[ok] 提多书 2章 · 讲解版 (12s, 3421字)
[gen] 提多书 2章 · 发现版 …
[ok] 提多书 2章 · 发现版 (10s, 2943字)
[gen] 提多书 3章 · 讲解版 …
[ok] 提多书 3章 · 讲解版 (12s, 3826字)
[gen] 提多书 3章 · 发现版 …
[ok] 提多书 3章 · 发现版 (8s, 2393字)
[gen] 腓利门书 1章 · 讲解版 …
[ok] 腓利门书 1章 · 讲解版 (11s, 3333字)
[gen] 腓利门书 1章 · 发现版 …
[ok] 腓利门书 1章 · 发现版 (11s, 3333字)
[gen] 希伯来书 1章 · 讲解版 …
[ok] 希伯来书 1章 · 讲解版 (13s, 3848字)
[gen] 希伯来书 1章 · 发现版 …
[ok] 希伯来书 1章 · 发现版 (10s, 2928字)
[gen] 希伯来书 2章 · 讲解版 …
[ok] 希伯来书 2章 · 讲解版 (11s, 3638字)
[gen] 希伯来书 2章 · 发现版 …
[ok] 希伯来书 2章 · 发现版 (11s, 3514字)
[gen] 希伯来书 3章 · 讲解版 …
[ok] 希伯来书 3章 · 讲解版 (10s, 3002字)
[gen] 希伯来书 3章 · 发现版 …
[ok] 希伯来书 3章 · 发现版 (10s, 2742字)
[gen] 希伯来书 4章 · 讲解版 …
[ok] 希伯来书 4章 · 讲解版 (13s, 3642字)
[gen] 希伯来书 4章 · 发现版 …
[ok] 希伯来书 4章 · 发现版 (9s, 2527字)
[gen] 希伯来书 5章 · 讲解版 …
[ok] 希伯来书 5章 · 讲解版 (13s, 3826字)
[gen] 希伯来书 5章 · 发现版 …
[ok] 希伯来书 5章 · 发现版 (9s, 3018字)
[gen] 希伯来书 6章 · 讲解版 …
[ok] 希伯来书 6章 · 讲解版 (14s, 3956字)
[gen] 希伯来书 6章 · 发现版 …
[ok] 希伯来书 6章 · 发现版 (11s, 3378字)
[gen] 希伯来书 7章 · 讲解版 …
[ok] 希伯来书 7章 · 讲解版 (12s, 3899字)
[gen] 希伯来书 7章 · 发现版 …
[ok] 希伯来书 7章 · 发现版 (10s, 3619字)
[gen] 希伯来书 8章 · 讲解版 …
[ok] 希伯来书 8章 · 讲解版 (12s, 3805字)
[gen] 希伯来书 8章 · 发现版 …
[ok] 希伯来书 8章 · 发现版 (9s, 2882字)
[gen] 希伯来书 9章 · 讲解版 …
[ok] 希伯来书 9章 · 讲解版 (11s, 3420字)
[gen] 希伯来书 9章 · 发现版 …
[ok] 希伯来书 9章 · 发现版 (10s, 3205字)
[gen] 希伯来书 10章 · 讲解版 …
[ok] 希伯来书 10章 · 讲解版 (13s, 3987字)
[gen] 希伯来书 10章 · 发现版 …
[ok] 希伯来书 10章 · 发现版 (9s, 3032字)
[gen] 希伯来书 11章 · 讲解版 …
[ok] 希伯来书 11章 · 讲解版 (14s, 4235字)
[gen] 希伯来书 11章 · 发现版 …
[ok] 希伯来书 11章 · 发现版 (9s, 3068字)
[gen] 希伯来书 12章 · 讲解版 …
[ok] 希伯来书 12章 · 讲解版 (10s, 3197字)
[gen] 希伯来书 12章 · 发现版 …
[ok] 希伯来书 12章 · 发现版 (10s, 2980字)
[gen] 希伯来书 13章 · 讲解版 …
[ok] 希伯来书 13章 · 讲解版 (14s, 4493字)
[gen] 希伯来书 13章 · 发现版 …
[ok] 希伯来书 13章 · 发现版 (12s, 3619字)
[gen] 雅各书 1章 · 讲解版 …
[ok] 雅各书 1章 · 讲解版 (14s, 3974字)
[gen] 雅各书 1章 · 发现版 …
[ok] 雅各书 1章 · 发现版 (11s, 3130字)
[gen] 雅各书 2章 · 讲解版 …
[ok] 雅各书 2章 · 讲解版 (13s, 3988字)
[gen] 雅各书 2章 · 发现版 …
[ok] 雅各书 2章 · 发现版 (9s, 3012字)
[gen] 雅各书 3章 · 讲解版 …
[ok] 雅各书 3章 · 讲解版 (12s, 3438字)
[gen] 雅各书 3章 · 发现版 …
[ok] 雅各书 3章 · 发现版 (10s, 3169字)
[gen] 雅各书 4章 · 讲解版 …
[ok] 雅各书 4章 · 讲解版 (11s, 3236字)
[gen] 雅各书 4章 · 发现版 …
[ok] 雅各书 4章 · 发现版 (11s, 3539字)
[gen] 雅各书 5章 · 讲解版 …
[ok] 雅各书 5章 · 讲解版 (13s, 3478字)
[gen] 雅各书 5章 · 发现版 …
[ok] 雅各书 5章 · 发现版 (11s, 3622字)
[gen] 彼得前书 1章 · 讲解版 …
[ok] 彼得前书 1章 · 讲解版 (16s, 4869字)
[gen] 彼得前书 1章 · 发现版 …
[ok] 彼得前书 1章 · 发现版 (10s, 3071字)
[gen] 彼得前书 2章 · 讲解版 …
[ok] 彼得前书 2章 · 讲解版 (14s, 4137字)
[gen] 彼得前书 2章 · 发现版 …
[ok] 彼得前书 2章 · 发现版 (13s, 4200字)
[gen] 彼得前书 3章 · 讲解版 …
[ok] 彼得前书 3章 · 讲解版 (14s, 4209字)
[gen] 彼得前书 3章 · 发现版 …
[ok] 彼得前书 3章 · 发现版 (12s, 4009字)
[gen] 彼得前书 4章 · 讲解版 …
[ok] 彼得前书 4章 · 讲解版 (12s, 3746字)
[gen] 彼得前书 4章 · 发现版 …
[ok] 彼得前书 4章 · 发现版 (14s, 4442字)
[gen] 彼得前书 5章 · 讲解版 …
[ok] 彼得前书 5章 · 讲解版 (15s, 4507字)
[gen] 彼得前书 5章 · 发现版 …
[ok] 彼得前书 5章 · 发现版 (9s, 3056字)
[gen] 彼得后书 1章 · 讲解版 …
[ok] 彼得后书 1章 · 讲解版 (14s, 4421字)
[gen] 彼得后书 1章 · 发现版 …
[ok] 彼得后书 1章 · 发现版 (10s, 3345字)
[gen] 彼得后书 2章 · 讲解版 …
[ok] 彼得后书 2章 · 讲解版 (13s, 4111字)
[gen] 彼得后书 2章 · 发现版 …
[ok] 彼得后书 2章 · 发现版 (9s, 2866字)
[gen] 彼得后书 3章 · 讲解版 …
[ok] 彼得后书 3章 · 讲解版 (12s, 3789字)
[gen] 彼得后书 3章 · 发现版 …
[ok] 彼得后书 3章 · 发现版 (9s, 2729字)
[gen] 约翰一书 1章 · 讲解版 …
[ok] 约翰一书 1章 · 讲解版 (12s, 3660字)
[gen] 约翰一书 1章 · 发现版 …
[ok] 约翰一书 1章 · 发现版 (9s, 2905字)
[gen] 约翰一书 2章 · 讲解版 …
[ok] 约翰一书 2章 · 讲解版 (16s, 4949字)
[gen] 约翰一书 2章 · 发现版 …
[ok] 约翰一书 2章 · 发现版 (10s, 3425字)
[gen] 约翰一书 3章 · 讲解版 …
[ok] 约翰一书 3章 · 讲解版 (13s, 4003字)
[gen] 约翰一书 3章 · 发现版 …
[ok] 约翰一书 3章 · 发现版 (12s, 3667字)
[gen] 约翰一书 4章 · 讲解版 …
[ok] 约翰一书 4章 · 讲解版 (14s, 4093字)
[gen] 约翰一书 4章 · 发现版 …
[ok] 约翰一书 4章 · 发现版 (12s, 3768字)
[gen] 约翰一书 5章 · 讲解版 …
[ok] 约翰一书 5章 · 讲解版 (17s, 5191字)
[gen] 约翰一书 5章 · 发现版 …
[ok] 约翰一书 5章 · 发现版 (11s, 3834字)
[gen] 约翰二书 1章 · 讲解版 …
[ok] 约翰二书 1章 · 讲解版 (11s, 3390字)
[gen] 约翰二书 1章 · 发现版 …
[ok] 约翰二书 1章 · 发现版 (8s, 2499字)
[gen] 约翰三书 1章 · 讲解版 …
[ok] 约翰三书 1章 · 讲解版 (12s, 3642字)
[gen] 约翰三书 1章 · 发现版 …
[ok] 约翰三书 1章 · 发现版 (11s, 3489字)
[gen] 犹大书 1章 · 讲解版 …
[ok] 犹大书 1章 · 讲解版 (16s, 5232字)
[gen] 犹大书 1章 · 发现版 …
[ok] 犹大书 1章 · 发现版 (8s, 2657字)
[gen] 启示录 1章 · 讲解版 …
[ok] 启示录 1章 · 讲解版 (14s, 4613字)
[gen] 启示录 1章 · 发现版 …
[ok] 启示录 1章 · 发现版 (9s, 2741字)
[gen] 启示录 2章 · 讲解版 …
[ok] 启示录 2章 · 讲解版 (15s, 4424字)
[gen] 启示录 2章 · 发现版 …
[ok] 启示录 2章 · 发现版 (12s, 3543字)
[gen] 启示录 3章 · 讲解版 …
[ok] 启示录 3章 · 讲解版 (13s, 3863字)
[gen] 启示录 3章 · 发现版 …
[ok] 启示录 3章 · 发现版 (11s, 3630字)
[gen] 启示录 4章 · 讲解版 …
[ok] 启示录 4章 · 讲解版 (12s, 3459字)
[gen] 启示录 4章 · 发现版 …
[ok] 启示录 4章 · 发现版 (8s, 2436字)
[gen] 启示录 5章 · 讲解版 …
[ok] 启示录 5章 · 讲解版 (13s, 3701字)
[gen] 启示录 5章 · 发现版 …
[ok] 启示录 5章 · 发现版 (10s, 2653字)
[gen] 启示录 6章 · 讲解版 …
[ok] 启示录 6章 · 讲解版 (19s, 4956字)
[gen] 启示录 6章 · 发现版 …
[ok] 启示录 6章 · 发现版 (12s, 3320字)
[gen] 启示录 7章 · 讲解版 …
[ok] 启示录 7章 · 讲解版 (15s, 4090字)
[gen] 启示录 7章 · 发现版 …
[ok] 启示录 7章 · 发现版 (10s, 3061字)
[gen] 启示录 8章 · 讲解版 …
[ok] 启示录 8章 · 讲解版 (13s, 3451字)
[gen] 启示录 8章 · 发现版 …
[ok] 启示录 8章 · 发现版 (10s, 2936字)
[gen] 启示录 9章 · 讲解版 …
[ok] 启示录 9章 · 讲解版 (16s, 4314字)
[gen] 启示录 9章 · 发现版 …
[ok] 启示录 9章 · 发现版 (11s, 2899字)
[gen] 启示录 10章 · 讲解版 …
[ok] 启示录 10章 · 讲解版 (13s, 3776字)
[gen] 启示录 10章 · 发现版 …
[ok] 启示录 10章 · 发现版 (8s, 2402字)
[gen] 启示录 11章 · 讲解版 …
[ok] 启示录 11章 · 讲解版 (12s, 3709字)
[gen] 启示录 11章 · 发现版 …
[ok] 启示录 11章 · 发现版 (8s, 2663字)
[gen] 启示录 12章 · 讲解版 …
[ok] 启示录 12章 · 讲解版 (16s, 4926字)
[gen] 启示录 12章 · 发现版 …
[ok] 启示录 12章 · 发现版 (10s, 3248字)
[gen] 启示录 13章 · 讲解版 …
[ok] 启示录 13章 · 讲解版 (12s, 3476字)
[gen] 启示录 13章 · 发现版 …
[ok] 启示录 13章 · 发现版 (11s, 3104字)
[gen] 启示录 14章 · 讲解版 …
[ok] 启示录 14章 · 讲解版 (16s, 4973字)
[gen] 启示录 14章 · 发现版 …
[ok] 启示录 14章 · 发现版 (11s, 3162字)
[gen] 启示录 15章 · 讲解版 …
[ok] 启示录 15章 · 讲解版 (15s, 4325字)
[gen] 启示录 15章 · 发现版 …
[ok] 启示录 15章 · 发现版 (10s, 2773字)
[gen] 启示录 16章 · 讲解版 …
[ok] 启示录 16章 · 讲解版 (13s, 3668字)
[gen] 启示录 16章 · 发现版 …
[ok] 启示录 16章 · 发现版 (11s, 3295字)
[gen] 启示录 17章 · 讲解版 …
[ok] 启示录 17章 · 讲解版 (17s, 4717字)
[gen] 启示录 17章 · 发现版 …
[ok] 启示录 17章 · 发现版 (12s, 3813字)
[gen] 启示录 18章 · 讲解版 …
[ok] 启示录 18章 · 讲解版 (14s, 4027字)
[gen] 启示录 18章 · 发现版 …
[ok] 启示录 18章 · 发现版 (12s, 3780字)
[gen] 启示录 19章 · 讲解版 …
[ok] 启示录 19章 · 讲解版 (16s, 4473字)
[gen] 启示录 19章 · 发现版 …
[ok] 启示录 19章 · 发现版 (10s, 3055字)
[gen] 启示录 20章 · 讲解版 …
[ok] 启示录 20章 · 讲解版 (15s, 4890字)
[gen] 启示录 20章 · 发现版 …
[ok] 启示录 20章 · 发现版 (11s, 3523字)
[gen] 启示录 21章 · 讲解版 …
[ok] 启示录 21章 · 讲解版 (13s, 4023字)
[gen] 启示录 21章 · 发现版 …
[ok] 启示录 21章 · 发现版 (10s, 2965字)
[gen] 启示录 22章 · 讲解版 …
[ok] 启示录 22章 · 讲解版 (13s, 3926字)
[gen] 启示录 22章 · 发现版 …
[ok] 启示录 22章 · 发现版 (11s, 3167字)

Done. ok=4864 skipped=521 failed=5 (100%)
Tip: push all to Render: INFO_EDITION_REMOTE_SCP_TARGET='…' npm run info-edition:push-remote
